eb5b9cdf4084d0b6855f2b5006d5c39073ee1308,DELETE,regular-file,Trikeshed/build/libs/Trikeshed-jvm-1.0-SNAPSHOT.jar,617,
a4bfe7b7be633d452344fae4beabdc499b0512db,DELETE,regular-file,build/js/node_modules/@colors/colors/examples/normal-usage.js,2004,
fc664745705f33ddf4a0d13f06042a43e664fbb0,DELETE,regular-file,build/js/node_modules/@colors/colors/examples/safe-string.js,2119,
d9fb08762fde5131c0596e8a7c5d5e1aa0c028ae,DELETE,regular-file,build/js/node_modules/@colors/colors/lib/colors.js,5868,
fbccf88dede0b874820f42b5998a74e4af1676f6,DELETE,regular-file,build/js/node_modules/@colors/colors/lib/custom/trap.js,1677,
0ef2b01195635857a731db75ef9575ef1dd081b0,DELETE,regular-file,build/js/node_modules/@colors/colors/lib/custom/zalgo.js,2890,
46fd386a915a67d53fa8c3beefdf74d6c0ed03bc,DELETE,regular-file,build/js/node_modules/@colors/colors/lib/extendStringPrototype.js,3295,
9df5ab7df3077098a1f0905c46c0ac78da4af404,DELETE,regular-file,build/js/node_modules/@colors/colors/lib/index.js,369,
dc96903328989f5b24419aa5ca2c1b9f5d6438fe,DELETE,regular-file,build/js/node_modules/@colors/colors/lib/maps/america.js,278,
2b00ac0ac998e68958f9d7fdde0b7b4a3335a9c1,DELETE,regular-file,build/js/node_modules/@colors/colors/lib/maps/rainbow.js,311,
3d82a39ec0fab409d5da97842b3dc10dc4b28c50,DELETE,regular-file,build/js/node_modules/@colors/colors/lib/maps/random.js,454,
fa73623544a82cc0e705d35901415f8465f0dc96,DELETE,regular-file,build/js/node_modules/@colors/colors/lib/maps/zebra.js,146,
011dafd8c28f70da4a3cd87ded3acb409a87f58a,DELETE,regular-file,build/js/node_modules/@colors/colors/lib/styles.js,2513,
a347dd4d7a697e10b146852ef12f4d775d5619b0,DELETE,regular-file,build/js/node_modules/@colors/colors/lib/system/has-flag.js,1415,
f1f9c8ff3da284d11f31ee8f519c09b1e758f4ec,DELETE,regular-file,build/js/node_modules/@colors/colors/lib/system/supports-colors.js,4049,
a013d542464854fbc5c72581e5b486f2ef12584f,DELETE,regular-file,build/js/node_modules/@colors/colors/safe.js,248,
63adfe4ac31f9a479f0ff7eba979aeed8ba3813a,DELETE,regular-file,build/js/node_modules/@colors/colors/themes/generic-logging.js,199,
298fbd427c3295a04cd0d7e2fa1c618088867714,DELETE,regular-file,build/js/node_modules/@discoveryjs/json-ext/dist/json-ext.js,26372,
e7e66b7f28ac2c8685025914a1818f5e1966f9c0,DELETE,regular-file,build/js/node_modules/@discoveryjs/json-ext/dist/json-ext.min.js,7563,
3d0dce2d027a3478321bf456875f822c5533a609,DELETE,regular-file,build/js/node_modules/@discoveryjs/json-ext/dist/version.js,25,
ae05057d727bfe0d2477273de6dee9385592cebc,DELETE,regular-file,build/js/node_modules/@discoveryjs/json-ext/src/index.js,202,
87f720945fd750e915d2b981ea2d614c3527688c,DELETE,regular-file,build/js/node_modules/@discoveryjs/json-ext/src/parse-chunked.js,13331,
2678f11a6f1311310bf8e11583cc80b371fe9fcf,DELETE,regular-file,build/js/node_modules/@discoveryjs/json-ext/src/stringify-info.js,6283,
e11ccb65150777a3d773db927a68793f5e7d072c,DELETE,regular-file,build/js/node_modules/@discoveryjs/json-ext/src/stringify-stream-browser.js,76,
4f983a750d10d279809a0d60b1df2390043d3b83,DELETE,regular-file,build/js/node_modules/@discoveryjs/json-ext/src/stringify-stream.js,11271,
11befa2ac8cbdb54ca654d847c41e09ed70a3365,DELETE,regular-file,build/js/node_modules/@discoveryjs/json-ext/src/text-decoder-browser.js,30,
99fa6d5c7c5108c8f6783f189948d8ee7194ce83,DELETE,regular-file,build/js/node_modules/@discoveryjs/json-ext/src/text-decoder.js,46,
b79bc72b878342d70d3824c5532445614dda78f6,DELETE,regular-file,build/js/node_modules/@discoveryjs/json-ext/src/utils.js,3393,
81f6e78b6196ee3d29466c59eb870981ba6e2986,DELETE,regular-file,build/js/node_modules/@discoveryjs/json-ext/src/version.js,53,
3bf18f3ad656a49ea7a498d1d7947a51a3164d1e,DELETE,regular-file,build/js/node_modules/@jridgewell/gen-mapping/dist/gen-mapping.umd.js,10970,
a783049b0136da9128af243b699229e0870aa390,DELETE,regular-file,build/js/node_modules/@jridgewell/resolve-uri/dist/resolve-uri.umd.js,9866,
ab498cc13bbdc07b839460072d97baa08e137e4e,DELETE,regular-file,build/js/node_modules/@jridgewell/set-array/dist/set-array.umd.js,2809,
70594c2a0ffc97aaeb3b681e506d8d6e88b4faf1,DELETE,regular-file,build/js/node_modules/@jridgewell/source-map/dist/source-map.umd.js,50343,
93caf17652fe7b89e117a2c46611db3bd7d5a3d0,DELETE,regular-file,build/js/node_modules/@jridgewell/sourcemap-codec/dist/sourcemap-codec.umd.js,17024,
3be0f36effc2b7168868c203e725ebd11a23b1f2,DELETE,regular-file,build/js/node_modules/@jridgewell/trace-mapping/dist/trace-mapping.umd.js,25530,
c1c3db2bf144a3c32233818d3ba7bc61d61716a2,DELETE,regular-file,build/js/node_modules/@js-joda/core/dist/js-joda.esm.js,401606,
192f7ace662d8c8216bc8ea51c39a0c83a2f70d5,DELETE,regular-file,build/js/node_modules/@js-joda/core/dist/js-joda.flow.js,38271,
a9a9cb90a71ceffbe2a3a24c6cc1e21a278ebe1e,DELETE,regular-file,build/js/node_modules/@js-joda/core/dist/js-joda.js,445405,
a2d29dd192d94997ff88ed6dbe913b099d69b31d,DELETE,regular-file,build/js/node_modules/@js-joda/core/dist/js-joda.min.js,194470,
c5204c695ac930d0467832a9ba19dc8d3f3e98b5,DELETE,regular-file,build/js/node_modules/@js-joda/core/src/Clock.js,10220,
4a647f05005cb0a6daa68e7192fc48e1edf71093,DELETE,regular-file,build/js/node_modules/@js-joda/core/src/DayOfWeek.js,17062,
4a076aa093156339c8ae9083b35464c37f311bc6,DELETE,regular-file,build/js/node_modules/@js-joda/core/src/Duration.js,51867,
294b23663d69ec9ad6d853337215faaceab0221b,DELETE,regular-file,build/js/node_modules/@js-joda/core/src/Enum.js,550,
2f3d6864c8a642a727b83c303b61c13115fe26fd,DELETE,regular-file,build/js/node_modules/@js-joda/core/src/Instant.js,44177,
c54c182db5da84360aa0134133ee2be859ac68cd,DELETE,regular-file,build/js/node_modules/@js-joda/core/src/LocalDate.js,73293,
12f83be456b371929d01dd5c0cc80a635e413d60,DELETE,regular-file,build/js/node_modules/@js-joda/core/src/LocalDateTime.js,76280,
73998d761d5bcd4d2d3d6fc7b004205745349070,DELETE,regular-file,build/js/node_modules/@js-joda/core/src/LocalTime.js,60666,
7f4e47db2511808f678f553dba0d0f87846792d3,DELETE,regular-file,build/js/node_modules/@js-joda/core/src/MathUtil.js,5747,
14b35635818aa973807745f6577d3f1741c8c948,DELETE,regular-file,build/js/node_modules/@js-joda/core/src/Month.js,21427,
3c58cb453ef4d2165feab700a70706c3911ec9c0,DELETE,regular-file,build/js/node_modules/@js-joda/core/src/MonthDay.js,30066,
2506db15f2e537d9b093849ef32d9cd15a4177da,DELETE,regular-file,build/js/node_modules/@js-joda/core/src/OffsetDateTime.js,22036,
a5bea3bdd1dde160e4036e183beb54902c5f8d1f,DELETE,regular-file,build/js/node_modules/@js-joda/core/src/OffsetTime.js,19460,
2d0ec4d874c2d3d1aa576cf5794c7008c573d01a,DELETE,regular-file,build/js/node_modules/@js-joda/core/src/Period.js,36047,
48a3f09159b8f9a9ee2e96267804c0b807ef5582,DELETE,regular-file,build/js/node_modules/@js-joda/core/src/StringUtil.js,887,
3c0ca0bd7dd4d6817182fa82b6cf69a723deb930,DELETE,regular-file,build/js/node_modules/@js-joda/core/src/Year.js,42704,
8b442293599989a0c6d32cc2d38a2638bbcac9f8,DELETE,regular-file,build/js/node_modules/@js-joda/core/src/YearConstants.js,589,
c83d50d2fae8620ba5c202e7ee5ecb91918851bf,DELETE,regular-file,build/js/node_modules/@js-joda/core/src/YearMonth.js,46206,
4617ed2a27325526f4a84d70a204cbf050a2cedd,DELETE,regular-file,build/js/node_modules/@js-joda/core/src/ZoneId.js,9411,
e4bebb7b1df7c71381995cfb3487681b9acaf79b,DELETE,regular-file,build/js/node_modules/@js-joda/core/src/ZoneIdFactory.js,8707,
3cf4c8ae7e46efaaa7ac9abab45db1d43f80c64a,DELETE,regular-file,build/js/node_modules/@js-joda/core/src/ZoneOffset.js,17633,
4f559e2ed5bd477f6ebc467f3cb9c1c005aabf15,DELETE,regular-file,build/js/node_modules/@js-joda/core/src/ZoneRegion.js,2105,
d7ac42722613d18b22c086fd275aeea45611d3db,DELETE,regular-file,build/js/node_modules/@js-joda/core/src/ZonedDateTime.js,92465,
362f96f76685fe4e71b9101dd36b9b91b31dacfd,DELETE,regular-file,build/js/node_modules/@js-joda/core/src/_init.js,2198,
0a26e1ee50e86523bc582c32ab6027030895d719,DELETE,regular-file,build/js/node_modules/@js-joda/core/src/assert.js,1095,
b88c8611ddfcd3b29b21ccba79fd1387b4c70d03,DELETE,regular-file,build/js/node_modules/@js-joda/core/src/chrono/ChronoLocalDate.js,12010,
924dc824eb2f72d8947aee9000a3b3a6028cf429,DELETE,regular-file,build/js/node_modules/@js-joda/core/src/chrono/ChronoLocalDateTime.js,5279,
a792daf96e18bca008f7f9b47532b96319656b60,DELETE,regular-file,build/js/node_modules/@js-joda/core/src/chrono/ChronoZonedDateTime.js,7837,
228927898c3f13e513f28d3e6c3300757d85fffd,DELETE,regular-file,build/js/node_modules/@js-joda/core/src/chrono/IsoChronology.js,13415,
7f9b4c614502783a5bf8c88d2afcec6b901afc2c,DELETE,regular-file,build/js/node_modules/@js-joda/core/src/convert.js,2814,
0e1417c597986cc155757f92e18b6c24572582f2,DELETE,regular-file,build/js/node_modules/@js-joda/core/src/errors.js,2163,
d1c8f914b3b6c4fd6351c4da1e675a6f403a0926,DELETE,regular-file,build/js/node_modules/@js-joda/core/src/format/DateTimeBuilder.js,22701,
4a7173725c8f6c925f9e6432a69ba6cd71258c08,DELETE,regular-file,build/js/node_modules/@js-joda/core/src/format/DateTimeFormatter.js,33431,
bb65484e9db9f92786ee1fe08616934f20175527,DELETE,regular-file,build/js/node_modules/@js-joda/core/src/format/DateTimeFormatterBuilder.js,72496,
867a63d2b9ea4c36c6cfe77eddac536efbf45aec,DELETE,regular-file,build/js/node_modules/@js-joda/core/src/format/DateTimeParseContext.js,8072,
cb552f09be4f64d1e3373e3cf291e155f13d76f4,DELETE,regular-file,build/js/node_modules/@js-joda/core/src/format/DateTimePrintContext.js,3737,
2316997abf134d1a35d4424d072fe4773f032e90,DELETE,regular-file,build/js/node_modules/@js-joda/core/src/format/DecimalStyle.js,3381,
15fbf32daf4d1aee724ae930f6ecbc06d4bd1875,DELETE,regular-file,build/js/node_modules/@js-joda/core/src/format/EnumMap.js,1514,
1522bf017e82cb43106ad8b212899a22de530cba,DELETE,regular-file,build/js/node_modules/@js-joda/core/src/format/ParsePosition.js,620,
828a8af4dae1defd33954a3ac6bda17a4a81cb21,DELETE,regular-file,build/js/node_modules/@js-joda/core/src/format/ResolverStyle.js,3763,
89e8b23d1d18e467a90e6b167d072745a30cbba3,DELETE,regular-file,build/js/node_modules/@js-joda/core/src/format/SignStyle.js,1298,
99298b9d027a51b7a6942a6af001f6c3938e71b8,DELETE,regular-file,build/js/node_modules/@js-joda/core/src/format/StringBuilder.js,873,
bed9e8b9ba079b932dec1257c139077f45b8d24f,DELETE,regular-file,build/js/node_modules/@js-joda/core/src/format/TextStyle.js,3844,
a2c47cf1b7c4f89c11ffb032b2c977523522d9f9,DELETE,regular-file,build/js/node_modules/@js-joda/core/src/format/parser/CharLiteralPrinterParser.js,1171,
b46c814bf0a7ef6573791c3e010b43a85b977685,DELETE,regular-file,build/js/node_modules/@js-joda/core/src/format/parser/CompositePrinterParser.js,2717,
b1cf289f7d334c2c39ddfe0f7905a704db34b980,DELETE,regular-file,build/js/node_modules/@js-joda/core/src/format/parser/FractionPrinterParser.js,6296,
1ffd1abd8297963dd3a78dc394966ede94a1f20b,DELETE,regular-file,build/js/node_modules/@js-joda/core/src/format/parser/NumberPrinterParser.js,13347,
10ec90d107dd8547b94ebc7a8ddbc91314d59dc8,DELETE,regular-file,build/js/node_modules/@js-joda/core/src/format/parser/OffsetIdPrinterParser.js,6632,
f113c065c64346609186643875a8391d9251ffdc,DELETE,regular-file,build/js/node_modules/@js-joda/core/src/format/parser/PadPrinterParserDecorator.js,2687,
9c822f75fb1dd011dd06a51a86d2eeedadbd4588,DELETE,regular-file,build/js/node_modules/@js-joda/core/src/format/parser/SettingsParser.js,1570,
e42323d4b515a4090666865aee99f8685e367344,DELETE,regular-file,build/js/node_modules/@js-joda/core/src/format/parser/StringLiteralPrinterParser.js,984,
82919156110b5d2fde8d1c2955cfb10865b036a8,DELETE,regular-file,build/js/node_modules/@js-joda/core/src/format/parser/ZoneIdPrinterParser.js,7316,
93a904382b30da92b693122f85f322629892c92c,DELETE,regular-file,build/js/node_modules/@js-joda/core/src/js-joda.js,5596,
dd44e587d2064d8b4d7cdd68e0167248456141e0,DELETE,regular-file,build/js/node_modules/@js-joda/core/src/license-preamble.js,257,
1e60ad1456473b23a4dcaa40612006145bf3c2db,DELETE,regular-file,build/js/node_modules/@js-joda/core/src/temporal/ChronoField.js,21530,
a85c45ca60887566c5239452c18d5781cc3432b0,DELETE,regular-file,build/js/node_modules/@js-joda/core/src/temporal/ChronoUnit.js,12897,
478772c78ca24e6dfba1138c1d21734c7997921a,DELETE,regular-file,build/js/node_modules/@js-joda/core/src/temporal/DefaultInterfaceTemporal.js,7394,
685f74a7470e320c86baaed03678d595ab77d080,DELETE,regular-file,build/js/node_modules/@js-joda/core/src/temporal/IsoFields.js,24580,
c2ecdca6f60cf5ce86989a747d9574da5b2b8836,DELETE,regular-file,build/js/node_modules/@js-joda/core/src/temporal/NativeJsTemporal.js,3430,
b5b6dd22e7c4618d0c4eac07b89c35e94b26532e,DELETE,regular-file,build/js/node_modules/@js-joda/core/src/temporal/Temporal.js,20077,
5eda044cb3d5e121b3134bd00c01681c3f2575a3,DELETE,regular-file,build/js/node_modules/@js-joda/core/src/temporal/TemporalAccessor.js,5429,
7693c772ff2f13ca371a752e9ce552e6d49e78fd,DELETE,regular-file,build/js/node_modules/@js-joda/core/src/temporal/TemporalAdjuster.js,3842,
ea5e5ddef556897b5d1e8f42ea7fec6e7d6a55a8,DELETE,regular-file,build/js/node_modules/@js-joda/core/src/temporal/TemporalAdjusters.js,18317,
07e8d9712e96baa3e9f48e381abd7e88a0ce16eb,DELETE,regular-file,build/js/node_modules/@js-joda/core/src/temporal/TemporalAmount.js,7420,
590ae6a013ab5a4990befd04cf8b6ca8f45a1214,DELETE,regular-file,build/js/node_modules/@js-joda/core/src/temporal/TemporalField.js,9901,
4fe6b334e7647d1e0775c2d23507655b0f9828ca,DELETE,regular-file,build/js/node_modules/@js-joda/core/src/temporal/TemporalQueries.js,9753,
3dced0cb1cd32052effc64fbd25f7b13d15403f6,DELETE,regular-file,build/js/node_modules/@js-joda/core/src/temporal/TemporalQueriesFactory.js,2672,
b8551241c9c044d8fe2a5b9d008518f13e8ac8cb,DELETE,regular-file,build/js/node_modules/@js-joda/core/src/temporal/TemporalQuery.js,4416,
06578426b4b8aef846ba00e4050cd22c590b2e1d,DELETE,regular-file,build/js/node_modules/@js-joda/core/src/temporal/TemporalUnit.js,7745,
e5f647ae8492e36a141e0a5f0edd304b1937bfc2,DELETE,regular-file,build/js/node_modules/@js-joda/core/src/temporal/ValueRange.js,9111,
8bbeca88e654668ceeb4323f7b8a89b6090eea9c,DELETE,regular-file,build/js/node_modules/@js-joda/core/src/use.js,416,
51805749b39895d7b75d81e0d2e2227c216ef1a9,DELETE,regular-file,build/js/node_modules/@js-joda/core/src/zone/SystemDefaultZoneId.js,602,
c3c900e68e7f8e94f38dd590d9efc7460a9d7c80,DELETE,regular-file,build/js/node_modules/@js-joda/core/src/zone/SystemDefaultZoneRules.js,4070,
ef2375e7a6c321f78ae8794ed779b6e0cd626ba8,DELETE,regular-file,build/js/node_modules/@js-joda/core/src/zone/ZoneOffsetTransition.js,11002,
ba8d0f1f4ccc6e831d4024f689f02eb23585f937,DELETE,regular-file,build/js/node_modules/@js-joda/core/src/zone/ZoneRules.js,17883,
43e27a433aae417ec28db3f2e29a1699e997defc,DELETE,regular-file,build/js/node_modules/@js-joda/core/src/zone/ZoneRulesProvider.js,979,
e0d5497914911995f7f30e78a46c97758920718d,DELETE,regular-file,build/js/node_modules/@socket.io/component-emitter/lib/cjs/index.js,3363,
b2e5c3f0f010b5b8981f3a5207e364cb5b484ab5,DELETE,regular-file,build/js/node_modules/@socket.io/component-emitter/lib/esm/index.js,3311,
3fcdafbad1adfb2047220b3d102cb883e724c7a1,DELETE,regular-file,build/js/node_modules/@tweenjs/tween.js/dist/tween.amd.js,36160,
1ec97cab9d9f8a50c1f90b6b6e8f3085453de17d,DELETE,regular-file,build/js/node_modules/@tweenjs/tween.js/dist/tween.esm.js,32283,
bffcc54d78fa2e70e20d72ab09cbea06488e47aa,DELETE,regular-file,build/js/node_modules/@tweenjs/tween.js/dist/tween.umd.js,36453,
c6f76c88bb75274db43068d37e39ff20a854815e,DELETE,regular-file,build/js/node_modules/@webassemblyjs/ast/esm/clone.js,80,
c5053c2379f1741cc535c4a7f80fc89c649cfebf,DELETE,regular-file,build/js/node_modules/@webassemblyjs/ast/esm/definitions.js,10998,
17ba19b7b15166e3b5d6af37107d637d023439c4,DELETE,regular-file,build/js/node_modules/@webassemblyjs/ast/esm/index.js,405,
37ceda686d3366a2c13da7a51ecb7ae3bd221d48,DELETE,regular-file,build/js/node_modules/@webassemblyjs/ast/esm/node-helpers.js,2357,
b98c05e937d10d0479363a924ecebd25de911d03,DELETE,regular-file,build/js/node_modules/@webassemblyjs/ast/esm/node-path.js,4360,
d2323d55af1f92b2eb694758afcf4fab60820222,DELETE,regular-file,build/js/node_modules/@webassemblyjs/ast/esm/nodes.js,33630,
3efc4da25b9d74947f48c6512b59465077d08ea7,DELETE,regular-file,build/js/node_modules/@webassemblyjs/ast/esm/signatures.js,6880,
aaca41a59f847b096222f2259aeeb2f0b7ae374c,DELETE,regular-file,build/js/node_modules/@webassemblyjs/ast/esm/transform/ast-module-to-module-context/index.js,9593,
26891f9d18312c0654198a28770433b6995310ac,DELETE,regular-file,build/js/node_modules/@webassemblyjs/ast/esm/transform/denormalize-type-references/index.js,1982,
b9c0023061e77b67fcac9daf5296332a180a99be,DELETE,regular-file,build/js/node_modules/@webassemblyjs/ast/esm/transform/wast-identifier-to-index/index.js,8016,
328dc09d3d1c524c6492001f639ad1fcd3c94c67,DELETE,regular-file,build/js/node_modules/@webassemblyjs/ast/esm/traverse.js,2411,
e69de29bb2d1d6434b8b29ae775ad8c2e48c5391,DELETE,regular-file,build/js/node_modules/@webassemblyjs/ast/esm/types/basic.js,0,
e69de29bb2d1d6434b8b29ae775ad8c2e48c5391,DELETE,regular-file,build/js/node_modules/@webassemblyjs/ast/esm/types/nodes.js,0,
e69de29bb2d1d6434b8b29ae775ad8c2e48c5391,DELETE,regular-file,build/js/node_modules/@webassemblyjs/ast/esm/types/traverse.js,0,
bf9ee9ae8d759bfd36a70d5961c4985eea28b78f,DELETE,regular-file,build/js/node_modules/@webassemblyjs/ast/esm/utils.js,8609,
a27218b46741d512358634a90573beda2536efdf,DELETE,regular-file,build/js/node_modules/@webassemblyjs/ast/lib/clone.js,185,
83a838ca775ad5d4b8f8fe667ba8e7e6ba731379,DELETE,regular-file,build/js/node_modules/@webassemblyjs/ast/lib/definitions.js,11013,
03c21dd8f6d66b397a84916e5aa7c99711af36bb,DELETE,regular-file,build/js/node_modules/@webassemblyjs/ast/lib/index.js,3112,
73c5959490fb493ca0fd12677d6ee6ed63700394,DELETE,regular-file,build/js/node_modules/@webassemblyjs/ast/lib/node-helpers.js,2856,
d7650a2a9b2cd6a0cc86653d45b997511518051e,DELETE,regular-file,build/js/node_modules/@webassemblyjs/ast/lib/node-path.js,4467,
3fb4b634dd07ee008bedd0bea89c811b7d3ac4d0,DELETE,regular-file,build/js/node_modules/@webassemblyjs/ast/lib/nodes.js,42099,
5afc62fd02e367765bb82705f77443cb894f6649,DELETE,regular-file,build/js/node_modules/@webassemblyjs/ast/lib/signatures.js,7016,
470ebee03c9156f0359e5d74fe674e0f22d0144f,DELETE,regular-file,build/js/node_modules/@webassemblyjs/ast/lib/transform/ast-module-to-module-context/index.js,9800,
3258f84d8de84fcae31f0da37d5e57e1b7fda042,DELETE,regular-file,build/js/node_modules/@webassemblyjs/ast/lib/transform/denormalize-type-references/index.js,2087,
8ab591bdc462415138b4f4802cba650c55b4dbd7,DELETE,regular-file,build/js/node_modules/@webassemblyjs/ast/lib/transform/wast-identifier-to-index/index.js,8263,
86803cec49cb8c26baaf50685f74d5f72d4418a4,DELETE,regular-file,build/js/node_modules/@webassemblyjs/ast/lib/traverse.js,2515,
9a390c31f71bc7eae1522a280a2dc8f6723185bf,DELETE,regular-file,build/js/node_modules/@webassemblyjs/ast/lib/types/basic.js,13,
9a390c31f71bc7eae1522a280a2dc8f6723185bf,DELETE,regular-file,build/js/node_modules/@webassemblyjs/ast/lib/types/nodes.js,13,
9a390c31f71bc7eae1522a280a2dc8f6723185bf,DELETE,regular-file,build/js/node_modules/@webassemblyjs/ast/lib/types/traverse.js,13,
87de15ed56dd68b08fb3a76d6b3409ff158b67b3,DELETE,regular-file,build/js/node_modules/@webassemblyjs/ast/lib/utils.js,10599,
88bff018e04e86249a9f90276b5209abf621d2d1,DELETE,regular-file,build/js/node_modules/@webassemblyjs/ast/scripts/generateNodeUtils.js,5444,
3f6a9d160b59a55702fe06ab0d8455d2797eedc3,DELETE,regular-file,build/js/node_modules/@webassemblyjs/ast/scripts/generateTypeDefinitions.js,1154,
7581535583da0be5493c64cc80f2392cfd0db5bb,DELETE,regular-file,build/js/node_modules/@webassemblyjs/ast/scripts/util.js,810,
d8d858d39e53104786e6ffe24ba2ff7ea8248631,DELETE,regular-file,build/js/node_modules/@webassemblyjs/floating-point-hex-parser/esm/index.js,1175,
96b3bd14983d78d2cef384a214cab58379b4e079,DELETE,regular-file,build/js/node_modules/@webassemblyjs/floating-point-hex-parser/lib/index.js,1269,
1839e11bc502e9379f9258975468494f770dd16b,DELETE,regular-file,build/js/node_modules/@webassemblyjs/helper-api-error/esm/index.js,4753,
759482ded6d5b55910bb65deffa3d28429648ef5,DELETE,regular-file,build/js/node_modules/@webassemblyjs/helper-api-error/lib/index.js,4997,
8cea6b3e07e411685d62bd5569adf1c09fc59d88,DELETE,regular-file,build/js/node_modules/@webassemblyjs/helper-buffer/esm/compare.js,1302,
9ade8d5775ffda844af7566a21ffebbe708603fe,DELETE,regular-file,build/js/node_modules/@webassemblyjs/helper-buffer/esm/index.js,3090,
b30dc071b496a6822d037ae1c7ab3d3106bb2215,DELETE,regular-file,build/js/node_modules/@webassemblyjs/helper-buffer/lib/compare.js,1428,
022907c7c52d604c886bc8387d5dbb0fcba62292,DELETE,regular-file,build/js/node_modules/@webassemblyjs/helper-buffer/lib/index.js,3275,
8b33bd35aa89540be269fe32229f8583396a10bb,DELETE,regular-file,build/js/node_modules/@webassemblyjs/helper-numbers/esm/index.js,2637,
76604047b33cdeee8dc9283537335e4c0b393567,DELETE,regular-file,build/js/node_modules/@webassemblyjs/helper-numbers/lib/index.js,3185,
773402e4d3fa642f8f7a2a76f18183b061f1c4af,DELETE,regular-file,build/js/node_modules/@webassemblyjs/helper-numbers/src/index.js,2901,
1dc03cb5bb33ebe2982f59a5a412864bbbc2c4f0,DELETE,regular-file,build/js/node_modules/@webassemblyjs/helper-wasm-bytecode/esm/index.js,15606,
abdc4cf76778adcefe01fb8975489de1e7450fe1,DELETE,regular-file,build/js/node_modules/@webassemblyjs/helper-wasm-bytecode/esm/section.js,515,
7390d66de519bc3c9a8b0cadb6ff35176d54a32d,DELETE,regular-file,build/js/node_modules/@webassemblyjs/helper-wasm-bytecode/lib/index.js,15883,
23f6b2b9e6b51c9a956533ae6c249094e26327e3,DELETE,regular-file,build/js/node_modules/@webassemblyjs/helper-wasm-bytecode/lib/section.js,636,
124b861972da27a779c5c449b1b76cfc1dace650,DELETE,regular-file,build/js/node_modules/@webassemblyjs/helper-wasm-section/esm/create.js,3323,
91afb0a15830adf1f49c0fe9afb60f4665886ceb,DELETE,regular-file,build/js/node_modules/@webassemblyjs/helper-wasm-section/esm/index.js,161,
3ed85a0bb330ec44b2f41208739a5891a22ab2c0,DELETE,regular-file,build/js/node_modules/@webassemblyjs/helper-wasm-section/esm/remove.js,1330,
9792078302a7a98cb5114366b6c7828623a0ba78,DELETE,regular-file,build/js/node_modules/@webassemblyjs/helper-wasm-section/esm/resize.js,2900,
f2856aef6709441a9bab685b4aaa2695ae571fbe,DELETE,regular-file,build/js/node_modules/@webassemblyjs/helper-wasm-section/lib/create.js,4821,
3c7963c4304dd3fd54495f7847e269de5dc2f022,DELETE,regular-file,build/js/node_modules/@webassemblyjs/helper-wasm-section/lib/index.js,773,
008f5d69cd91d52225c79f82761f2a1d52dfab4c,DELETE,regular-file,build/js/node_modules/@webassemblyjs/helper-wasm-section/lib/remove.js,1447,
524cacb9c42cd9138cfdc0e8f934cc983146ff50,DELETE,regular-file,build/js/node_modules/@webassemblyjs/helper-wasm-section/lib/resize.js,3135,
76ec6153e970b71ef4978a95b062c29472b56dfd,DELETE,regular-file,build/js/node_modules/@webassemblyjs/ieee754/esm/index.js,1006,
187ea69b1986289e20cdc0835c31bc5811f102c4,DELETE,regular-file,build/js/node_modules/@webassemblyjs/ieee754/lib/index.js,1558,
585eb054394a2316763d6882be1e1d881c5241c2,DELETE,regular-file,build/js/node_modules/@webassemblyjs/ieee754/src/index.js,1133,
4c763cd33c9ae61c28a672fad5d39831bf932ca5,DELETE,regular-file,build/js/node_modules/@webassemblyjs/leb128/esm/bits.js,3536,
51fb55414906bf727d6bcff00549f9e34ffc7b9f,DELETE,regular-file,build/js/node_modules/@webassemblyjs/leb128/esm/bufs.js,4915,
7ee23fafafb1e02fd97dd6ff6efa315b7643c5ea,DELETE,regular-file,build/js/node_modules/@webassemblyjs/leb128/esm/index.js,932,
adeac141f87eb57fa06aea296a0e608daf4047d0,DELETE,regular-file,build/js/node_modules/@webassemblyjs/leb128/esm/leb.js,7961,
5acf24604ad7efaf0f78f2004acaee35ac5d39b8,DELETE,regular-file,build/js/node_modules/@webassemblyjs/leb128/lib/bits.js,3687,
9480292ea348d4815006bd3d3f296082234d53ec,DELETE,regular-file,build/js/node_modules/@webassemblyjs/leb128/lib/bufs.js,5145,
c9c7481cf985d34d277687b51db4fc8dad9846a9,DELETE,regular-file,build/js/node_modules/@webassemblyjs/leb128/lib/index.js,1593,
7339c1b6672998594d58b65789b5abd706df75db,DELETE,regular-file,build/js/node_modules/@webassemblyjs/leb128/lib/leb.js,9819,
787cabbb4e0e78ae4fa4aea8306523b16a408182,DELETE,regular-file,build/js/node_modules/@webassemblyjs/utf8/esm/decoder.js,1315,
f7aab09b875067f6558293358c4e9cffabcb48bf,DELETE,regular-file,build/js/node_modules/@webassemblyjs/utf8/esm/encoder.js,2444,
2e31357aa171f65bb95cda6ce2d7a7297299f1fe,DELETE,regular-file,build/js/node_modules/@webassemblyjs/utf8/esm/index.js,71,
305a2b6ebbf58d95701c0606eb3d33c3a94c5433,DELETE,regular-file,build/js/node_modules/@webassemblyjs/utf8/lib/decoder.js,1414,
5ed0f03d44ece9c088f8bcbd463729158c0888de,DELETE,regular-file,build/js/node_modules/@webassemblyjs/utf8/lib/encoder.js,2543,
fef9470173995f1c7262e5d9678ebf35827f6890,DELETE,regular-file,build/js/node_modules/@webassemblyjs/utf8/lib/index.js,401,
de80d1252e39c2e0d08f18459e2f91d884c96b4f,DELETE,regular-file,build/js/node_modules/@webassemblyjs/utf8/src/decoder.js,1357,
b17951fd2a68754609f4fe7e321fb3a233cc63c0,DELETE,regular-file,build/js/node_modules/@webassemblyjs/utf8/src/encoder.js,716,
82cf9a70124d057f906c1363a90c03e1c1666abd,DELETE,regular-file,build/js/node_modules/@webassemblyjs/utf8/src/index.js,82,
dabdc6cab54ec2b25d4321ddecfd2f2e92599109,DELETE,regular-file,build/js/node_modules/@webassemblyjs/utf8/test/index.js,363,
e4c68ce5b87c8453339c9e8c9019584cdcefd274,DELETE,regular-file,build/js/node_modules/@webassemblyjs/wasm-edit/esm/apply.js,10125,
347be0cd8857ee8286ae194614147f59655e861a,DELETE,regular-file,build/js/node_modules/@webassemblyjs/wasm-edit/esm/index.js,4370,
cdb6d1bc8f7f1919429ac9de9d5e470c4ddbc32a,DELETE,regular-file,build/js/node_modules/@webassemblyjs/wasm-edit/lib/apply.js,10567,
02f6c5e0d9545678bc1215bfcb7f805bc061e61f,DELETE,regular-file,build/js/node_modules/@webassemblyjs/wasm-edit/lib/index.js,6194,
3d921a0e9e3dc2aba839257657d387393d2436e2,DELETE,regular-file,build/js/node_modules/@webassemblyjs/wasm-gen/esm/encoder/index.js,9371,
83bc19faead104ba89ac2e89fa28419e4d7d185d,DELETE,regular-file,build/js/node_modules/@webassemblyjs/wasm-gen/esm/index.js,1500,
94972d19d2c187539d6ca05076952ee22ef63581,DELETE,regular-file,build/js/node_modules/@webassemblyjs/wasm-gen/lib/encoder/index.js,12163,
e3ce78cc3ca98097ceec3190d836e571468548b2,DELETE,regular-file,build/js/node_modules/@webassemblyjs/wasm-gen/lib/index.js,3214,
f52d4abc4d6ec1c4d0904f7de7a71306af45998c,DELETE,regular-file,build/js/node_modules/@webassemblyjs/wasm-opt/esm/index.js,4717,
3150c9eccdbda11e1d5a0c7a7d742cd4d9f5ae51,DELETE,regular-file,build/js/node_modules/@webassemblyjs/wasm-opt/esm/leb128.js,1494,
6409f0c6ca94e25a909fb854eac9084e6559917b,DELETE,regular-file,build/js/node_modules/@webassemblyjs/wasm-opt/lib/index.js,4828,
e4a0e85d439d93a18442f30834545f443dcac18d,DELETE,regular-file,build/js/node_modules/@webassemblyjs/wasm-opt/lib/leb128.js,1652,
ed40ba9340bee62a62e5aa8f2d2d91e99061377c,DELETE,regular-file,build/js/node_modules/@webassemblyjs/wasm-parser/esm/decoder.js,58725,
c7e2064d0526eb2b47cae36d6ea2a61413780ebc,DELETE,regular-file,build/js/node_modules/@webassemblyjs/wasm-parser/esm/index.js,6338,
e69de29bb2d1d6434b8b29ae775ad8c2e48c5391,DELETE,regular-file,build/js/node_modules/@webassemblyjs/wasm-parser/esm/types/decoder.js,0,
4abc90ae1d0db204ef61c26e18a25ac7f7b0f5b7,DELETE,regular-file,build/js/node_modules/@webassemblyjs/wasm-parser/lib/decoder.js,61552,
fc9cbcb05ebeb40950b4bc5cf678d449fad6f374,DELETE,regular-file,build/js/node_modules/@webassemblyjs/wasm-parser/lib/index.js,8014,
9a390c31f71bc7eae1522a280a2dc8f6723185bf,DELETE,regular-file,build/js/node_modules/@webassemblyjs/wasm-parser/lib/types/decoder.js,13,
03b5d9ee20ed58dd2a77980865c8cd3ff3d44f6c,DELETE,regular-file,build/js/node_modules/@webassemblyjs/wast-printer/esm/index.js,18584,
2e4dfaf9483c1579ccdb524e34e49894a1b44485,DELETE,regular-file,build/js/node_modules/@webassemblyjs/wast-printer/lib/index.js,18889,
f9b5b79f8375d5f3ef34a8ec6130d78a88927577,DELETE,regular-file,build/js/node_modules/@webpack-cli/configtest/lib/index.js,2128,
1702ed0e3d39a4a993d1eb52ff91608d43cc343b,DELETE,regular-file,build/js/node_modules/@webpack-cli/info/lib/index.js,537,
788fb1e9d7f93682a6b64d680aad67cacd07a05d,DELETE,regular-file,build/js/node_modules/@webpack-cli/serve/lib/index.js,8655,
46b7381f93e6c142358f3dfc4436e90bab8aeac5,DELETE,regular-file,build/js/node_modules/@xtuc/ieee754/dist/index.cjs.js,2184,
f294ac06b6cdfe3d72e9af7fd3ea79d6dc295067,DELETE,regular-file,build/js/node_modules/@xtuc/ieee754/index.js,2056,
71370a744b4a3063de081a8d1d559acd595e379a,DELETE,regular-file,build/js/node_modules/@xtuc/long/dist/long.js,10421,
e16857a10980d991cc0cf2604deffbabe1aff755,DELETE,regular-file,build/js/node_modules/@xtuc/long/index.js,40,
e1dfd57808670eec46fc0e33abced381878667d0,DELETE,regular-file,build/js/node_modules/@xtuc/long/src/long.js,41411,
e9b2f63fb16f8ecdeb16c8eced302612794ccf65,DELETE,regular-file,build/js/node_modules/accepts/index.js,5252,
4788264b16c9f2282bba539529577ed31920425d,DELETE,regular-file,build/js/node_modules/accepts/node_modules/negotiator/index.js,2451,
cdd014803474a4b76b981c475a32ebcaa81a36e5,DELETE,regular-file,build/js/node_modules/accepts/node_modules/negotiator/lib/charset.js,3081,
8432cd77b8a96940b87d747dbb30ee9c2d065a31,DELETE,regular-file,build/js/node_modules/accepts/node_modules/negotiator/lib/encoding.js,3506,
a23167252719be841ad570eb655a703a4ae8fe9e,DELETE,regular-file,build/js/node_modules/accepts/node_modules/negotiator/lib/language.js,3409,
67309dd75f1b62cfe90bfa622919fdae8b80bc0b,DELETE,regular-file,build/js/node_modules/accepts/node_modules/negotiator/lib/mediaType.js,5358,
4331dcff82f303c6b01cb8c75cc113ab9a6e5c82,DELETE,regular-file,build/js/node_modules/acorn-import-attributes/lib/index.js,10482,
b39dfd0c4bdaef6db0ad72449f630839588ff40d,DELETE,regular-file,build/js/node_modules/acorn-import-attributes/src/index.js,9400,
cb5628bf83cf0bcb63514b797a38e0442c383ea8,DELETE,regular-file,build/js/node_modules/acorn/dist/acorn.js,241575,
c7d9b9f8ed88fe31b242cc3b443bc8c1759a183a,DELETE,regular-file,build/js/node_modules/acorn/dist/bin.js,3329,
e345121b9573a8eaff76c66d2e167e64f0b1c78d,DELETE,regular-file,build/js/node_modules/ajv-formats/dist/formats.js,10870,
5db64fec301c82bdaef7b95d6d7886654cf29c12,DELETE,regular-file,build/js/node_modules/ajv-formats/dist/index.js,1498,
7f6c7fdc8ccbb65e92410eea8fe1b482e44b753e,DELETE,regular-file,build/js/node_modules/ajv-formats/dist/limit.js,2850,
21d4aa46834fd43950ed1b32c7d52b3bc93c7954,DELETE,regular-file,build/js/node_modules/ajv-keywords/dist/definitions/_range.js,869,
27dd2ffbfca3ea4db8b63b284456968c3929a4dd,DELETE,regular-file,build/js/node_modules/ajv-keywords/dist/definitions/_required.js,708,
6e5dd982bb9e15e9f5697a7a38156185da9e2a1a,DELETE,regular-file,build/js/node_modules/ajv-keywords/dist/definitions/_types.js,111,
f8d1045cc7ed4e4ed2681947cdc4bd1d0555cfd9,DELETE,regular-file,build/js/node_modules/ajv-keywords/dist/definitions/_util.js,773,
c2a6803fafc6049aa26f1e0a92ccd23135d2f3ae,DELETE,regular-file,build/js/node_modules/ajv-keywords/dist/definitions/allRequired.js,605,
0870ce39e53517fe982e90e5801b896397fcb747,DELETE,regular-file,build/js/node_modules/ajv-keywords/dist/definitions/anyRequired.js,423,
a567d7b91d94ecaeba96e5b49e419e268398b5cc,DELETE,regular-file,build/js/node_modules/ajv-keywords/dist/definitions/deepProperties.js,1748,
2aa8bbfc8a1bda0ab7ab886ea0a7ee88082871e8,DELETE,regular-file,build/js/node_modules/ajv-keywords/dist/definitions/deepRequired.js,1230,
eada65ef9753c5760fbe36c847a1f392a68f878a,DELETE,regular-file,build/js/node_modules/ajv-keywords/dist/definitions/dynamicDefaults.js,2854,
cee3febb94e2223c6df984991e4b5c084bf81e1c,DELETE,regular-file,build/js/node_modules/ajv-keywords/dist/definitions/exclusiveRange.js,420,
94ae44e8c4313f5123b14fc870ed88b9ece2ae18,DELETE,regular-file,build/js/node_modules/ajv-keywords/dist/definitions/index.js,1893,
034fb6419c9107c57f3316c1cc0711932c4708db,DELETE,regular-file,build/js/node_modules/ajv-keywords/dist/definitions/instanceof.js,1579,
ae46c30cc52bc6517391414886b1f6a484c1ac1c,DELETE,regular-file,build/js/node_modules/ajv-keywords/dist/definitions/oneRequired.js,423,
ca24e642f27eb64b324848939f8171f61b49cfed,DELETE,regular-file,build/js/node_modules/ajv-keywords/dist/definitions/patternRequired.js,1604,
9a497460d5aa106f37a77cf8c9ae6724299111cf,DELETE,regular-file,build/js/node_modules/ajv-keywords/dist/definitions/prohibited.js,673,
aa75c51b9add3a6dbdbc87f47727a79355e257e5,DELETE,regular-file,build/js/node_modules/ajv-keywords/dist/definitions/range.js,402,
b3c5a7cc18cc0c8be94109d5a8c23ad77dc8d693,DELETE,regular-file,build/js/node_modules/ajv-keywords/dist/definitions/regexp.js,1316,
bce677bf88a206ae08137c8f707679799cf8b77f,DELETE,regular-file,build/js/node_modules/ajv-keywords/dist/definitions/select.js,2758,
17128de40368dccfb506db1f15537cc66a5e46e4,DELETE,regular-file,build/js/node_modules/ajv-keywords/dist/definitions/transform.js,3070,
5bb2b02028adafc995e93b8021fc538bbf9c4093,DELETE,regular-file,build/js/node_modules/ajv-keywords/dist/definitions/typeof.js,892,
1758209a74a6f63d72a0fe05c17c35794c8c772c,DELETE,regular-file,build/js/node_modules/ajv-keywords/dist/definitions/uniqueItemProperties.js,2531,
d0d3d8b2bbe6885cbe7f9d8af00681a17a6aec4a,DELETE,regular-file,build/js/node_modules/ajv-keywords/dist/index.js,985,
aaf65637757b8f3c7f571eadfaa94e605419bda9,DELETE,regular-file,build/js/node_modules/ajv-keywords/dist/keywords/allRequired.js,469,
700dc0daaf000c79f77646c28de43680db7b0954,DELETE,regular-file,build/js/node_modules/ajv-keywords/dist/keywords/anyRequired.js,469,
bd207d8bba575f9c0f6141e2c6eeef8945ba43c3,DELETE,regular-file,build/js/node_modules/ajv-keywords/dist/keywords/deepProperties.js,500,
2077831640ae43078f119b259bd7dba123068e62,DELETE,regular-file,build/js/node_modules/ajv-keywords/dist/keywords/deepRequired.js,476,
3df22076cdbf2d74e702cab84c1bc711f4973aa3,DELETE,regular-file,build/js/node_modules/ajv-keywords/dist/keywords/dynamicDefaults.js,497,
5788996fe0420e72e26bbe7d6770efeba9e7e85f,DELETE,regular-file,build/js/node_modules/ajv-keywords/dist/keywords/exclusiveRange.js,490,
d2b7d86a9f5d4703d998ab8b23824cbb2bfb403b,DELETE,regular-file,build/js/node_modules/ajv-keywords/dist/keywords/index.js,2024,
e5e2784d7c98e5dd2d444450fd511c48212b2043,DELETE,regular-file,build/js/node_modules/ajv-keywords/dist/keywords/instanceof.js,480,
c62e1ebdbeb746a2e5a279f2a1c799774d488445,DELETE,regular-file,build/js/node_modules/ajv-keywords/dist/keywords/oneRequired.js,469,
fc6a1ab6ea14d895749b44cb195c49c9b3c3c706,DELETE,regular-file,build/js/node_modules/ajv-keywords/dist/keywords/patternRequired.js,497,
08414f917ba3800de9705829d3fe2b78314790ca,DELETE,regular-file,build/js/node_modules/ajv-keywords/dist/keywords/prohibited.js,462,
915f28d9e1b15e1f3368f11736b7bfc2e1d6ca4e,DELETE,regular-file,build/js/node_modules/ajv-keywords/dist/keywords/range.js,427,
7eb75832f7b92bc8d51107307531a1dcbd950d6e,DELETE,regular-file,build/js/node_modules/ajv-keywords/dist/keywords/regexp.js,434,
eff7205cae69987152862165043dd51999c11cdb,DELETE,regular-file,build/js/node_modules/ajv-keywords/dist/keywords/select.js,487,
bdf9ef1d87f2a736987ab88dab63ec2b25342cd5,DELETE,regular-file,build/js/node_modules/ajv-keywords/dist/keywords/transform.js,455,
6cabc3affe9852c9061b9c33961f0c059bc0ccf3,DELETE,regular-file,build/js/node_modules/ajv-keywords/dist/keywords/typeof.js,452,
a638fcc482fde03fe54bc967f8fcc7693c594fd6,DELETE,regular-file,build/js/node_modules/ajv-keywords/dist/keywords/uniqueItemProperties.js,532,
0d578d5d51e51a3e03b8a69f0eea05c3a3d8913a,DELETE,regular-file,build/js/node_modules/ajv/.runkit_example.js,496,
bad415cc2cc55ebd392e59f9988e00f9af65325f,DELETE,regular-file,build/js/node_modules/ajv/dist/2019.js,3188,
b3fe71cb83414dab13fba69b1ce6526426ac038b,DELETE,regular-file,build/js/node_modules/ajv/dist/2020.js,2894,
8eecf1bea7979d28682960a45abb1af0e90e6708,DELETE,regular-file,build/js/node_modules/ajv/dist/ajv.js,2841,
f9ea5259a70b0e2517885fe9504f8abb9603e7c6,DELETE,regular-file,build/js/node_modules/ajv/dist/compile/codegen/code.js,4676,
a6c805af14539cf6180f2536992ce13a8a4d0615,DELETE,regular-file,build/js/node_modules/ajv/dist/compile/codegen/index.js,23127,
4bc7794e3215d7b22edd0b43a7d5ee7d034d801b,DELETE,regular-file,build/js/node_modules/ajv/dist/compile/codegen/scope.js,5198,
24d721d80e17418eaf298fbced2aac260ac7bb24,DELETE,regular-file,build/js/node_modules/ajv/dist/compile/errors.js,5771,
9e42a55880d77f51c4b21c92bee27a88b98cac4d,DELETE,regular-file,build/js/node_modules/ajv/dist/compile/index.js,10046,
8fc94fd0eae5349e3513ce79e3f2ba1a3ffbdc6a,DELETE,regular-file,build/js/node_modules/ajv/dist/compile/jtd/parse.js,13727,
341c50078a07361c50496a94a113d08f198160b5,DELETE,regular-file,build/js/node_modules/ajv/dist/compile/jtd/serialize.js,8962,
b9c60a90fdd7ff01af7ea51ccf0fdfe39459bc3f,DELETE,regular-file,build/js/node_modules/ajv/dist/compile/jtd/types.js,291,
3bce5aaa9a63cdbdab5e10e3dc053fcccffede1b,DELETE,regular-file,build/js/node_modules/ajv/dist/compile/names.js,1440,
3916dec8a369a8df657b94c9e79d41a588c805fe,DELETE,regular-file,build/js/node_modules/ajv/dist/compile/ref_error.js,543,
f12f968dc07d94a435186b32108551f4d429f23a,DELETE,regular-file,build/js/node_modules/ajv/dist/compile/resolve.js,5006,
82a591ff4dbdd8cec80b533c6df9854403162f29,DELETE,regular-file,build/js/node_modules/ajv/dist/compile/rules.js,918,
73c87c854d2a8f61483e7a15ba186f81e72d1bc4,DELETE,regular-file,build/js/node_modules/ajv/dist/compile/util.js,7103,
6187dbbeeebb3f9a1b3f74cba4b669685a6d49f0,DELETE,regular-file,build/js/node_modules/ajv/dist/compile/validate/applicability.js,853,
8eeb7b5eee3d137c0f85b4a9405bca8181e60f19,DELETE,regular-file,build/js/node_modules/ajv/dist/compile/validate/boolSchema.js,1531,
6d03e0dc0ee4b009c075f037940dbe7b41004c90,DELETE,regular-file,build/js/node_modules/ajv/dist/compile/validate/dataType.js,8409,
cd9c42d9aa4a49adda2c844d2e1f9386e626399e,DELETE,regular-file,build/js/node_modules/ajv/dist/compile/validate/defaults.js,1448,
0d683322abf18fc5b418bf776dc53f00a49e00ed,DELETE,regular-file,build/js/node_modules/ajv/dist/compile/validate/index.js,20552,
1109d3a4519ead22d62104f47151377d5f78299c,DELETE,regular-file,build/js/node_modules/ajv/dist/compile/validate/keyword.js,5695,
9de2828690d6c41170d734c66b1a214cb0b9925c,DELETE,regular-file,build/js/node_modules/ajv/dist/compile/validate/subschema.js,3858,
7e30c83af91b622a2740478f5624531660c4ed83,DELETE,regular-file,build/js/node_modules/ajv/dist/core.js,25185,
1a3baaf2e3d22043b646b0bde93e05bb0c4ba40a,DELETE,regular-file,build/js/node_modules/ajv/dist/jtd.js,3360,
e86496282031e75f3204b290ad24ae152ce4f243,DELETE,regular-file,build/js/node_modules/ajv/dist/refs/json-schema-2019-09/index.js,938,
d92567564fedbbb77772b660d422ea160780aa6c,DELETE,regular-file,build/js/node_modules/ajv/dist/refs/json-schema-2020-12/index.js,1026,
1ee940afb219a10c546c549416d0fee429e38b35,DELETE,regular-file,build/js/node_modules/ajv/dist/refs/jtd-schema.js,2882,
774bba05af0aad577fa2a92dc37a0456cce1a318,DELETE,regular-file,build/js/node_modules/ajv/dist/runtime/equal.js,286,
eaa28381821023729c2517babf0d84cb75685470,DELETE,regular-file,build/js/node_modules/ajv/dist/runtime/parseJson.js,5401,
ebf78f70d2dc092127212ff4f02aa4ea4670e25b,DELETE,regular-file,build/js/node_modules/ajv/dist/runtime/quote.js,943,
4b1ee2537011636a87574668f7f234e92049e3b1,DELETE,regular-file,build/js/node_modules/ajv/dist/runtime/re2.js,213,
5e0f06564bf0fdd752e4553ff5570fba96c1ebd2,DELETE,regular-file,build/js/node_modules/ajv/dist/runtime/timestamp.js,1536,
92ea0c08a2e4de486bfc52a3807c6c258b63b725,DELETE,regular-file,build/js/node_modules/ajv/dist/runtime/ucs2length.js,808,
bbd2f05244d65c1f0e5bfe0f2dc2a71ab2348a9c,DELETE,regular-file,build/js/node_modules/ajv/dist/runtime/uri.js,218,
353502c089d058921f7cb0723541ccbfa42d45b9,DELETE,regular-file,build/js/node_modules/ajv/dist/runtime/validation_error.js,337,
b44bb5db5c25b72748e6304e15ac588d3e4562a5,DELETE,regular-file,build/js/node_modules/ajv/dist/standalone/index.js,4480,
35e5c9925adc331db1d484d6827d8c87abfb09ac,DELETE,regular-file,build/js/node_modules/ajv/dist/standalone/instance.js,1015,
aa219d8f2aa44dc7fe6633d1ecf87ab5354ab072,DELETE,regular-file,build/js/node_modules/ajv/dist/types/index.js,110,
2d8f98dc53425514b26d17480dd402e69f42a9f7,DELETE,regular-file,build/js/node_modules/ajv/dist/types/json-schema.js,116,
11338aa8a8f30657f58c6a0a18573e6d24e04545,DELETE,regular-file,build/js/node_modules/ajv/dist/types/jtd-schema.js,115,
608d51eb6a0b21cb29bca281e8259933c1d867b1,DELETE,regular-file,build/js/node_modules/ajv/dist/vocabularies/applicator/additionalItems.js,1931,
1d3374bb7650abeaa5037f7495cc14e141e89a39,DELETE,regular-file,build/js/node_modules/ajv/dist/vocabularies/applicator/additionalProperties.js,4309,
1b1ae737611479c5f3ce00300629a91810658bbc,DELETE,regular-file,build/js/node_modules/ajv/dist/vocabularies/applicator/allOf.js,756,
66cfce2cc573f7158a165643694e0c89f1794a2c,DELETE,regular-file,build/js/node_modules/ajv/dist/vocabularies/applicator/anyOf.js,343,
6c5473f5d9b486b774494033b97978b3c42ca0d4,DELETE,regular-file,build/js/node_modules/ajv/dist/vocabularies/applicator/contains.js,3680,
e81f86d1d9e25ef44ff6f096e1a9238a6f05b38e,DELETE,regular-file,build/js/node_modules/ajv/dist/vocabularies/applicator/dependencies.js,3198,
66ef2e843fcb393be81058fdb7ec7c66eb7e0a89,DELETE,regular-file,build/js/node_modules/ajv/dist/vocabularies/applicator/dependentSchemas.js,354,
2c42a3e9c56e0801c71681c38fcf0823c4e2d251,DELETE,regular-file,build/js/node_modules/ajv/dist/vocabularies/applicator/if.js,2438,
cf592f2795ef281098834ec11f21634bc3b75a13,DELETE,regular-file,build/js/node_modules/ajv/dist/vocabularies/applicator/index.js,1529,
26f527bc69d233b0ae732531a73383191c2318d7,DELETE,regular-file,build/js/node_modules/ajv/dist/vocabularies/applicator/items.js,1993,
f2387d7d206f67c44532ae1179e20c714db9f96a,DELETE,regular-file,build/js/node_modules/ajv/dist/vocabularies/applicator/items2020.js,1037,
89f6fddacf261c7ddb4a40094040239dba77b060,DELETE,regular-file,build/js/node_modules/ajv/dist/vocabularies/applicator/not.js,773,
441db2ac0b178f6297de1fbf85a4d0c1cd79a90e,DELETE,regular-file,build/js/node_modules/ajv/dist/vocabularies/applicator/oneOf.js,2257,
48501c6e33e3c492b927ecfc02fb990651ab1b3d,DELETE,regular-file,build/js/node_modules/ajv/dist/vocabularies/applicator/patternProperties.js,3236,
727bc23ce0a575ca888c53fc3094e50eb3c74af7,DELETE,regular-file,build/js/node_modules/ajv/dist/vocabularies/applicator/prefixItems.js,354,
7347358e29e2f7e6cb7c5f27d6bd381e03fb7c7b,DELETE,regular-file,build/js/node_modules/ajv/dist/vocabularies/applicator/properties.js,2153,
f3871152de3cee3702b476e823569e324b50b237,DELETE,regular-file,build/js/node_modules/ajv/dist/vocabularies/applicator/propertyNames.js,1221,
1ae6390215cdd6091eb76c82df786e15950dbb47,DELETE,regular-file,build/js/node_modules/ajv/dist/vocabularies/applicator/thenElse.js,446,
8cb899324c1ab57aab07a1cda647f609b47a30a6,DELETE,regular-file,build/js/node_modules/ajv/dist/vocabularies/code.js,6216,
313598aab87eb681dad117567c6ce375839c797f,DELETE,regular-file,build/js/node_modules/ajv/dist/vocabularies/core/id.js,267,
87656d7436f4ff9bf4d366a4762a5e3b5845ed96,DELETE,regular-file,build/js/node_modules/ajv/dist/vocabularies/core/index.js,357,
bac1ae853fc0ae14da87693976bb3f205dd0df22,DELETE,regular-file,build/js/node_modules/ajv/dist/vocabularies/core/ref.js,5234,
e113aed7015c2ab1170fd9b337ce36750269c79a,DELETE,regular-file,build/js/node_modules/ajv/dist/vocabularies/discriminator/index.js,4845,
edf4da5ed1b1fa767be171113574e5354342b485,DELETE,regular-file,build/js/node_modules/ajv/dist/vocabularies/discriminator/types.js,308,
23d244aed1e154bc80c292cfdc1bf509d42e3c3d,DELETE,regular-file,build/js/node_modules/ajv/dist/vocabularies/draft2020.js,762,
1e993de0ecea2f52dd26d0d9273cdccf0bc0de91,DELETE,regular-file,build/js/node_modules/ajv/dist/vocabularies/draft7.js,557,
972dc35c4b053b850592ded106465c4e4901ce8a,DELETE,regular-file,build/js/node_modules/ajv/dist/vocabularies/dynamic/dynamicAnchor.js,1261,
9f010a0df422b96b35d84db149aed28c126c3687,DELETE,regular-file,build/js/node_modules/ajv/dist/vocabularies/dynamic/dynamicRef.js,1985,
f2388a7571c900d3875e48ba04337ffe453f1ae4,DELETE,regular-file,build/js/node_modules/ajv/dist/vocabularies/dynamic/index.js,457,
9fd8323535f9f06d5373ade2c7bd8107568305b0,DELETE,regular-file,build/js/node_modules/ajv/dist/vocabularies/dynamic/recursiveAnchor.js,522,
8cd5c696906dfd0f86a90ee3bc46cbcf99159a81,DELETE,regular-file,build/js/node_modules/ajv/dist/vocabularies/dynamic/recursiveRef.js,325,
d4d3fba00293596f6c2251c585ed1763cdcfb8cd,DELETE,regular-file,build/js/node_modules/ajv/dist/vocabularies/errors.js,111,
aa667c1ef13ead4b14f523464fed67cf6f2eb04e,DELETE,regular-file,build/js/node_modules/ajv/dist/vocabularies/format/format.js,4317,
d19023d24525c8826c752d69833e0681be48f75f,DELETE,regular-file,build/js/node_modules/ajv/dist/vocabularies/format/index.js,209,
e7074d2794c19cd19ed6271243d6f7d32013be4a,DELETE,regular-file,build/js/node_modules/ajv/dist/vocabularies/jtd/discriminator.js,2785,
9b8fb548a4fe23c058bf517459dfef9a872b59b5,DELETE,regular-file,build/js/node_modules/ajv/dist/vocabularies/jtd/elements.js,949,
78b01ee3762fb487e500c060be12c73dcf3f122c,DELETE,regular-file,build/js/node_modules/ajv/dist/vocabularies/jtd/enum.js,1745,
1a3920a7e5a02e24ceb98aa8f06fd0be15162758,DELETE,regular-file,build/js/node_modules/ajv/dist/vocabularies/jtd/error.js,893,
18f40ab7a81c87959088f152ae0dd003cc466bac,DELETE,regular-file,build/js/node_modules/ajv/dist/vocabularies/jtd/index.js,962,
eeb3c91cda634c31c284dd8ef945a193ad864b05,DELETE,regular-file,build/js/node_modules/ajv/dist/vocabularies/jtd/metadata.js,810,
8c92d2cde3da68273f89a6160bf5aed01363e628,DELETE,regular-file,build/js/node_modules/ajv/dist/vocabularies/jtd/nullable.js,859,
fe272758f56556501c82f61e8194ab7392aa7e0e,DELETE,regular-file,build/js/node_modules/ajv/dist/vocabularies/jtd/optionalProperties.js,436,
f4e9de4587aac1b88f944dc1aa44506a3db63cdc,DELETE,regular-file,build/js/node_modules/ajv/dist/vocabularies/jtd/properties.js,6320,
b7c6b02d758f7ce25c907c33b98f83960202b0b1,DELETE,regular-file,build/js/node_modules/ajv/dist/vocabularies/jtd/ref.js,2648,
17a0b510792f9429beb3a2bca7d9c77835e1baa1,DELETE,regular-file,build/js/node_modules/ajv/dist/vocabularies/jtd/type.js,2706,
01a943994a350d85a6b57c160d5c90e7b76f29d3,DELETE,regular-file,build/js/node_modules/ajv/dist/vocabularies/jtd/union.js,343,
3c2c95f55d9aff34de651ccd2669167feb91b729,DELETE,regular-file,build/js/node_modules/ajv/dist/vocabularies/jtd/values.js,1838,
f07bf28b5a0e6c26a13ac290c85271f12b3357ee,DELETE,regular-file,build/js/node_modules/ajv/dist/vocabularies/metadata.js,427,
c861b32433810eefc4bceb247d7c5df99ef1c78e,DELETE,regular-file,build/js/node_modules/ajv/dist/vocabularies/next.js,433,
30e316748de25fb205cac868baef8da8e262a388,DELETE,regular-file,build/js/node_modules/ajv/dist/vocabularies/unevaluated/index.js,350,
0a0cd3aa4fdef840586d786a76c2af32d3524115,DELETE,regular-file,build/js/node_modules/ajv/dist/vocabularies/unevaluated/unevaluatedItems.js,1588,
ad298499f28a97e1e79da81d6de6049aebd58e87,DELETE,regular-file,build/js/node_modules/ajv/dist/vocabularies/unevaluated/unevaluatedProperties.js,2608,
9564496a658fc6a46552d174984446d8c79fc1db,DELETE,regular-file,build/js/node_modules/ajv/dist/vocabularies/validation/const.js,852,
09e59639fcc92c28099edb23323f7f896bd68edf,DELETE,regular-file,build/js/node_modules/ajv/dist/vocabularies/validation/dependentRequired.js,403,
eab6487e991d78f9e01839b4ac5655f61af171f6,DELETE,regular-file,build/js/node_modules/ajv/dist/vocabularies/validation/enum.js,1901,
7b56b4e45359da1f1d087455b2c7133cf048815b,DELETE,regular-file,build/js/node_modules/ajv/dist/vocabularies/validation/index.js,1036,
c884dae4bb298f47dad51eb74872fe0f7dd01c96,DELETE,regular-file,build/js/node_modules/ajv/dist/vocabularies/validation/limitContains.js,495,
e1386f887cc8a9030999fd4856e92a2962977b58,DELETE,regular-file,build/js/node_modules/ajv/dist/vocabularies/validation/limitItems.js,852,
6ae5f92e67f1a3ee61aec3274ad5b8ed2f6805f2,DELETE,regular-file,build/js/node_modules/ajv/dist/vocabularies/validation/limitLength.js,1130,
a97c0eb9db77364f65e61d65cbb3e1a17894b594,DELETE,regular-file,build/js/node_modules/ajv/dist/vocabularies/validation/limitNumber.js,1036,
e6fc40cc671989d969022da4f0ce3f37609c4e88,DELETE,regular-file,build/js/node_modules/ajv/dist/vocabularies/validation/limitProperties.js,896,
43cf67b77bf109a60603d57e3e0bbffc816b23b5,DELETE,regular-file,build/js/node_modules/ajv/dist/vocabularies/validation/multipleOf.js,1023,
f8ccdf295021293823614c88977e2e5708e8f601,DELETE,regular-file,build/js/node_modules/ajv/dist/vocabularies/validation/pattern.js,905,
1d8e29263f3b5cd1fe7ce1c58a2007f86c82da1a,DELETE,regular-file,build/js/node_modules/ajv/dist/vocabularies/validation/required.js,3188,
cdbecea1225ee860e40f428cc54d089cb7295a91,DELETE,regular-file,build/js/node_modules/ajv/dist/vocabularies/validation/uniqueItems.js,3037,
d80fe2b7f5b26a9d819c0440a2ab201e93a23510,DELETE,regular-file,build/js/node_modules/ansi-colors/index.js,5905,
02ab25799d8846be9861569f4edf5295dd6247ae,DELETE,regular-file,build/js/node_modules/ansi-colors/symbols.js,1696,
1f65826eda66ef4eb01a603f7b03de8c9fb08038,DELETE,regular-file,build/js/node_modules/ansi-html-community/index.js,4262,
616ff837d3ff01e028c208062fc699c7f1c8d418,DELETE,regular-file,build/js/node_modules/ansi-regex/index.js,350,
5d82581a13f9900f9dc653b2df9f0027ee8bdda1,DELETE,regular-file,build/js/node_modules/ansi-styles/index.js,4139,
8eb73e9c9a61d2c642d3c5f44a2fe4cd6cd04615,DELETE,regular-file,build/js/node_modules/anymatch/index.js,3180,
2b8c8c63177af9757a44926cfc3ab7d9878c9387,DELETE,regular-file,build/js/node_modules/argparse/argparse.js,129714,
e3eb3215fc171cec44a2a1e290cc7deb19bcca74,DELETE,regular-file,build/js/node_modules/argparse/lib/sub.js,2252,
23d51cdb95ccc8591fb6ade3f7e07943071559fe,DELETE,regular-file,build/js/node_modules/argparse/lib/textwrap.js,17391,
089117b322f5857b8bb6bccf7a659686aca067c0,DELETE,regular-file,build/js/node_modules/array-flatten/array-flatten.js,1195,
c67a64608df7f4d8e126c0a8eff2cc4a3d837e71,DELETE,regular-file,build/js/node_modules/balanced-match/index.js,1219,
15afe7453fefb19eeca19b42b6ee8b76fae492ac,DELETE,regular-file,build/js/node_modules/base64id/lib/base64id.js,2365,
5b402550d1a2bc608611bac528bc68f4e84ae129,DELETE,regular-file,build/js/node_modules/batch/index.js,2935,
d46e46886711415a0a1064443c20e8a3704714c3,DELETE,regular-file,build/js/node_modules/binary-extensions/index.js,54,
bb24d739d9c5fade336cdf76b08b784ae2594d77,DELETE,regular-file,build/js/node_modules/body-parser/index.js,2681,
fce6283f50961e68c2f576031ed5e3d4fdc39984,DELETE,regular-file,build/js/node_modules/body-parser/lib/read.js,4325,
59f3f7e28f2416cac957b5e35dc78839a5019e0d,DELETE,regular-file,build/js/node_modules/body-parser/lib/types/json.js,5299,
f5d1b67475405284e3dac312f92ade101571329f,DELETE,regular-file,build/js/node_modules/body-parser/lib/types/raw.js,1884,
083a00908a6299a8ef72f477983359f5675f82ef,DELETE,regular-file,build/js/node_modules/body-parser/lib/types/text.js,2285,
2bd4485f54e3d8aaa08eec1f5fdbd525a8f5ba82,DELETE,regular-file,build/js/node_modules/body-parser/lib/types/urlencoded.js,6404,
dfdec2cada68833592667d94cdb02e62008feccc,DELETE,regular-file,build/js/node_modules/bonjour-service/dist/index.js,1794,
baacd7a3e148993c5f36b7590480423b7174b828,DELETE,regular-file,build/js/node_modules/bonjour-service/dist/lib/KeyValue.js,113,
10da601b47cc9f254368942dcac57189ba8ba780,DELETE,regular-file,build/js/node_modules/bonjour-service/dist/lib/browser.js,7063,
a6becf6f260e0d601c00d315821683d4f8201031,DELETE,regular-file,build/js/node_modules/bonjour-service/dist/lib/dns-txt.js,1145,
7ad410caf4e14b28713501d15c38106865b9b57c,DELETE,regular-file,build/js/node_modules/bonjour-service/dist/lib/mdns-server.js,4220,
5462ca211c6e66df71f6222845d6f8b3363078c7,DELETE,regular-file,build/js/node_modules/bonjour-service/dist/lib/registry.js,5235,
a8476fcda822f58bdc60e04c7bb4ce1fa9384a31,DELETE,regular-file,build/js/node_modules/bonjour-service/dist/lib/service-types.js,1406,
41da95a46fe1bc58cee6f1ba1fd4ef24a773a3e6,DELETE,regular-file,build/js/node_modules/bonjour-service/dist/lib/service.js,3767,
1811d2c36787456a6cfe02d3b1cfc630af947e23,DELETE,regular-file,build/js/node_modules/bonjour-service/dist/lib/utils/dns-equal.js,443,
0b1deb63e814f95312d932fa84955edf7fdb14c6,DELETE,regular-file,build/js/node_modules/bonjour-service/dist/lib/utils/equal-txt.js,468,
80351a0085e396368139ee508781960a5945313e,DELETE,regular-file,build/js/node_modules/bonjour-service/dist/lib/utils/filter-service.js,638,
40e8389f70cba2511acc9680ebc8101ea6c8614b,DELETE,regular-file,build/js/node_modules/bonjour-service/dist/lib/utils/filter-txt.js,292,
a27f81ce041e7cf9b7dd9d95533813527f918fb6,DELETE,regular-file,build/js/node_modules/brace-expansion/index.js,4997,
d222c13b579d2d476dc26d692219dbaee1665b88,DELETE,regular-file,build/js/node_modules/braces/index.js,4380,
dce69beb90ece5c3b0ca234a949418f9f34eedbc,DELETE,regular-file,build/js/node_modules/braces/lib/compile.js,1501,
2bb3b8840382c56700869b3a9e1f958fcce01efd,DELETE,regular-file,build/js/node_modules/braces/lib/constants.js,1589,
35b2c41d6afdb8f0197959e26079f266e48370d3,DELETE,regular-file,build/js/node_modules/braces/lib/expand.js,2797,
3a6988e629f52aee6609dc5ec290a5e9ff47cecb,DELETE,regular-file,build/js/node_modules/braces/lib/parse.js,6899,
8bcf872c31894f81a8c64d9202fd607e4fd7ea2b,DELETE,regular-file,build/js/node_modules/braces/lib/stringify.js,708,
d19311fe044ad5157624077670dc297e8b53da49,DELETE,regular-file,build/js/node_modules/braces/lib/utils.js,2518,
daf39c3b6e37739fb89f6cc1df45a6c9df78d1eb,DELETE,regular-file,build/js/node_modules/browser-stdout/index.js,649,
1a681fd3e2c2961af31e1e778b18723a0e119035,DELETE,regular-file,build/js/node_modules/browserslist/browser.js,1117,
78c08d743a8e478c346029e241b1f795b646fbd2,DELETE,executable,build/js/node_modules/browserslist/cli.js,4347,
6e5da7a823f4af93000b3a6798de0c31cec26340,DELETE,regular-file,build/js/node_modules/browserslist/error.js,299,
4d1e639d193d3a17a370a56adaa5232f3ea5760e,DELETE,regular-file,build/js/node_modules/browserslist/index.js,34972,
8e19444b01192916d198771d1be3ad26513c8760,DELETE,regular-file,build/js/node_modules/browserslist/node.js,12714,
c9d8f45b418b3776aa460b79c61d68192cf1bfb5,DELETE,regular-file,build/js/node_modules/browserslist/parse.js,1789,
e1a58b5e8a06fd24ce5321aa6b08255dc9d0716d,DELETE,regular-file,build/js/node_modules/buffer-from/index.js,1675,
6f2d0f89e1258564bad95175159e1d8a6abd9ddf,DELETE,regular-file,build/js/node_modules/bytes/index.js,3613,
ffa51355dc7e5d3eb24f602f85f6ae57d087d310,DELETE,regular-file,build/js/node_modules/call-bind-apply-helpers/actualApply.js,280,
d2b7723147450c8094f98d20d88a5170a4173bbb,DELETE,regular-file,build/js/node_modules/call-bind-apply-helpers/applyBind.js,264,
c71df9c2bcf07ca4340530058d0662661f29ec95,DELETE,regular-file,build/js/node_modules/call-bind-apply-helpers/functionApply.js,99,
7a8d8735752ef518698f1fe62b4edd16725898a8,DELETE,regular-file,build/js/node_modules/call-bind-apply-helpers/functionCall.js,97,
2f6dab4c10431239352ab4626e326bf4e97cad5c,DELETE,regular-file,build/js/node_modules/call-bind-apply-helpers/index.js,511,
3d03caa695a5dd65a5aebbd2819621e757bda420,DELETE,regular-file,build/js/node_modules/call-bind-apply-helpers/reflectApply.js,132,
1cdc89ed4925c800751b44108a2e78305224d07c,DELETE,regular-file,build/js/node_modules/call-bind-apply-helpers/test/index.js,2658,
e9ade749d90b7eb0eebdb0626c0f22355c833389,DELETE,regular-file,build/js/node_modules/call-bound/index.js,687,
a2fc9f0f2286539446cb61339c6c8d837275b1c2,DELETE,regular-file,build/js/node_modules/call-bound/test/index.js,2418,
6ff4ee85c55301700c86bbb1480146bc1c55cade,DELETE,regular-file,build/js/node_modules/camelcase/index.js,3272,
95a6357fe2fa1edd157e3083625ec922ed60f9ac,DELETE,regular-file,build/js/node_modules/caniuse-lite/data/agents.js,23229,
43b2c2cba017510fe3870c4f83c4d3681fa262f1,DELETE,regular-file,build/js/node_modules/caniuse-lite/data/browserVersions.js,2212,
04fbb50f7fe992b33ff8cb5e472356d0085387fd,DELETE,regular-file,build/js/node_modules/caniuse-lite/data/browsers.js,220,
a1513359b475b7c8c9e7c95796d5af6700e6f4fd,DELETE,regular-file,build/js/node_modules/caniuse-lite/data/features.js,30912,
2e48834d0fc3098082815088a2598a0f6e05a960,DELETE,regular-file,build/js/node_modules/caniuse-lite/data/features/aac.js,1905,
af9fa49925924a6d47e5b6cee0ad1e3daadd7df7,DELETE,regular-file,build/js/node_modules/caniuse-lite/data/features/abortcontroller.js,1907,
2475806be04f705be93d024b201cef6ca7f1a60f,DELETE,regular-file,build/js/node_modules/caniuse-lite/data/features/ac3-ec3.js,1898,
b5e6a4757ef3df83ec0f35174e131b0db9399dc0,DELETE,regular-file,build/js/node_modules/caniuse-lite/data/features/accelerometer.js,1861,
6538dc205439b945838d56e1de3bc8fadac0af2e,DELETE,regular-file,build/js/node_modules/caniuse-lite/data/features/addeventlistener.js,1856,
fd42d97a5d04bd52b457b20de03ea077f247ffb2,DELETE,regular-file,build/js/node_modules/caniuse-lite/data/features/alternate-stylesheet.js,1859,
4f96bbb67ccad2e62ab57ff372ce762f9343697d,DELETE,regular-file,build/js/node_modules/caniuse-lite/data/features/ambient-light.js,1882,
94b7a5704bf15945f00fac4945cc295b49eb70d1,DELETE,regular-file,build/js/node_modules/caniuse-lite/data/features/apng.js,1877,
0c67597bdba898cd369ca5c46aab76b38b050eb3,DELETE,regular-file,build/js/node_modules/caniuse-lite/data/features/array-find-index.js,1890,
b29f683c8e439fc78314775374ce853e86406bf3,DELETE,regular-file,build/js/node_modules/caniuse-lite/data/features/array-find.js,1892,
4a76bb1967f600b663df976bdc11a4c2660abdf6,DELETE,regular-file,build/js/node_modules/caniuse-lite/data/features/array-flat.js,1898,
5e09d80c26a2bed0b719eec6e04816759a6162c7,DELETE,regular-file,build/js/node_modules/caniuse-lite/data/features/array-includes.js,1888,
2ef3985a29962c60331dd1f158485cb4cdfa7494,DELETE,regular-file,build/js/node_modules/caniuse-lite/data/features/arrow-functions.js,1873,
b00f54caec94d44ea98d9558e0d6c366a2145019,DELETE,regular-file,build/js/node_modules/caniuse-lite/data/features/asmjs.js,1886,
a929e509e6869d963a98db1ecb7d806d49414762,DELETE,regular-file,build/js/node_modules/caniuse-lite/data/features/async-clipboard.js,1916,
88b488e63c028b7ab917228cd2810d797d60e284,DELETE,regular-file,build/js/node_modules/caniuse-lite/data/features/async-functions.js,1909,
0473abe51cf660c82556a812a74db4ab5e41d473,DELETE,regular-file,build/js/node_modules/caniuse-lite/data/features/atob-btoa.js,1864,
4277e36676846549dcfb7f3598386583651c7536,DELETE,regular-file,build/js/node_modules/caniuse-lite/data/features/audio-api.js,1893,
b7d1a7b30c9661748caab6709e38554ca14d4a4b,DELETE,regular-file,build/js/node_modules/caniuse-lite/data/features/audio.js,1869,
072538675f5a6ff3df08f93d77495ec2aab0f4ca,DELETE,regular-file,build/js/node_modules/caniuse-lite/data/features/audiotracks.js,1890,
a6b8df8d67558e0d502b760e2eca3e8d12c871f0,DELETE,regular-file,build/js/node_modules/caniuse-lite/data/features/autofocus.js,1877,
200e1166635b44239be3ed54245d02528dcec029,DELETE,regular-file,build/js/node_modules/caniuse-lite/data/features/auxclick.js,1874,
364c920ec02e443109106934ea6522222ad8a95a,DELETE,regular-file,build/js/node_modules/caniuse-lite/data/features/av1.js,1924,
319a0d7cd34f35903eb917fed1faa26e260c2517,DELETE,regular-file,build/js/node_modules/caniuse-lite/data/features/avif.js,1933,
d7179600d987801bd0b6340c25e01dbcbc46081c,DELETE,regular-file,build/js/node_modules/caniuse-lite/data/features/background-attachment.js,1926,
3e0c6847d7e9804d0bc0927bcdf2b0422634ef39,DELETE,regular-file,build/js/node_modules/caniuse-lite/data/features/background-clip-text.js,1964,
453ac58ae1d6bea428a55ccf1c0f5f15ed867d5c,DELETE,regular-file,build/js/node_modules/caniuse-lite/data/features/background-img-opts.js,1926,
1d713ce545436dc529b57b5962b3077f70a3198d,DELETE,regular-file,build/js/node_modules/caniuse-lite/data/features/background-position-x-y.js,1879,
14084464ad207b2b2172e4846835a719cfc937e8,DELETE,regular-file,build/js/node_modules/caniuse-lite/data/features/background-repeat-round-space.js,1915,
b41c9e99cc4dd7246bcbe7ad0f92ee45770c5817,DELETE,regular-file,build/js/node_modules/caniuse-lite/data/features/background-sync.js,1872,
5e27545da0e93cf5fbfe654968dadc74c564322e,DELETE,regular-file,build/js/node_modules/caniuse-lite/data/features/battery-status.js,1893,
c18cd0e03833de90e2049055d388b0ac5eaa6038,DELETE,regular-file,build/js/node_modules/caniuse-lite/data/features/beacon.js,1868,
257a21125417c01fd02e159da3e23451bed6cb40,DELETE,regular-file,build/js/node_modules/caniuse-lite/data/features/beforeafterprint.js,1877,
95170c59d922c61157ee29dc5e0bf3421510b4dc,DELETE,regular-file,build/js/node_modules/caniuse-lite/data/features/bigint.js,1884,
ed4764a16d0dec8446fd3bda68788e5b46e8243c,DELETE,regular-file,build/js/node_modules/caniuse-lite/data/features/blobbuilder.js,1902,
197d7000065b41028fedf2f5625dc3d246a2aa2b,DELETE,regular-file,build/js/node_modules/caniuse-lite/data/features/bloburls.js,1917,
2cfb46942046f5dcd35f8c3ca080676d5e5c3ad4,DELETE,regular-file,build/js/node_modules/caniuse-lite/data/features/border-image.js,2067,
9b6b2086cfa0e35afae93916a282f7c878584e60,DELETE,regular-file,build/js/node_modules/caniuse-lite/data/features/border-radius.js,1932,
c4fab7fbcd85cc7d4dbe8c044851919f62b02193,DELETE,regular-file,build/js/node_modules/caniuse-lite/data/features/broadcastchannel.js,1880,
4bb72eb21f9cc269f5ac32b07428a589c5c71040,DELETE,regular-file,build/js/node_modules/caniuse-lite/data/features/brotli.js,1935,
6dda9489dec4491410221650b3697fdffa45f362,DELETE,regular-file,build/js/node_modules/caniuse-lite/data/features/calc.js,1934,
eaecef49a01dd425d650f25f1281b5d74cea44d4,DELETE,regular-file,build/js/node_modules/caniuse-lite/data/features/canvas-blending.js,1876,
d56b9d65aa9e55ef25928e0c25f83d16c0b01043,DELETE,regular-file,build/js/node_modules/caniuse-lite/data/features/canvas-text.js,1865,
2f4156722ffc209226218b3dea921ff7a7339362,DELETE,regular-file,build/js/node_modules/caniuse-lite/data/features/canvas.js,1870,
afc45b7fe9dbdc2bdde8a3c4702250a2ada72454,DELETE,regular-file,build/js/node_modules/caniuse-lite/data/features/ch-unit.js,1879,
74ff3d05f1d275a991d6f48ba5cb8f94eaf2e7a7,DELETE,regular-file,build/js/node_modules/caniuse-lite/data/features/chacha20-poly1305.js,1912,
54dd5b0ffcbc725ac49b75e662ff7ed183b32236,DELETE,regular-file,build/js/node_modules/caniuse-lite/data/features/channel-messaging.js,1884,
b9d35e8d055ec7214a1933f6c4d99c7fffa58ae5,DELETE,regular-file,build/js/node_modules/caniuse-lite/data/features/childnode-remove.js,1890,
d171d1d7a436cd7ebff2f2a7521e52ff4098527f,DELETE,regular-file,build/js/node_modules/caniuse-lite/data/features/classlist.js,1977,
2a70187c1d77dd1d5927033d3910582d29eb7ea4,DELETE,regular-file,build/js/node_modules/caniuse-lite/data/features/client-hints-dpr-width-viewport.js,1886,
615f4b845de3c33f98e2e60d5ea2829e30b88638,DELETE,regular-file,build/js/node_modules/caniuse-lite/data/features/clipboard.js,2067,
98aaacdd05f58ede3199940f3e0ff9c8e074838f,DELETE,regular-file,build/js/node_modules/caniuse-lite/data/features/colr-v1.js,1904,
d95e8e8f8c6d670d6ea0bdfa4560646842a0edce,DELETE,regular-file,build/js/node_modules/caniuse-lite/data/features/colr.js,1944,
97cd080dae3c026d3556aea76216e6da60f367e1,DELETE,regular-file,build/js/node_modules/caniuse-lite/data/features/comparedocumentposition.js,1945,
dca8bc6eca2dd3a1da4b9e80b75ef27020cc23ed,DELETE,regular-file,build/js/node_modules/caniuse-lite/data/features/console-basic.js,1916,
9aadb7305cfeee6349c67fba5a28847272491c41,DELETE,regular-file,build/js/node_modules/caniuse-lite/data/features/console-time.js,1886,
31da5718183c2fb0ab08ac5c0670fec08ea38206,DELETE,regular-file,build/js/node_modules/caniuse-lite/data/features/const.js,1994,
e5db925a54f7b9e288f3670a7c904117c1b20fc2,DELETE,regular-file,build/js/node_modules/caniuse-lite/data/features/constraint-validation.js,2038,
92324797dec77b58e7e47af1f8bf90b9200f68db,DELETE,regular-file,build/js/node_modules/caniuse-lite/data/features/contenteditable.js,1881,
823275c8ee33ac70675c4d65a725f20543cf2ce9,DELETE,regular-file,build/js/node_modules/caniuse-lite/data/features/contentsecuritypolicy.js,1945,
002267502b6bba51b796469254189d12176f6fe8,DELETE,regular-file,build/js/node_modules/caniuse-lite/data/features/contentsecuritypolicy2.js,1958,
527c7943fc8ad282b8e61484005653e461aa8b14,DELETE,regular-file,build/js/node_modules/caniuse-lite/data/features/cookie-store-api.js,1912,
a6ce60d65009dfe08ee1d0b922f804d58baee1f1,DELETE,regular-file,build/js/node_modules/caniuse-lite/data/features/cors.js,1946,
70b10b2b5084b2bb21a281036a7fff5409a62733,DELETE,regular-file,build/js/node_modules/caniuse-lite/data/features/createimagebitmap.js,1975,
c7dc6d691dad6305518759e4eef110b4e7ed64e6,DELETE,regular-file,build/js/node_modules/caniuse-lite/data/features/credential-management.js,1892,
68849f5ecbdc47f992ba0e799990cc12d8d11bbc,DELETE,regular-file,build/js/node_modules/caniuse-lite/data/features/cross-document-view-transitions.js,1885,
eaba66b29e090e6654903e6843059448be2a4e56,DELETE,regular-file,build/js/node_modules/caniuse-lite/data/features/cryptography.js,1921,
45d2fb075107e18d0e15657ed1e4f0627147feab,DELETE,regular-file,build/js/node_modules/caniuse-lite/data/features/css-all.js,1874,
656277f053d4f0d7b19658556e20f7a1c629a753,DELETE,regular-file,build/js/node_modules/caniuse-lite/data/features/css-anchor-positioning.js,1898,
fd9c971e37b3be6e7609237cc37c69dd534e8ace,DELETE,regular-file,build/js/node_modules/caniuse-lite/data/features/css-animation.js,1920,
3a994aea0a82c726c2311da4f46209ef8107d8b8,DELETE,regular-file,build/js/node_modules/caniuse-lite/data/features/css-any-link.js,1949,
07c557764c9224df2b4a25bcb6085c7d1350099a,DELETE,regular-file,build/js/node_modules/caniuse-lite/data/features/css-appearance.js,1957,
8d16562b1a867f3015a5bb416fdf28decac7cf36,DELETE,regular-file,build/js/node_modules/caniuse-lite/data/features/css-at-counter-style.js,1904,
aef45c19f2f8ea83e5db2a442c03bedce8fdfc9e,DELETE,regular-file,build/js/node_modules/caniuse-lite/data/features/css-autofill.js,1830,
0785927f07406b8492e8684390de1a97760a75d7,DELETE,regular-file,build/js/node_modules/caniuse-lite/data/features/css-backdrop-filter.js,1937,
21f017a7fddd9de561f1a364f9b963d0d4fd02f1,DELETE,regular-file,build/js/node_modules/caniuse-lite/data/features/css-background-offsets.js,1900,
ef218d2b63b746962f8fcbd4a7d01216c017ebb9,DELETE,regular-file,build/js/node_modules/caniuse-lite/data/features/css-backgroundblendmode.js,1915,
4ba99465f89b45adf773536f6575678e480fc1f2,DELETE,regular-file,build/js/node_modules/caniuse-lite/data/features/css-boxdecorationbreak.js,1954,
9943d7f48a8f41cde81c0b6a936480606b3ae4f2,DELETE,regular-file,build/js/node_modules/caniuse-lite/data/features/css-boxshadow.js,1908,
fb79a242e0304a5be4edc45f62eb6d835a5af0f5,DELETE,regular-file,build/js/node_modules/caniuse-lite/data/features/css-canvas.js,1866,
ded7efa0de91769db4de81902a45bdd0061dae81,DELETE,regular-file,build/js/node_modules/caniuse-lite/data/features/css-caret-color.js,1885,
434c9e84da213004e205e0f78e07b4dfd45d12d2,DELETE,regular-file,build/js/node_modules/caniuse-lite/data/features/css-cascade-layers.js,1906,
c7f74be83c26d41919be573dbd5385c2adfacb10,DELETE,regular-file,build/js/node_modules/caniuse-lite/data/features/css-cascade-scope.js,1912,
755fb4d18018bd430ea848f796e4649f359f665b,DELETE,regular-file,build/js/node_modules/caniuse-lite/data/features/css-case-insensitive.js,1904,
26a1fd38d99ce67636ada38864dcb5b86acb714c,DELETE,regular-file,build/js/node_modules/caniuse-lite/data/features/css-clip-path.js,1996,
1feecb13d3d3016af6e41bcc6568eab4001559d5,DELETE,regular-file,build/js/node_modules/caniuse-lite/data/features/css-color-adjust.js,1902,
55776328cd758a5dad932fd37b2da6be6317fe7e,DELETE,regular-file,build/js/node_modules/caniuse-lite/data/features/css-color-function.js,1932,
6d432c8cc8bebe8c7a9063df76d56f990e317ae1,DELETE,regular-file,build/js/node_modules/caniuse-lite/data/features/css-conic-gradients.js,1931,
7a896d5ad784873ccd85599c85fbe7e941cb2467,DELETE,regular-file,build/js/node_modules/caniuse-lite/data/features/css-container-queries-style.js,1943,
dc46b88cf004cbd4d44f04e3eed8a73a1e241607,DELETE,regular-file,build/js/node_modules/caniuse-lite/data/features/css-container-queries.js,1940,
620933f97686e7a551b5ce37aa36f9eb865d3712,DELETE,regular-file,build/js/node_modules/caniuse-lite/data/features/css-container-query-units.js,1913,
897246873d3294f670d0ca38d61953dc94109214,DELETE,regular-file,build/js/node_modules/caniuse-lite/data/features/css-containment.js,1909,
3a7e29b80096402c439dedf0bbde184f0903377e,DELETE,regular-file,build/js/node_modules/caniuse-lite/data/features/css-content-visibility.js,1894,
f599a60f7161f63c16d5add69b098b1ea9fe646f,DELETE,regular-file,build/js/node_modules/caniuse-lite/data/features/css-counters.js,1828,
4123df66611b568840d6944dec3294e8d84e6c89,DELETE,regular-file,build/js/node_modules/caniuse-lite/data/features/css-crisp-edges.js,2013,
5f7b6137962b9949cec19bdddc80aad7ce7191d9,DELETE,regular-file,build/js/node_modules/caniuse-lite/data/features/css-cross-fade.js,1899,
eb3d23a49302544d969e4e05fa18026a1e66b637,DELETE,regular-file,build/js/node_modules/caniuse-lite/data/features/css-default-pseudo.js,1965,
1e76c72396093438bf9ac0cbad7069be4e219319,DELETE,regular-file,build/js/node_modules/caniuse-lite/data/features/css-descendant-gtgt.js,1856,
4eef773ae3e8b45569ead3bc360dc05a88214336,DELETE,regular-file,build/js/node_modules/caniuse-lite/data/features/css-deviceadaptation.js,1875,
fb0e66196566d610b67699bbca291922ab8b0563,DELETE,regular-file,build/js/node_modules/caniuse-lite/data/features/css-dir-pseudo.js,1925,
13fa0baaf30131201a0659776c54780c14ed9a72,DELETE,regular-file,build/js/node_modules/caniuse-lite/data/features/css-display-contents.js,2017,
ae7f8c64fd8b5fb95fc42d4d7dc07186c9e461ac,DELETE,regular-file,build/js/node_modules/caniuse-lite/data/features/css-element-function.js,1843,
6d86c6611f9c9746c66b31fe39bb27eeca628dde,DELETE,regular-file,build/js/node_modules/caniuse-lite/data/features/css-env-function.js,1917,
9cb5443439273bc14478f2b84bac83e6ccb0572b,DELETE,regular-file,build/js/node_modules/caniuse-lite/data/features/css-exclusions.js,1847,
97cf3c2b1e9c4f0eb5c42c9aeb746b55aee4d50c,DELETE,regular-file,build/js/node_modules/caniuse-lite/data/features/css-featurequeries.js,1871,
3d25043ac20aa1c8c2fa1fe95d00bcda5a51d7e9,DELETE,regular-file,build/js/node_modules/caniuse-lite/data/features/css-file-selector-button.js,1846,
0b0ea4a185263ac6f3855b6643fe07e61194c58a,DELETE,regular-file,build/js/node_modules/caniuse-lite/data/features/css-filter-function.js,1857,
a30e81f6b141df7d6f7ccce7ab4454798ba39534,DELETE,regular-file,build/js/node_modules/caniuse-lite/data/features/css-filters.js,1953,
2bfc88c10f7c65f840ad9471fb691e29f7af39b0,DELETE,regular-file,build/js/node_modules/caniuse-lite/data/features/css-first-letter.js,1967,
7658e89edc5307735cf286ddabe2b4b0676e2c0d,DELETE,regular-file,build/js/node_modules/caniuse-lite/data/features/css-first-line.js,1847,
2de72cc4be29dbf3d4764a9eb1c84aafbd0deb1b,DELETE,regular-file,build/js/node_modules/caniuse-lite/data/features/css-fixed.js,1879,
7eb7d6d63b1a260e053c063811ab6ca4d2ac518c,DELETE,regular-file,build/js/node_modules/caniuse-lite/data/features/css-focus-visible.js,1945,
62f90850453f3048d696c3bcb87214203cb9b485,DELETE,regular-file,build/js/node_modules/caniuse-lite/data/features/css-focus-within.js,1916,
cad260cdfbcbdd62ceb897a0f0518d06cf43eba6,DELETE,regular-file,build/js/node_modules/caniuse-lite/data/features/css-font-palette.js,1880,
c1316d5c6c733c4b7a6a559eb4bbcb7d6124730a,DELETE,regular-file,build/js/node_modules/caniuse-lite/data/features/css-font-rendering-controls.js,1917,
a9b98617c93f24bf1382e4b4980f4e76c1859f2c,DELETE,regular-file,build/js/node_modules/caniuse-lite/data/features/css-font-stretch.js,1880,
d107caedc6a0a36a5051701da1ee08c9175622f4,DELETE,regular-file,build/js/node_modules/caniuse-lite/data/features/css-gencontent.js,1865,
975fe6d577a3c2255d966cbfdde8f714a2ae9180,DELETE,regular-file,build/js/node_modules/caniuse-lite/data/features/css-gradients.js,1985,
e8d1c19d302e1d1d493b59bfcc22a6b25351a9fd,DELETE,regular-file,build/js/node_modules/caniuse-lite/data/features/css-grid-animation.js,1889,
a969e3d510c1495022d93744f7950876943b30cd,DELETE,regular-file,build/js/node_modules/caniuse-lite/data/features/css-grid.js,1985,
f356ec165090405d5fe403183edd0058b4733d64,DELETE,regular-file,build/js/node_modules/caniuse-lite/data/features/css-hanging-punctuation.js,1849,
7db6ad4e3b56464f2731558db95062a52becda60,DELETE,regular-file,build/js/node_modules/caniuse-lite/data/features/css-has.js,1914,
42b1a97473139b5a8882c96348ca2f25b42c7f09,DELETE,regular-file,build/js/node_modules/caniuse-lite/data/features/css-hyphens.js,1948,
9362456e5f3873f64aaee4e7bc27e42f0d9edf8a,DELETE,regular-file,build/js/node_modules/caniuse-lite/data/features/css-image-orientation.js,1920,
2c3f7bd4b614a0682ab4af4f4a6a4f59dca0cc6e,DELETE,regular-file,build/js/node_modules/caniuse-lite/data/features/css-image-set.js,2027,
f633ca4196a1f6435121ecbeed5b69c00f4ed3bd,DELETE,regular-file,build/js/node_modules/caniuse-lite/data/features/css-in-out-of-range.js,2019,
b878b779ac4cbe02af0f76b926090ba904bfaebc,DELETE,regular-file,build/js/node_modules/caniuse-lite/data/features/css-indeterminate-pseudo.js,2023,
dceb6563ffbb7cda0e13aaef5cceb859a49ec2f3,DELETE,regular-file,build/js/node_modules/caniuse-lite/data/features/css-initial-letter.js,1902,
02eb2a896bfde0722470e52a3e38736c2dc21fb4,DELETE,regular-file,build/js/node_modules/caniuse-lite/data/features/css-initial-value.js,1875,
7c58d77133804842ef240dda37d60765b0c6b457,DELETE,regular-file,build/js/node_modules/caniuse-lite/data/features/css-lch-lab.js,1912,
cf1f1f0cb539ce19a40a53c070059a09018f557a,DELETE,regular-file,build/js/node_modules/caniuse-lite/data/features/css-letter-spacing.js,1922,
e7b4b849a8009af853366a7d7dfa0406b9bf2756,DELETE,regular-file,build/js/node_modules/caniuse-lite/data/features/css-line-clamp.js,1904,
8d473360d39c4fce139a25ea498641b32f3d5f5a,DELETE,regular-file,build/js/node_modules/caniuse-lite/data/features/css-logical-props.js,2034,
0ca3f78c2835b7907b23db196951ec6a6a7d6e64,DELETE,regular-file,build/js/node_modules/caniuse-lite/data/features/css-marker-pseudo.js,1907,
b7a6816f2273b1a665d4cd033102f348ae7b7634,DELETE,regular-file,build/js/node_modules/caniuse-lite/data/features/css-masks.js,1956,
26f7a325151d70862409bfc972c70e6dd6397c1e,DELETE,regular-file,build/js/node_modules/caniuse-lite/data/features/css-matches-pseudo.js,2025,
a79a24012036b9b5efe8a6f06e64babb62f9fdc7,DELETE,regular-file,build/js/node_modules/caniuse-lite/data/features/css-math-functions.js,1929,
a9892fd1486ffd3fc37fa6c9788e92c6c6c43d72,DELETE,regular-file,build/js/node_modules/caniuse-lite/data/features/css-media-interaction.js,1905,
ea5b6b00dbce4ae362f062326fe3defb2762bc36,DELETE,regular-file,build/js/node_modules/caniuse-lite/data/features/css-media-range-syntax.js,1897,
3fc0b7d46622a982195c2a5ad4ed46657843d2dd,DELETE,regular-file,build/js/node_modules/caniuse-lite/data/features/css-media-resolution.js,1999,
6b5862de73620da8dbc282d0946c02a1c27ece29,DELETE,regular-file,build/js/node_modules/caniuse-lite/data/features/css-media-scripting.js,1849,
3d5c3be11cdcb12d7bb29584eaeb62a77a1387ee,DELETE,regular-file,build/js/node_modules/caniuse-lite/data/features/css-mediaqueries.js,1890,
8e9aa87aa503c9e0c3f72c5f0456e509eec18b19,DELETE,regular-file,build/js/node_modules/caniuse-lite/data/features/css-mixblendmode.js,1905,
5eb12b6f23bfbc98715dd82ad5ffba9185103822,DELETE,regular-file,build/js/node_modules/caniuse-lite/data/features/css-module-scripts.js,1860,
36b00aaa76776b44a6431628b1cdf5ffaa30d52d,DELETE,regular-file,build/js/node_modules/caniuse-lite/data/features/css-motion-paths.js,1901,
f2bfcf1434f6261e3050de5d7a4317161399f7e8,DELETE,regular-file,build/js/node_modules/caniuse-lite/data/features/css-namespaces.js,1844,
16c8b479743cdd94ffd61e0f36c3789712059bce,DELETE,regular-file,build/js/node_modules/caniuse-lite/data/features/css-nesting.js,1955,
7fc09153e67744f5ec4b8dd241a32d1b9d402573,DELETE,regular-file,build/js/node_modules/caniuse-lite/data/features/css-not-sel-list.js,1909,
d4e371131f787ea4b88cc390eebb24bea58e2333,DELETE,regular-file,build/js/node_modules/caniuse-lite/data/features/css-nth-child-of.js,1939,
0afc712aec1a45f17d48a2dd01e4a95cbc17aa16,DELETE,regular-file,build/js/node_modules/caniuse-lite/data/features/css-opacity.js,1828,
b035f2579a433072bd2cb2d7f96a0cb323d9d23a,DELETE,regular-file,build/js/node_modules/caniuse-lite/data/features/css-optional-pseudo.js,1899,
93bc23032688528d663f971ccb3679706273c6f7,DELETE,regular-file,build/js/node_modules/caniuse-lite/data/features/css-overflow-anchor.js,1896,
6e531668a37b41e0c79907beca0780b4bed9c1d2,DELETE,regular-file,build/js/node_modules/caniuse-lite/data/features/css-overflow-overlay.js,1921,
c3d25f022f9fcb5e4d98d9b064ba07f2f8dc05c2,DELETE,regular-file,build/js/node_modules/caniuse-lite/data/features/css-overflow.js,1971,
9e486feb439f658c669f9dff6b1a32bbf53c1881,DELETE,regular-file,build/js/node_modules/caniuse-lite/data/features/css-overscroll-behavior.js,1947,
581303657ca1f8c1d332a03952256457932cf83c,DELETE,regular-file,build/js/node_modules/caniuse-lite/data/features/css-page-break.js,1976,
6b7373a2b922f6997e5278ecdea84c46e1568390,DELETE,regular-file,build/js/node_modules/caniuse-lite/data/features/css-paged-media.js,1904,
1c7f5f64aac115a6f4772b82a90ea333d55cb94a,DELETE,regular-file,build/js/node_modules/caniuse-lite/data/features/css-paint-api.js,1870,
731b0cb8302b0ca545a5d8877d99e63c332c4e36,DELETE,regular-file,build/js/node_modules/caniuse-lite/data/features/css-placeholder-shown.js,1923,
cdbdda87abe068c07cf580c3e98a6b53256e232c,DELETE,regular-file,build/js/node_modules/caniuse-lite/data/features/css-placeholder.js,1939,
15edeb9842c568cb10a49b36735b112c4c42aff7,DELETE,regular-file,build/js/node_modules/caniuse-lite/data/features/css-print-color-adjust.js,1839,
b3730af704b7e8974b1311e88748437cb63e1133,DELETE,regular-file,build/js/node_modules/caniuse-lite/data/features/css-read-only-write.js,1974,
952ca03b62a228988c80f51dbf62e37e0bd401d6,DELETE,regular-file,build/js/node_modules/caniuse-lite/data/features/css-rebeccapurple.js,1886,
dd9248c6c06cc59ba3c9be28b4d1f55331bf290f,DELETE,regular-file,build/js/node_modules/caniuse-lite/data/features/css-reflections.js,1862,
41cd69fdac3f99e3db7fee75014d3b90fa6c8df9,DELETE,regular-file,build/js/node_modules/caniuse-lite/data/features/css-regions.js,1867,
0b32c2511dd58fa64e35476223e0ec6b0dd4960a,DELETE,regular-file,build/js/node_modules/caniuse-lite/data/features/css-relative-colors.js,1967,
0d998f356528111ac87faff9f24c7b81633c3315,DELETE,regular-file,build/js/node_modules/caniuse-lite/data/features/css-repeating-gradients.js,1950,
1cbd0f180188c5960f7cbb51ead3960c82cb5a11,DELETE,regular-file,build/js/node_modules/caniuse-lite/data/features/css-resize.js,1892,
6fa326cd9309442846bda8625b2bd8b81f8b4056,DELETE,regular-file,build/js/node_modules/caniuse-lite/data/features/css-revert-value.js,1886,
bf9d8bf074bdf01a2741aabc2dba3694d9201182,DELETE,regular-file,build/js/node_modules/caniuse-lite/data/features/css-rrggbbaa.js,1922,
047ac25865d660a4d0046cff1ba939a80304b32e,DELETE,regular-file,build/js/node_modules/caniuse-lite/data/features/css-scroll-behavior.js,1931,
3faaad1cba6cdf8743040ba1364ad1c1774a4b00,DELETE,regular-file,build/js/node_modules/caniuse-lite/data/features/css-scrollbar.js,1949,
086558f90ac50c5e44f524db8da439501cbb690e,DELETE,regular-file,build/js/node_modules/caniuse-lite/data/features/css-sel2.js,1839,
7ce0475d0994526c66ab4f65b8f4b34f99563096,DELETE,regular-file,build/js/node_modules/caniuse-lite/data/features/css-sel3.js,1862,
37efee8b300092f403e243dd4b679eac1b4090bb,DELETE,regular-file,build/js/node_modules/caniuse-lite/data/features/css-selection.js,1885,
b9d796420da932d77c8a660931c7af9824f68b29,DELETE,regular-file,build/js/node_modules/caniuse-lite/data/features/css-shapes.js,1912,
0a7ff28f0259db10ec86c2ef4c680897862d31b0,DELETE,regular-file,build/js/node_modules/caniuse-lite/data/features/css-snappoints.js,1954,
c14a2037361ba530041fa35d4e753a74d5cca032,DELETE,regular-file,build/js/node_modules/caniuse-lite/data/features/css-sticky.js,1994,
1e6946172c67767e89b557ccc6be8d4c13204522,DELETE,regular-file,build/js/node_modules/caniuse-lite/data/features/css-subgrid.js,1905,
3081f7a4e2b570b986694c7d1ce26d510901d295,DELETE,regular-file,build/js/node_modules/caniuse-lite/data/features/css-supports-api.js,1919,
83c7c7192135b2f5ca0f2c797259a4136601a71a,DELETE,regular-file,build/js/node_modules/caniuse-lite/data/features/css-table.js,1841,
ab5848e36d1975cef837c9581620517315e67ef7,DELETE,regular-file,build/js/node_modules/caniuse-lite/data/features/css-text-align-last.js,1918,
bdc2658fbc23cb92a3ba1183ce54a1a55d7b3d6d,DELETE,regular-file,build/js/node_modules/caniuse-lite/data/features/css-text-box-trim.js,1892,
98fce6587bd35aab460fcb9d162a0816d9616e73,DELETE,regular-file,build/js/node_modules/caniuse-lite/data/features/css-text-indent.js,1927,
8cf7e828f6cb901cdb6930465dbf88adf5074caa,DELETE,regular-file,build/js/node_modules/caniuse-lite/data/features/css-text-justify.js,1925,
3f40836a337d9cf4a831c75d685d8b85759bdc55,DELETE,regular-file,build/js/node_modules/caniuse-lite/data/features/css-text-orientation.js,1906,
1c2f7da9d4fd02a4d7344130593ca2cf05ec9e1f,DELETE,regular-file,build/js/node_modules/caniuse-lite/data/features/css-text-spacing.js,1851,
23490fb811f72418ed89823530142f87782b1d39,DELETE,regular-file,build/js/node_modules/caniuse-lite/data/features/css-text-wrap-balance.js,1914,
ccbb46344adaa15b40b2b62acee1658c9c104743,DELETE,regular-file,build/js/node_modules/caniuse-lite/data/features/css-textshadow.js,1870,
8647896efd11d6a080b1e86490ec3d5c064f9aba,DELETE,regular-file,build/js/node_modules/caniuse-lite/data/features/css-touch-action.js,1929,
176f69e3e8ebacf84cd5f1bb79009b415d34dc76,DELETE,regular-file,build/js/node_modules/caniuse-lite/data/features/css-transitions.js,1940,
025bd9d2c0f17d34ecfbe3506fc9de854abf3a48,DELETE,regular-file,build/js/node_modules/caniuse-lite/data/features/css-unicode-bidi.js,1939,
ac2022e127be490bddd75049bc950baecaddeacd,DELETE,regular-file,build/js/node_modules/caniuse-lite/data/features/css-unset-value.js,1873,
18196680dead4db3d0ceecad414566cd033a1e84,DELETE,regular-file,build/js/node_modules/caniuse-lite/data/features/css-variables.js,1937,
1b1148aa0014423eaa0541f9d027699ab2001c38,DELETE,regular-file,build/js/node_modules/caniuse-lite/data/features/css-when-else.js,1845,
ec739c8c3428e8e4a63c23f2df5ebbda7746bcca,DELETE,regular-file,build/js/node_modules/caniuse-lite/data/features/css-widows-orphans.js,1882,
eaecf211fab2f2aabe06e8dd629b33f56142030f,DELETE,regular-file,build/js/node_modules/caniuse-lite/data/features/css-width-stretch.js,1813,
60817ca6100cd858f3369ec74d2ffdba5798e4ff,DELETE,regular-file,build/js/node_modules/caniuse-lite/data/features/css-writing-mode.js,1946,
db04987ed2144953ef7744fc5d600e58f0d97d9f,DELETE,regular-file,build/js/node_modules/caniuse-lite/data/features/css-zoom.js,1858,
8c5b919918c3b6e3fdf52c3a8af5eb7c2675e122,DELETE,regular-file,build/js/node_modules/caniuse-lite/data/features/css3-attr.js,1867,
d2cf4c2aade79847527ba33e0d3d9b00a7cae5f2,DELETE,regular-file,build/js/node_modules/caniuse-lite/data/features/css3-boxsizing.js,1879,
a74cb2d2b638b88d4af379eb6f3b3a69550e2cfe,DELETE,regular-file,build/js/node_modules/caniuse-lite/data/features/css3-colors.js,1845,
9af25707640d90f2ab86433b03a456f4feee0ec5,DELETE,regular-file,build/js/node_modules/caniuse-lite/data/features/css3-cursors-grab.js,1890,
e7e5b32911cba643a210952239dbcfc989a555f1,DELETE,regular-file,build/js/node_modules/caniuse-lite/data/features/css3-cursors-newer.js,1889,
1a2568f5fc80fb5c6fee8f4255da067476c7b972,DELETE,regular-file,build/js/node_modules/caniuse-lite/data/features/css3-cursors.js,1901,
a21cd1960051b9a211eae53182a79e6028562585,DELETE,regular-file,build/js/node_modules/caniuse-lite/data/features/css3-tabsize.js,1948,
4b142f9b940379ee5573402e2fe7f17fbde25a6d,DELETE,regular-file,build/js/node_modules/caniuse-lite/data/features/currentcolor.js,1857,
bcb0614e9e584989f0f2d70c2f03295597bd35cd,DELETE,regular-file,build/js/node_modules/caniuse-lite/data/features/custom-elements.js,1935,
7bfe04beefce5d27fd014f23928d81af5637b14c,DELETE,regular-file,build/js/node_modules/caniuse-lite/data/features/custom-elementsv1.js,1958,
2167d67952dbf80cd079a2da06697d49197e5e9d,DELETE,regular-file,build/js/node_modules/caniuse-lite/data/features/customevent.js,1958,
9a2cd73ff4a2df1e47661f23f32484acf86c1a2c,DELETE,regular-file,build/js/node_modules/caniuse-lite/data/features/datalist.js,1933,
eb17d870c61e7307868ac39e0aae6088841ba27d,DELETE,regular-file,build/js/node_modules/caniuse-lite/data/features/dataset.js,1959,
3e84f68e630d9e2b77d10379d043bbae6e01899e,DELETE,regular-file,build/js/node_modules/caniuse-lite/data/features/datauri.js,1853,
a0a441950db1c5eb92c23414f51af7d42cd8f227,DELETE,regular-file,build/js/node_modules/caniuse-lite/data/features/date-tolocaledatestring.js,2037,
ccb517cd5a410682d81592c2ea7df379a5573462,DELETE,regular-file,build/js/node_modules/caniuse-lite/data/features/declarative-shadow-dom.js,1932,
8d540e451515a75a27aa5810760e6194c73a3847,DELETE,regular-file,build/js/node_modules/caniuse-lite/data/features/decorators.js,1820,
4fb90bd5d892cf615a93821a3f4f4eff1c7f893f,DELETE,regular-file,build/js/node_modules/caniuse-lite/data/features/details.js,1958,
7f701ec2155705d63813d27f7c42bc6904462012,DELETE,regular-file,build/js/node_modules/caniuse-lite/data/features/deviceorientation.js,1923,
1f5a82afbea0e6dbda5f2a3b7557da879ce0f8e9,DELETE,regular-file,build/js/node_modules/caniuse-lite/data/features/devicepixelratio.js,1863,
9019b434b3e5db45cb5de4eb3a51aad67159426a,DELETE,regular-file,build/js/node_modules/caniuse-lite/data/features/dialog.js,1905,
cacb3745a4dc2ae5975651cd5f4aed41e864c380,DELETE,regular-file,build/js/node_modules/caniuse-lite/data/features/dispatchevent.js,1894,
9c346c9bf08a3c644e264ea8b15d01d5583d0109,DELETE,regular-file,build/js/node_modules/caniuse-lite/data/features/dnssec.js,1871,
5d51d3f0490fddc2dac3eaa1970deb41ee489868,DELETE,regular-file,build/js/node_modules/caniuse-lite/data/features/do-not-track.js,1939,
9cabef8400ca95911bf776407c97ccf2df67e067,DELETE,regular-file,build/js/node_modules/caniuse-lite/data/features/document-currentscript.js,1874,
b211e005b34c652d3336ed053e52863c41dd3222,DELETE,regular-file,build/js/node_modules/caniuse-lite/data/features/document-evaluate-xpath.js,1849,
a833732f2d480ad479b0a8845d5af747b0dd080d,DELETE,regular-file,build/js/node_modules/caniuse-lite/data/features/document-execcommand.js,1883,
4b8109461cb16ee1514693ce078a05f93a03066f,DELETE,regular-file,build/js/node_modules/caniuse-lite/data/features/document-policy.js,1869,
db40da612c4e0f856f8bf24b2f29e1beff9ff1b3,DELETE,regular-file,build/js/node_modules/caniuse-lite/data/features/document-scrollingelement.js,1884,
98e1efcfd7651878361f012f0dd114de03992319,DELETE,regular-file,build/js/node_modules/caniuse-lite/data/features/documenthead.js,1874,
7d2234c9dfdb5dadec6d6efda01993de82de3391,DELETE,regular-file,build/js/node_modules/caniuse-lite/data/features/dom-manip-convenience.js,1922,
e679094f98fcf69ebe2882a78da5796b617005d2,DELETE,regular-file,build/js/node_modules/caniuse-lite/data/features/dom-range.js,1849,
6c620309cc50b807541e45336a752216b4389470,DELETE,regular-file,build/js/node_modules/caniuse-lite/data/features/domcontentloaded.js,1832,
52e8fffc481d5a8a4f36e0796c0a7ad7a8572b42,DELETE,regular-file,build/js/node_modules/caniuse-lite/data/features/dommatrix.js,2012,
cefba770edfdbbb27d4be3c6f0756606b7cd0541,DELETE,regular-file,build/js/node_modules/caniuse-lite/data/features/download.js,1882,
213f2ac4847d260ffddf918e16bbec9d4d837e45,DELETE,regular-file,build/js/node_modules/caniuse-lite/data/features/dragndrop.js,1889,
c3be6834c6071c1854a2568aabb0ebab27f25a06,DELETE,regular-file,build/js/node_modules/caniuse-lite/data/features/element-closest.js,1881,
6c8b78dc8ad4db6010bff35ea8a3bb4946a815ad,DELETE,regular-file,build/js/node_modules/caniuse-lite/data/features/element-from-point.js,1893,
8a9361b595b2a32c2de01d23f86484bd3ae8d4c7,DELETE,regular-file,build/js/node_modules/caniuse-lite/data/features/element-scroll-methods.js,1935,
115445f2aad93319d6c4eb27d7c681ad6d906ae6,DELETE,regular-file,build/js/node_modules/caniuse-lite/data/features/eme.js,1916,
21cc17caffc9f372e7064d082ce6887274dcdc2a,DELETE,regular-file,build/js/node_modules/caniuse-lite/data/features/eot.js,1845,
b5061d11fee4778ba9ad93a78f089057c0060b92,DELETE,regular-file,build/js/node_modules/caniuse-lite/data/features/es5.js,1943,
eb1ed6064f2722e8da695822fa34c393dbd65808,DELETE,regular-file,build/js/node_modules/caniuse-lite/data/features/es6-class.js,1891,
2081e4260ebde2d37fed471916d0b44a6a4f73f7,DELETE,regular-file,build/js/node_modules/caniuse-lite/data/features/es6-generators.js,1872,
4957629b42795dfc909040d2f867de7e7ce17362,DELETE,regular-file,build/js/node_modules/caniuse-lite/data/features/es6-module-dynamic-import.js,1914,
0e8dee1b755481d1dfd1590906ea09cecea90410,DELETE,regular-file,build/js/node_modules/caniuse-lite/data/features/es6-module.js,1963,
65253ed93e8ab4b2953d317a27f7300f2d5b3da1,DELETE,regular-file,build/js/node_modules/caniuse-lite/data/features/es6-number.js,1913,
8f63a70496aee0461c777c1584310ebe5ecb3b5d,DELETE,regular-file,build/js/node_modules/caniuse-lite/data/features/es6-string-includes.js,1877,
210a6b47ccfbd36680c18bc501af51a087c10ee8,DELETE,regular-file,build/js/node_modules/caniuse-lite/data/features/es6.js,1985,
5ce77d4b08040221a56129cc0b702c7f3036b9e0,DELETE,regular-file,build/js/node_modules/caniuse-lite/data/features/eventsource.js,1876,
f8ba775586df12a4d497dba73e6f75b64ff5faee,DELETE,regular-file,build/js/node_modules/caniuse-lite/data/features/extended-system-fonts.js,1897,
353fba1e9c153f552639acd7e4ad41b60ea4064c,DELETE,regular-file,build/js/node_modules/caniuse-lite/data/features/feature-policy.js,1956,
47ca5e1b2b1ae9f20d17ac39e1f9875883816785,DELETE,regular-file,build/js/node_modules/caniuse-lite/data/features/fetch.js,1913,
85ce3a57bce303f4918ad1e9bf87aeac27850539,DELETE,regular-file,build/js/node_modules/caniuse-lite/data/features/fieldset-disabled.js,1929,
264456202bd1dd6c6b8928c4203ca88b9f4f3a4b,DELETE,regular-file,build/js/node_modules/caniuse-lite/data/features/fileapi.js,1974,
82913677849d93c4b38e8413e771a3b2ea819ae0,DELETE,regular-file,build/js/node_modules/caniuse-lite/data/features/filereader.js,1880,
ee4c1c20d2a357dc40fff793481c2107792e881a,DELETE,regular-file,build/js/node_modules/caniuse-lite/data/features/filereadersync.js,1893,
b2309ae0e96b4571c676d5e25b5a62b864914ef4,DELETE,regular-file,build/js/node_modules/caniuse-lite/data/features/filesystem.js,1889,
af67cb085729e4435f290a263a3a6c834fc7431e,DELETE,regular-file,build/js/node_modules/caniuse-lite/data/features/flac.js,1926,
1a8fdfebaf2ad40edb0c4cfb1799fe6a92347180,DELETE,regular-file,build/js/node_modules/caniuse-lite/data/features/flexbox-gap.js,1894,
3c1f55265a8d06cb80ac12a09b3cfee5aa70e7f2,DELETE,regular-file,build/js/node_modules/caniuse-lite/data/features/flexbox.js,1962,
1d1f414e200ecbf2e3feb9456cf88910e8a1b72c,DELETE,regular-file,build/js/node_modules/caniuse-lite/data/features/flow-root.js,1888,
09a54736a9dcf93ebdcae5533c2a54c80cae3b06,DELETE,regular-file,build/js/node_modules/caniuse-lite/data/features/focusin-focusout-events.js,1912,
93bcd5bc3ed36f7cafe21875118e4b067e540f1e,DELETE,regular-file,build/js/node_modules/caniuse-lite/data/features/font-family-system-ui.js,1936,
8060c244fa369d066a0edb26b1611910623f38a9,DELETE,regular-file,build/js/node_modules/caniuse-lite/data/features/font-feature.js,1953,
89585aec202ec6aaa24acfed9c996bdc640599fa,DELETE,regular-file,build/js/node_modules/caniuse-lite/data/features/font-kerning.js,1925,
caad413735c07960c9c39167a232d761c395faf1,DELETE,regular-file,build/js/node_modules/caniuse-lite/data/features/font-loading.js,1882,
7f4d79fd390e666b6083cda298d239d44789f49f,DELETE,regular-file,build/js/node_modules/caniuse-lite/data/features/font-size-adjust.js,1962,
403e4b5f7cec586dc205b50f855431d6484f2cfe,DELETE,regular-file,build/js/node_modules/caniuse-lite/data/features/font-smooth.js,1876,
6329f14fa8950d6b7f6574795d3713426d698d11,DELETE,regular-file,build/js/node_modules/caniuse-lite/data/features/font-unicode-range.js,1919,
760df278374a64d9e757c1ab484e181789cd1234,DELETE,regular-file,build/js/node_modules/caniuse-lite/data/features/font-variant-alternates.js,1973,
58274f42723786cefbfa1e6bae6652464ed524c4,DELETE,regular-file,build/js/node_modules/caniuse-lite/data/features/font-variant-numeric.js,1895,
b143dc99ec5a3c53f5379bca3736cb2dd61fdebe,DELETE,regular-file,build/js/node_modules/caniuse-lite/data/features/fontface.js,1876,
6624f97be7708c72a7b367edcef532e612f79c89,DELETE,regular-file,build/js/node_modules/caniuse-lite/data/features/form-attribute.js,1873,
67762ae1d394b939c35cc2e8f47072dac7d13df5,DELETE,regular-file,build/js/node_modules/caniuse-lite/data/features/form-submit-attributes.js,1910,
33e908712b3df5a8857cb74391ea1e3a2362e790,DELETE,regular-file,build/js/node_modules/caniuse-lite/data/features/form-validation.js,1913,
03260be6114f229a78e21269bc007a04f8a13eec,DELETE,regular-file,build/js/node_modules/caniuse-lite/data/features/forms.js,1902,
1a73caa28c9a6c51680d44d30571cee57c50d2e2,DELETE,regular-file,build/js/node_modules/caniuse-lite/data/features/fullscreen.js,1968,
d22ed017a5ee6b956a309a7cd5e560c7b5fd3fbb,DELETE,regular-file,build/js/node_modules/caniuse-lite/data/features/gamepad.js,1870,
3e7749f84f15254b7a628713b16e96a3e649957a,DELETE,regular-file,build/js/node_modules/caniuse-lite/data/features/geolocation.js,1959,
8589f087e9189ef73c70273831c00d69fb106d74,DELETE,regular-file,build/js/node_modules/caniuse-lite/data/features/getboundingclientrect.js,1958,
1d6d7d62fc840353dcfd9eaf4e16050fe28fa31c,DELETE,regular-file,build/js/node_modules/caniuse-lite/data/features/getcomputedstyle.js,1904,
e042b8fa4d0811ac489d733514bc6a71f2b20dcd,DELETE,regular-file,build/js/node_modules/caniuse-lite/data/features/getelementsbyclassname.js,1856,
ac11122e85cecc99f0720044437f93458b5a8059,DELETE,regular-file,build/js/node_modules/caniuse-lite/data/features/getrandomvalues.js,1896,
71d8ad6d7559858ec708e96ca8b634089c6fc37d,DELETE,regular-file,build/js/node_modules/caniuse-lite/data/features/gyroscope.js,1857,
8b3a5cdc39dd108dfbf075471821b7f9f1478c94,DELETE,regular-file,build/js/node_modules/caniuse-lite/data/features/hardwareconcurrency.js,1923,
6eac55adfa60737219c061efb283588a20ebc91c,DELETE,regular-file,build/js/node_modules/caniuse-lite/data/features/hashchange.js,1874,
e599bed6bc355e4b22c1f7c420f981d61cca0504,DELETE,regular-file,build/js/node_modules/caniuse-lite/data/features/heif.js,1860,
8223ab18858acc6cc33614dbc80a8c95e97bed22,DELETE,regular-file,build/js/node_modules/caniuse-lite/data/features/hevc.js,1956,
4ed9c301862c885d8296fb6ee4906c32fdc5239c,DELETE,regular-file,build/js/node_modules/caniuse-lite/data/features/hidden.js,1886,
bf24a2e27441fe42efb56b0c75084a6ac8541ccd,DELETE,regular-file,build/js/node_modules/caniuse-lite/data/features/high-resolution-time.js,1920,
8aaef11a1a9d52dec5f751c644c2901e25003170,DELETE,regular-file,build/js/node_modules/caniuse-lite/data/features/history.js,1896,
611b8c9d29d19fc6f82d119fe5103163f07b7d1d,DELETE,regular-file,build/js/node_modules/caniuse-lite/data/features/html-media-capture.js,1866,
c4cfa96fdf561d90e0527b4593dd65186e66d05c,DELETE,regular-file,build/js/node_modules/caniuse-lite/data/features/html5semantic.js,1971,
6fb24ae386ad25433b73beff32b9ce41a774a279,DELETE,regular-file,build/js/node_modules/caniuse-lite/data/features/http-live-streaming.js,1865,
779662581bbfc572510e3a3019e41c440834bace,DELETE,regular-file,build/js/node_modules/caniuse-lite/data/features/http2.js,1945,
ffff286f0669d5520960b9169717fa04f5908e05,DELETE,regular-file,build/js/node_modules/caniuse-lite/data/features/http3.js,1981,
ca1216ba4ac77bf500718caa8ad6bfc8b2934592,DELETE,regular-file,build/js/node_modules/caniuse-lite/data/features/iframe-sandbox.js,1893,
26a2d555762d606aae347a748ad38fd8cfda5d52,DELETE,regular-file,build/js/node_modules/caniuse-lite/data/features/iframe-seamless.js,1863,
f7f437c21aa4f965a2438fdbf60cd990daf1800d,DELETE,regular-file,build/js/node_modules/caniuse-lite/data/features/iframe-srcdoc.js,1934,
c56a71710c164f753e158b62d07cde1e10ba94af,DELETE,regular-file,build/js/node_modules/caniuse-lite/data/features/imagecapture.js,1896,
f1c8c7f245dfd7e0d76e70386de3c1b068046930,DELETE,regular-file,build/js/node_modules/caniuse-lite/data/features/ime.js,1857,
7e5d7f6e3490d1c75f19bc299e7672a4fb103024,DELETE,regular-file,build/js/node_modules/caniuse-lite/data/features/img-naturalwidth-naturalheight.js,1861,
b8ed59d9536bb5f2f91034b5fdf8a4cb747a8bf6,DELETE,regular-file,build/js/node_modules/caniuse-lite/data/features/import-maps.js,1907,
5d08e45bce26e5e6bf68d302de07de4749d4501d,DELETE,regular-file,build/js/node_modules/caniuse-lite/data/features/imports.js,1917,
9c5f981615d5a89afc30c9a4d3891128919ae483,DELETE,regular-file,build/js/node_modules/caniuse-lite/data/features/indeterminate-checkbox.js,1888,
31463c5683080e497a725045591cd6182f75a9f0,DELETE,regular-file,build/js/node_modules/caniuse-lite/data/features/indexeddb.js,1963,
bf3989fa8de750ed6a3cb60253001b677790f564,DELETE,regular-file,build/js/node_modules/caniuse-lite/data/features/indexeddb2.js,1948,
7c2ee60daf0f9c537594a26e4905be7df8903f9d,DELETE,regular-file,build/js/node_modules/caniuse-lite/data/features/inline-block.js,1847,
de51490492cd48ddb1626e577e0a0380420e1487,DELETE,regular-file,build/js/node_modules/caniuse-lite/data/features/innertext.js,1872,
2919bb6f5f276647572d3826daa5acd9787e343e,DELETE,regular-file,build/js/node_modules/caniuse-lite/data/features/input-autocomplete-onoff.js,1934,
6b8466c7d63093106be72751e69c2db05902b99c,DELETE,regular-file,build/js/node_modules/caniuse-lite/data/features/input-color.js,1876,
7f451123c57be6daf5c46440efcc966b59e5d73e,DELETE,regular-file,build/js/node_modules/caniuse-lite/data/features/input-datetime.js,1937,
84f78590e77beb06f57afb25db70999cc2a1b2e0,DELETE,regular-file,build/js/node_modules/caniuse-lite/data/features/input-email-tel-url.js,1890,
f963b27ca6364b79bbc01940db50bef6581a842f,DELETE,regular-file,build/js/node_modules/caniuse-lite/data/features/input-event.js,2045,
4999d4d53f881bc42ec27932d4a4f9aecdc6e64d,DELETE,regular-file,build/js/node_modules/caniuse-lite/data/features/input-file-accept.js,1977,
683d8f7609c2372a06eb0347e74dd450e6513fde,DELETE,regular-file,build/js/node_modules/caniuse-lite/data/features/input-file-directory.js,1875,
2c5e058b4293bc0f23794a9c3d3fa0747039dcc2,DELETE,regular-file,build/js/node_modules/caniuse-lite/data/features/input-file-multiple.js,1905,
d813f03941d6998270970cafe647d7df867833ab,DELETE,regular-file,build/js/node_modules/caniuse-lite/data/features/input-inputmode.js,1913,
2a0595ed061c4df30fa29f98bba6a26d33487a13,DELETE,regular-file,build/js/node_modules/caniuse-lite/data/features/input-minlength.js,1911,
44b288ddd151bb50174a0a01a88bc1472ab668aa,DELETE,regular-file,build/js/node_modules/caniuse-lite/data/features/input-number.js,1914,
2e7853e6a08c47e3d8e8206758a9c320499abcb2,DELETE,regular-file,build/js/node_modules/caniuse-lite/data/features/input-pattern.js,1918,
3a381a5b94230d64397d36c49a85dab217c60cf5,DELETE,regular-file,build/js/node_modules/caniuse-lite/data/features/input-placeholder.js,1883,
6d5d52d0315b8e46512f1a2a35744a979f0e36bb,DELETE,regular-file,build/js/node_modules/caniuse-lite/data/features/input-range.js,1850,
79978f2e2da9951dd3d0bd618846b8d28173850a,DELETE,regular-file,build/js/node_modules/caniuse-lite/data/features/input-search.js,1945,
40f6cebbe4ba7342eb96767b7fadce386bdd7e5c,DELETE,regular-file,build/js/node_modules/caniuse-lite/data/features/input-selection.js,1876,
73423321914297d90714f88e455267cbaa1599f7,DELETE,regular-file,build/js/node_modules/caniuse-lite/data/features/insert-adjacent.js,1899,
93e3a73265daa48173dd29761fbfcddb54a4bf92,DELETE,regular-file,build/js/node_modules/caniuse-lite/data/features/insertadjacenthtml.js,1886,
86287f208200fd101bc80dfa7d38b7b373a8e6cd,DELETE,regular-file,build/js/node_modules/caniuse-lite/data/features/internationalization.js,1894,
28490278d551c92e44ca239261301bbec1c5aae7,DELETE,regular-file,build/js/node_modules/caniuse-lite/data/features/intersectionobserver-v2.js,1869,
2646f20a2f29e30e3df96304fc59393967b2d8ce,DELETE,regular-file,build/js/node_modules/caniuse-lite/data/features/intersectionobserver.js,1960,
4278a746d63b7294670e947f677aab3abde37c38,DELETE,regular-file,build/js/node_modules/caniuse-lite/data/features/intl-pluralrules.js,1898,
261c760188d99382f4ef281f64ee7a6367a806c6,DELETE,regular-file,build/js/node_modules/caniuse-lite/data/features/intrinsic-width.js,2073,
071adb90bc7888873878cda8e4083aebecd42171,DELETE,regular-file,build/js/node_modules/caniuse-lite/data/features/jpeg2000.js,1852,
c7a898285155481849502c221e93bef462ac2a80,DELETE,regular-file,build/js/node_modules/caniuse-lite/data/features/jpegxl.js,1880,
a5e0f97be03324f676e02cab3af932c032900b85,DELETE,regular-file,build/js/node_modules/caniuse-lite/data/features/jpegxr.js,1842,
f2f12d4cda4803fa758a04d83856aa56fcba14c6,DELETE,regular-file,build/js/node_modules/caniuse-lite/data/features/js-regexp-lookbehind.js,1906,
a0e2ab0c79bbdf61f820f2b7e3331386037d4196,DELETE,regular-file,build/js/node_modules/caniuse-lite/data/features/json.js,1860,
9bc0b323d1f74a3ca624b5b3d47e75e89eb2802a,DELETE,regular-file,build/js/node_modules/caniuse-lite/data/features/justify-content-space-evenly.js,1953,
b1443cb075d9d085029c5fda6fdcc42e40893d0f,DELETE,regular-file,build/js/node_modules/caniuse-lite/data/features/kerning-pairs-ligatures.js,1905,
055af9adb0efab61e6f6d4a30fca53738850578e,DELETE,regular-file,build/js/node_modules/caniuse-lite/data/features/keyboardevent-charcode.js,1896,
dbb1e71307df9782dbf271306e8d8864bc77e62d,DELETE,regular-file,build/js/node_modules/caniuse-lite/data/features/keyboardevent-code.js,1892,
1850c0cc9ab63ff65056cb20ebba23237d93c2fc,DELETE,regular-file,build/js/node_modules/caniuse-lite/data/features/keyboardevent-getmodifierstate.js,1904,
aa1bd228b78ea7da9a5f22e73c0e77f91da3b28a,DELETE,regular-file,build/js/node_modules/caniuse-lite/data/features/keyboardevent-key.js,1915,
271063db263203edd542243def2737c6388c618c,DELETE,regular-file,build/js/node_modules/caniuse-lite/data/features/keyboardevent-location.js,1933,
f3c208ad560c4dad3f8fb65b80d79eb3ffe7a0e9,DELETE,regular-file,build/js/node_modules/caniuse-lite/data/features/keyboardevent-which.js,1891,
527bfaaeb82b94423187b90e60be38b10fd0661d,DELETE,regular-file,build/js/node_modules/caniuse-lite/data/features/lazyload.js,1852,
ca58c3f9e2f9d67a95aa356a2e4ac9bfabbd00b2,DELETE,regular-file,build/js/node_modules/caniuse-lite/data/features/let.js,1930,
60b21e85b014c1310e5c21a44418d082b6247706,DELETE,regular-file,build/js/node_modules/caniuse-lite/data/features/link-icon-png.js,1856,
034b2980919272e41f0c5bad1ef9cdec22cca8f5,DELETE,regular-file,build/js/node_modules/caniuse-lite/data/features/link-icon-svg.js,1931,
9ffe4cefc35b2f7ecdf783cfa52af1adb2c0722b,DELETE,regular-file,build/js/node_modules/caniuse-lite/data/features/link-rel-dns-prefetch.js,1901,
31ad0403e3a93fd8a174b97c561221aba4a4467f,DELETE,regular-file,build/js/node_modules/caniuse-lite/data/features/link-rel-modulepreload.js,1893,
a075f3349e0ec5523ad1e5de8037623c98511961,DELETE,regular-file,build/js/node_modules/caniuse-lite/data/features/link-rel-preconnect.js,1914,
496dbee928f3359f15b8575e2bce912baab9c5c3,DELETE,regular-file,build/js/node_modules/caniuse-lite/data/features/link-rel-prefetch.js,1886,
4b322155ca10c5581d4486bc32632057a496777b,DELETE,regular-file,build/js/node_modules/caniuse-lite/data/features/link-rel-preload.js,1928,
77c86444ba03edec697ca96dedc410070baf1f61,DELETE,regular-file,build/js/node_modules/caniuse-lite/data/features/link-rel-prerender.js,1871,
2a61cb4cf6236fd8ebc584a0541ca77fea8a153d,DELETE,regular-file,build/js/node_modules/caniuse-lite/data/features/loading-lazy-attr.js,1973,
da66fca20b998dddfeecf387f9bccd1aeb3fef38,DELETE,regular-file,build/js/node_modules/caniuse-lite/data/features/localecompare.js,1936,
fbc056fe050fa451b61ca51f657230461edc08a9,DELETE,regular-file,build/js/node_modules/caniuse-lite/data/features/magnetometer.js,1840,
747ba341d47de28db9b13e623db634556b3ff366,DELETE,regular-file,build/js/node_modules/caniuse-lite/data/features/matchesselector.js,1938,
4057d806f829979c877620b25156f905eb956c9a,DELETE,regular-file,build/js/node_modules/caniuse-lite/data/features/matchmedia.js,1874,
a85a2941eda59377381b7ba53743cda004e08f99,DELETE,regular-file,build/js/node_modules/caniuse-lite/data/features/mathml.js,1955,
c7736155671b2579f43ba9bea264c3947fb0fa6d,DELETE,regular-file,build/js/node_modules/caniuse-lite/data/features/maxlength.js,1989,
4b51d618ccb419e02bc46a30b9a30e84e63db57e,DELETE,regular-file,build/js/node_modules/caniuse-lite/data/features/mdn-css-backdrop-pseudo-element.js,1825,
b4b9ee92eeb820056b0c524138b441964f61be4b,DELETE,regular-file,build/js/node_modules/caniuse-lite/data/features/mdn-css-unicode-bidi-isolate-override.js,1828,
03ec639999e043335217789ecb1e3cec60f2221d,DELETE,regular-file,build/js/node_modules/caniuse-lite/data/features/mdn-css-unicode-bidi-isolate.js,1833,
6d27b1bc3bc09fe29f0cddfb147563ddff212ede,DELETE,regular-file,build/js/node_modules/caniuse-lite/data/features/mdn-css-unicode-bidi-plaintext.js,1821,
3ce0bcdb4e7e55c90afcd12b0dc141f0f930355b,DELETE,regular-file,build/js/node_modules/caniuse-lite/data/features/mdn-text-decoration-color.js,1824,
22e7b127ff7c7d6bf583f19caebe54cfcc799fbf,DELETE,regular-file,build/js/node_modules/caniuse-lite/data/features/mdn-text-decoration-line.js,1823,
42e75dcbf5c7f35e79b1f182dc57982c97f75a63,DELETE,regular-file,build/js/node_modules/caniuse-lite/data/features/mdn-text-decoration-shorthand.js,1809,
4965168938addbb48f0c4dea1b151d6ce16a9d8c,DELETE,regular-file,build/js/node_modules/caniuse-lite/data/features/mdn-text-decoration-style.js,1824,
98f0a63d3f6a273a37bf0ac7c043f35f0a95a60f,DELETE,regular-file,build/js/node_modules/caniuse-lite/data/features/media-fragments.js,1911,
2c86e66b866c68c9baebd9ed7d197d6945ba7e86,DELETE,regular-file,build/js/node_modules/caniuse-lite/data/features/mediacapture-fromelement.js,1925,
1a626f23802705951ff61f733d70c213f0ca3606,DELETE,regular-file,build/js/node_modules/caniuse-lite/data/features/mediarecorder.js,1907,
1ac79838494a85a3f28eb37396adbad217bbe099,DELETE,regular-file,build/js/node_modules/caniuse-lite/data/features/mediasource.js,1918,
378a66e4ca9c548b712bb706e072f9d5d17afcdf,DELETE,regular-file,build/js/node_modules/caniuse-lite/data/features/menu.js,1878,
c3cc17ec990cfae8c64dbe540d4c3919c394343c,DELETE,regular-file,build/js/node_modules/caniuse-lite/data/features/meta-theme-color.js,1873,
734b65b50ec7088350a8a1843752b9154d4bdf72,DELETE,regular-file,build/js/node_modules/caniuse-lite/data/features/meter.js,1871,
df4f3a1882a6c18046ea407be25750d19a53aa1d,DELETE,regular-file,build/js/node_modules/caniuse-lite/data/features/midi.js,1858,
a20009209387e7810498ff1dee2f29679c38f8d7,DELETE,regular-file,build/js/node_modules/caniuse-lite/data/features/minmaxwh.js,1856,
61967f02ff5f70e4d666b807c1a64212246d401e,DELETE,regular-file,build/js/node_modules/caniuse-lite/data/features/mp3.js,1876,
2a24e13205556d564982142b5e30b625bcc56374,DELETE,regular-file,build/js/node_modules/caniuse-lite/data/features/mpeg-dash.js,1872,
a85c03489b5a20c8213ff9174408e31c7ffc8fd9,DELETE,regular-file,build/js/node_modules/caniuse-lite/data/features/mpeg4.js,1885,
d074328a52e5987ed2775e408d527e050bc028df,DELETE,regular-file,build/js/node_modules/caniuse-lite/data/features/multibackgrounds.js,1853,
bdb13a014a5d2f775d370207f33059ff1589be4f,DELETE,regular-file,build/js/node_modules/caniuse-lite/data/features/multicolumn.js,2007,
1ef8d594e87d4621c1ad3ca7631cec9ddb1cadd5,DELETE,regular-file,build/js/node_modules/caniuse-lite/data/features/mutation-events.js,1974,
3ce70822c47cb0c6acc4b9ada16202b915e5e04e,DELETE,regular-file,build/js/node_modules/caniuse-lite/data/features/mutationobserver.js,1920,
f1a0e15e499e807664c73c89fa3ffd744ec1f0e3,DELETE,regular-file,build/js/node_modules/caniuse-lite/data/features/namevalue-storage.js,1876,
2754a6d7f15995884e85ba19cfedb97e463b93af,DELETE,regular-file,build/js/node_modules/caniuse-lite/data/features/native-filesystem-api.js,1898,
049c3d88e359f42e10b4c271c3435647e5c9aac1,DELETE,regular-file,build/js/node_modules/caniuse-lite/data/features/nav-timing.js,1892,
a0abf2752e3d597f81054bb6390a14ff0d36ef5f,DELETE,regular-file,build/js/node_modules/caniuse-lite/data/features/netinfo.js,1904,
1073a18b1af684b8147926084c88002e4446126b,DELETE,regular-file,build/js/node_modules/caniuse-lite/data/features/notifications.js,1905,
64046c076e9b865d85707dafe792dafd9479a49c,DELETE,regular-file,build/js/node_modules/caniuse-lite/data/features/object-entries.js,1885,
97fb253948ef0a492c2b04ab1cfa00d408bfcd07,DELETE,regular-file,build/js/node_modules/caniuse-lite/data/features/object-fit.js,1928,
afc38c18eef74fc5736610a85312cc973b39bb8e,DELETE,regular-file,build/js/node_modules/caniuse-lite/data/features/object-observe.js,1855,
12ed2439ee7ea9bcc465fdfdd4cd64d147d48f50,DELETE,regular-file,build/js/node_modules/caniuse-lite/data/features/object-values.js,1884,
daff82191bec421aef253112cf2e7803410a2575,DELETE,regular-file,build/js/node_modules/caniuse-lite/data/features/objectrtc.js,1848,
51589236b6d6c0bcec70cec419145af1c05a9851,DELETE,regular-file,build/js/node_modules/caniuse-lite/data/features/offline-apps.js,1924,
faa4c667b582252d4c28c938d394aa34585c396e,DELETE,regular-file,build/js/node_modules/caniuse-lite/data/features/offscreencanvas.js,1921,
976cb3e96ceb77676517475b6c151431bca87701,DELETE,regular-file,build/js/node_modules/caniuse-lite/data/features/ogg-vorbis.js,1906,
cbc65545d67398ef95ea694fb65bc6ddf5ff1873,DELETE,regular-file,build/js/node_modules/caniuse-lite/data/features/ogv.js,1881,
58c3bd1648e49b63a0ac614ec8bfab13da3e3694,DELETE,regular-file,build/js/node_modules/caniuse-lite/data/features/ol-reversed.js,1920,
6907788c0eedb80c98563b3d798ec29d27a4a2e0,DELETE,regular-file,build/js/node_modules/caniuse-lite/data/features/once-event-listener.js,1900,
73d7aeb55cfc64e48188307adf9486002f0386ed,DELETE,regular-file,build/js/node_modules/caniuse-lite/data/features/online-status.js,1929,
16e829cc9cba62abe9e62c60a876ce11fd0bc62c,DELETE,regular-file,build/js/node_modules/caniuse-lite/data/features/opus.js,1932,
f0c9f3014720e529d216209e55ee862cc06f02ed,DELETE,regular-file,build/js/node_modules/caniuse-lite/data/features/orientation-sensor.js,1866,
d7c3563d1252d1000d8d1df4ae6b1f83da6421e2,DELETE,regular-file,build/js/node_modules/caniuse-lite/data/features/outline.js,1882,
880b1af9c8da52cd0d88d3d112ec9486741461a4,DELETE,regular-file,build/js/node_modules/caniuse-lite/data/features/pad-start-end.js,1918,
3df70d0e321052c99d69f6b90ec0c219631de521,DELETE,regular-file,build/js/node_modules/caniuse-lite/data/features/page-transition-events.js,1873,
72881e2858f80bc078305469abd4961116b19c78,DELETE,regular-file,build/js/node_modules/caniuse-lite/data/features/pagevisibility.js,1914,
b6cd626e9de5ab1a4e98adcdd889e01bc923a369,DELETE,regular-file,build/js/node_modules/caniuse-lite/data/features/passive-event-listener.js,1893,
57daa42843f29ef81fa322ca00cdf83aba8aead4,DELETE,regular-file,build/js/node_modules/caniuse-lite/data/features/passkeys.js,1873,
50ffa8d54c2e1dfcd8ca3263aa6ea70b74b0f44a,DELETE,regular-file,build/js/node_modules/caniuse-lite/data/features/passwordrules.js,1907,
6835906b251892465527c973968a2d04f1789b7f,DELETE,regular-file,build/js/node_modules/caniuse-lite/data/features/path2d.js,1933,
6a431397c9cad0b54e75b7caca96915968d7a890,DELETE,regular-file,build/js/node_modules/caniuse-lite/data/features/payment-request.js,1999,
f0dd097867fd215901e91514465b0e95707933c4,DELETE,regular-file,build/js/node_modules/caniuse-lite/data/features/pdf-viewer.js,1872,
6817e62166225f14a1dc4537b20c9f4a6c2389af,DELETE,regular-file,build/js/node_modules/caniuse-lite/data/features/permissions-api.js,1867,
758787426cbdbfc8b5362d1f9f456e7ce6b1d2a7,DELETE,regular-file,build/js/node_modules/caniuse-lite/data/features/permissions-policy.js,1964,
6d33763177f51e572eba3665d1befa0c1854e15e,DELETE,regular-file,build/js/node_modules/caniuse-lite/data/features/picture-in-picture.js,1943,
d92a2b8d2ab08e9570f5b628b9fa2ebf1af01e17,DELETE,regular-file,build/js/node_modules/caniuse-lite/data/features/picture.js,1897,
6b108c47ac43c4aedc04195850e4497a35bb88a5,DELETE,regular-file,build/js/node_modules/caniuse-lite/data/features/ping.js,1879,
03194d98bc08ce96827cdf6208a743fd8737fe7f,DELETE,regular-file,build/js/node_modules/caniuse-lite/data/features/png-alpha.js,1844,
f742e053a0715a9cd85098a9a970a200da74d9c4,DELETE,regular-file,build/js/node_modules/caniuse-lite/data/features/pointer-events.js,1875,
0ed2edcdeb7fb8318aa76e6e1bae84d67464999b,DELETE,regular-file,build/js/node_modules/caniuse-lite/data/features/pointer.js,1979,
89ca3b468af997f59c7e682e4859641f1f895513,DELETE,regular-file,build/js/node_modules/caniuse-lite/data/features/pointerlock.js,1893,
cabc96f63868dece9787b697bb000577f1c8d1bc,DELETE,regular-file,build/js/node_modules/caniuse-lite/data/features/portals.js,1875,
2e1422a5e2cf14c104d8f316ef6f2aa836f78e3f,DELETE,regular-file,build/js/node_modules/caniuse-lite/data/features/prefers-color-scheme.js,1902,
da5b7780450db28ca72eb3da12c181ae0b47d941,DELETE,regular-file,build/js/node_modules/caniuse-lite/data/features/prefers-reduced-motion.js,1904,
b7878275908d52fbcccb8fe5f9bde2fe020ec0fa,DELETE,regular-file,build/js/node_modules/caniuse-lite/data/features/progress.js,1882,
9c17c38c1008d3b7dd4f67a38604ee506a854579,DELETE,regular-file,build/js/node_modules/caniuse-lite/data/features/promise-finally.js,1895,
006b8032e0c7f06381d66c289e9404bb485f4128,DELETE,regular-file,build/js/node_modules/caniuse-lite/data/features/promises.js,1878,
e94f686d76386b7170dd4ac01c6015bf8355032b,DELETE,regular-file,build/js/node_modules/caniuse-lite/data/features/proximity.js,1829,
b62cbc15db6045a6156c1397dea17f15e7358987,DELETE,regular-file,build/js/node_modules/caniuse-lite/data/features/proxy.js,1884,
c96ca094f85e4682e99088c45b423c310f4ef4b5,DELETE,regular-file,build/js/node_modules/caniuse-lite/data/features/publickeypinning.js,1876,
316b584d77a7a78f2894844c8dfc2458a9bb1894,DELETE,regular-file,build/js/node_modules/caniuse-lite/data/features/push-api.js,1923,
cc4ee8125fe6b0cbf55ed4821a1af8f35b1e6375,DELETE,regular-file,build/js/node_modules/caniuse-lite/data/features/queryselector.js,1872,
b91ae79018368462f5bf406c367e5ddcab3b8622,DELETE,regular-file,build/js/node_modules/caniuse-lite/data/features/readonly-attr.js,1926,
997de197c5f3a2d91854d32b1f0d5b3a5b72dc97,DELETE,regular-file,build/js/node_modules/caniuse-lite/data/features/referrer-policy.js,2007,
202995d6d72d607b7387b2e7e0d74d95544757f5,DELETE,regular-file,build/js/node_modules/caniuse-lite/data/features/registerprotocolhandler.js,1872,
0b8d9c1c001b24a2a8421b9ae9c67b450cc18c3a,DELETE,regular-file,build/js/node_modules/caniuse-lite/data/features/rel-noopener.js,1882,
c2f2a8a77b5230f82eb27a6944a4da61ecf973b8,DELETE,regular-file,build/js/node_modules/caniuse-lite/data/features/rel-noreferrer.js,1893,
4ec45a65d5eb34a9ed4964872f89c178a6644843,DELETE,regular-file,build/js/node_modules/caniuse-lite/data/features/rellist.js,1918,
05f9dace732afdc9044363d0006b0c5d81ebfea6,DELETE,regular-file,build/js/node_modules/caniuse-lite/data/features/rem.js,1881,
0017ff70578247caba0e9297aa424cb41fe96255,DELETE,regular-file,build/js/node_modules/caniuse-lite/data/features/requestanimationframe.js,1937,
5918b8a24f0beb9080bb00b31cd6c441f18ed60e,DELETE,regular-file,build/js/node_modules/caniuse-lite/data/features/requestidlecallback.js,1907,
925e5937adab8cebed600622f32e0882eda822aa,DELETE,regular-file,build/js/node_modules/caniuse-lite/data/features/resizeobserver.js,1908,
14c1ccdf1394317359cde7779b40febb244e9fff,DELETE,regular-file,build/js/node_modules/caniuse-lite/data/features/resource-timing.js,1905,
4a4fcac14c06de950866059bc68dbdf19fc2254d,DELETE,regular-file,build/js/node_modules/caniuse-lite/data/features/rest-parameters.js,1889,
34e8015280c092fcae6ff5b4bf5c4cc54db370ce,DELETE,regular-file,build/js/node_modules/caniuse-lite/data/features/rtcpeerconnection.js,1933,
2c23a46b10f6626a9d4a0556fda376c7caf8edba,DELETE,regular-file,build/js/node_modules/caniuse-lite/data/features/ruby.js,1883,
f1d37e99756af24be2b5e68d9f388735bd76eb66,DELETE,regular-file,build/js/node_modules/caniuse-lite/data/features/run-in.js,1890,
c6f2afa2c0a5cb702322653a04f66dd7c080b8c4,DELETE,regular-file,build/js/node_modules/caniuse-lite/data/features/same-site-cookie-attribute.js,1971,
89d9d6163bb49e24b98ba466abff6f27a2abf8f3,DELETE,regular-file,build/js/node_modules/caniuse-lite/data/features/screen-orientation.js,1900,
c95397fc16c9609edb4736bf82d86546c268f36a,DELETE,regular-file,build/js/node_modules/caniuse-lite/data/features/script-async.js,1902,
57031bcd143c2fe841da6867ce902c2bb33b6c34,DELETE,regular-file,build/js/node_modules/caniuse-lite/data/features/script-defer.js,1904,
f52134818ec138e0fece0a18d5701907b74a0c1d,DELETE,regular-file,build/js/node_modules/caniuse-lite/data/features/scrollintoview.js,1941,
ae0cc039b047a51b5d829e910bff8ce1bcfe617f,DELETE,regular-file,build/js/node_modules/caniuse-lite/data/features/scrollintoviewifneeded.js,1888,
a20f7c0f60979c98432da7bb7828395fb32f00c1,DELETE,regular-file,build/js/node_modules/caniuse-lite/data/features/sdch.js,1871,
8a7ed6a8af3fc115bfaea92008721bf461e11e2b,DELETE,regular-file,build/js/node_modules/caniuse-lite/data/features/selection-api.js,1948,
d895e354c489ad6d5a0d5fb5afe35284cd9eb91b,DELETE,regular-file,build/js/node_modules/caniuse-lite/data/features/selectlist.js,1871,
91fe0e2a2051214da6f76c58ce51045c2eca50f5,DELETE,regular-file,build/js/node_modules/caniuse-lite/data/features/server-timing.js,1901,
c714712d271ae56fa899f20690ad43eebad3b574,DELETE,regular-file,build/js/node_modules/caniuse-lite/data/features/serviceworkers.js,1915,
506e894334b0279d7c411595107fd29c90cb5dce,DELETE,regular-file,build/js/node_modules/caniuse-lite/data/features/setimmediate.js,1863,
711f7aae6488b9ecf4d30d3de004ef2b72dbc4f6,DELETE,regular-file,build/js/node_modules/caniuse-lite/data/features/shadowdom.js,1906,
8f29015ff1782ed131197e4b6a6e157b6524cb81,DELETE,regular-file,build/js/node_modules/caniuse-lite/data/features/shadowdomv1.js,1915,
309089ca9fd38de84667a59a3c76178cf9c863c8,DELETE,regular-file,build/js/node_modules/caniuse-lite/data/features/sharedarraybuffer.js,1981,
26c584f3db53b231a4e1eca4f9c2ee96537afb11,DELETE,regular-file,build/js/node_modules/caniuse-lite/data/features/sharedworkers.js,1877,
d93e5cf034326f52b0e78857339cb53035546052,DELETE,regular-file,build/js/node_modules/caniuse-lite/data/features/sni.js,1870,
39de06651657cf826a388cd90eaab20fedce2134,DELETE,regular-file,build/js/node_modules/caniuse-lite/data/features/spdy.js,1905,
a215a575d8729259da06107e711120fa40d8e1d4,DELETE,regular-file,build/js/node_modules/caniuse-lite/data/features/speech-recognition.js,1902,
b5511edd9415dd46e42efc2fe209068f082c305b,DELETE,regular-file,build/js/node_modules/caniuse-lite/data/features/speech-synthesis.js,1904,
d1fe1357308336660ca279cac43f233ce5f78b34,DELETE,regular-file,build/js/node_modules/caniuse-lite/data/features/spellcheck-attribute.js,1860,
c8ba42a51ec591f9a7dcfc1a52d12154fffcd30b,DELETE,regular-file,build/js/node_modules/caniuse-lite/data/features/sql-storage.js,1924,
04ba3d4adc1b9091af9a3a899437b0a7dd7b8a07,DELETE,regular-file,build/js/node_modules/caniuse-lite/data/features/srcset.js,1950,
23ba050e18c0e71f60f24456394dc61120b93672,DELETE,regular-file,build/js/node_modules/caniuse-lite/data/features/stream.js,1948,
d253e8043cebc96322c791d58095d8f2f92d1fd3,DELETE,regular-file,build/js/node_modules/caniuse-lite/data/features/streams.js,2001,
65a0db6eed0ffdbfb4591a86210c442cf92c3008,DELETE,regular-file,build/js/node_modules/caniuse-lite/data/features/stricttransportsecurity.js,1879,
ddf3acbf00636af5056228470c008ac54214fb1f,DELETE,regular-file,build/js/node_modules/caniuse-lite/data/features/style-scoped.js,1854,
24ed624e9265711b05ee0297e10dff5ffa9abb2d,DELETE,regular-file,build/js/node_modules/caniuse-lite/data/features/subresource-bundling.js,1877,
98983dd003565d3f27d7326fc650b04f5161fdf7,DELETE,regular-file,build/js/node_modules/caniuse-lite/data/features/subresource-integrity.js,1893,
b914ca2193cb47d5ba09a929e8db320e60861a96,DELETE,regular-file,build/js/node_modules/caniuse-lite/data/features/svg-css.js,1910,
89c471070144418b3e28168ff66fa0de60162b22,DELETE,regular-file,build/js/node_modules/caniuse-lite/data/features/svg-filters.js,1869,
9be40cab8a0bd0b79b3c44d3eff56a2cf723d2df,DELETE,regular-file,build/js/node_modules/caniuse-lite/data/features/svg-fonts.js,1885,
d3aeee10cc7a6aa340c2fff85322a1c8d6cb977e,DELETE,regular-file,build/js/node_modules/caniuse-lite/data/features/svg-fragment.js,1945,
18d88c89152064ffb6eec66a83ca88c1b9cdd3ce,DELETE,regular-file,build/js/node_modules/caniuse-lite/data/features/svg-html.js,1876,
0a2cf80de1e0b5fd71c474eedb4abcc586177d70,DELETE,regular-file,build/js/node_modules/caniuse-lite/data/features/svg-html5.js,1933,
af5646814740fa0635963f1534e5b14129d355c4,DELETE,regular-file,build/js/node_modules/caniuse-lite/data/features/svg-img.js,1895,
e593ea58546d852e07e486c086452625f6a09e5d,DELETE,regular-file,build/js/node_modules/caniuse-lite/data/features/svg-smil.js,1880,
546abd6b455846290d4dfb26df529fedea10f8bc,DELETE,regular-file,build/js/node_modules/caniuse-lite/data/features/svg.js,1879,
a43c51975bdc4a091403ab2ac408ee1bef0c83ee,DELETE,regular-file,build/js/node_modules/caniuse-lite/data/features/sxg.js,1881,
3a7cc530cb2b05dac7e8012643f83a50f1866e8c,DELETE,regular-file,build/js/node_modules/caniuse-lite/data/features/tabindex-attr.js,1890,
82e04606d218b5eace333bcdcdc1fe51eb463fa0,DELETE,regular-file,build/js/node_modules/caniuse-lite/data/features/template-literals.js,1915,
f618ff32e83f3356aa951de0a2d6d2311684122e,DELETE,regular-file,build/js/node_modules/caniuse-lite/data/features/template.js,1920,
ebae0b9842f07f52df0459801abc5f0d08caa1ed,DELETE,regular-file,build/js/node_modules/caniuse-lite/data/features/temporal.js,1832,
e627ad3958a6bcf70073ed0c14b24efe02c0da30,DELETE,regular-file,build/js/node_modules/caniuse-lite/data/features/testfeat.js,1889,
8405f8d138262b94b0613daf2c3921fcc07b973d,DELETE,regular-file,build/js/node_modules/caniuse-lite/data/features/text-decoration.js,1969,
8f28b554e1f3df6237935f04812329780365eb14,DELETE,regular-file,build/js/node_modules/caniuse-lite/data/features/text-emphasis.js,1947,
4c01f23063cdef86a4a39d45555b9a245bf54b24,DELETE,regular-file,build/js/node_modules/caniuse-lite/data/features/text-overflow.js,1854,
a6df99dfa570f719223fb8e4049ab7f0b9f6cd85,DELETE,regular-file,build/js/node_modules/caniuse-lite/data/features/text-size-adjust.js,1893,
88b016f7e116307718aba821f42ac769dbf3bd9d,DELETE,regular-file,build/js/node_modules/caniuse-lite/data/features/text-stroke.js,1911,
70b532196037cef514545bc8b63128cdb61f03d5,DELETE,regular-file,build/js/node_modules/caniuse-lite/data/features/textcontent.js,1860,
ba685ea8de6fa1468891ac2808eb6849e10cd5f5,DELETE,regular-file,build/js/node_modules/caniuse-lite/data/features/textencoder.js,1891,
d0d37ddc7b66634d15d2ed7c777e31484aca064e,DELETE,regular-file,build/js/node_modules/caniuse-lite/data/features/tls1-1.js,1936,
43a6832e46fb881082e1810439ce1e5cd75adbc0,DELETE,regular-file,build/js/node_modules/caniuse-lite/data/features/tls1-2.js,1899,
5e60d325408c09923b428a4d1c0c5d1ed32d639b,DELETE,regular-file,build/js/node_modules/caniuse-lite/data/features/tls1-3.js,1918,
6a7cc753c1f5546f69b23cddf2d9206021c3f00e,DELETE,regular-file,build/js/node_modules/caniuse-lite/data/features/touch.js,1888,
3525eca8fa5e81bbe6eaf20f3e0fdfacd3e4bde2,DELETE,regular-file,build/js/node_modules/caniuse-lite/data/features/transforms2d.js,1919,
454496af0eeeb921a8f5259f35fe40cdc7ae6cfd,DELETE,regular-file,build/js/node_modules/caniuse-lite/data/features/transforms3d.js,1933,
fc5b0ebb7a97b01259b150519b6529d581cc1da9,DELETE,regular-file,build/js/node_modules/caniuse-lite/data/features/trusted-types.js,1892,
ae800bbc45f256eea4c13c56d119b2b6709b9937,DELETE,regular-file,build/js/node_modules/caniuse-lite/data/features/ttf.js,1888,
54f22e233addf2d97ddc6c4381c01cf19ad7c98d,DELETE,regular-file,build/js/node_modules/caniuse-lite/data/features/typedarrays.js,1902,
5097f1fa516c6530759331d0abdecc2c6d339307,DELETE,regular-file,build/js/node_modules/caniuse-lite/data/features/u2f.js,1896,
6c4431c8fcb67305060cb175d2aaf3478970d62b,DELETE,regular-file,build/js/node_modules/caniuse-lite/data/features/unhandledrejection.js,1919,
c86c3cac327056b9b7946bf5f9c59241ec6ab179,DELETE,regular-file,build/js/node_modules/caniuse-lite/data/features/upgradeinsecurerequests.js,1883,
69e6c796827634809e7df2e4b80d6293857f6ba4,DELETE,regular-file,build/js/node_modules/caniuse-lite/data/features/url-scroll-to-text-fragment.js,1912,
5fa7f2040a2a8201b5d088660d1eb462ec8a449b,DELETE,regular-file,build/js/node_modules/caniuse-lite/data/features/url.js,1907,
2df3ff3db05d93740e0529528553b30a1a6329c8,DELETE,regular-file,build/js/node_modules/caniuse-lite/data/features/urlsearchparams.js,1887,
9b0c2943d1a726e5fdb54999206d703c9d55b8eb,DELETE,regular-file,build/js/node_modules/caniuse-lite/data/features/use-strict.js,1890,
32f545f0ebca464adc59def4b7de695807aa5473,DELETE,regular-file,build/js/node_modules/caniuse-lite/data/features/user-select-none.js,1903,
48a4258db43b68e3fd0375f15e0886f4edc7f292,DELETE,regular-file,build/js/node_modules/caniuse-lite/data/features/user-timing.js,1873,
a4d2d4fafc49bca0067e12929be369ecb0b8cea2,DELETE,regular-file,build/js/node_modules/caniuse-lite/data/features/variable-fonts.js,2010,
5ef3147564dd4b986414c3c721ee351540582d72,DELETE,regular-file,build/js/node_modules/caniuse-lite/data/features/vector-effect.js,1899,
aedd55a6576b314edee5d05c92e6193289132d3b,DELETE,regular-file,build/js/node_modules/caniuse-lite/data/features/vibration.js,1872,
f3525e6b337e18d720f7596767958f919f79ae64,DELETE,regular-file,build/js/node_modules/caniuse-lite/data/features/video.js,1883,
1c719e946ecb4c04d2863fbbf9724d29396bc5cb,DELETE,regular-file,build/js/node_modules/caniuse-lite/data/features/videotracks.js,1884,
e99251150892a2ed0e98354bcada864a7e02141d,DELETE,regular-file,build/js/node_modules/caniuse-lite/data/features/view-transitions.js,1896,
a3da9bff7eff4f78edd80b9cd8d021c4b51059ca,DELETE,regular-file,build/js/node_modules/caniuse-lite/data/features/viewport-unit-variants.js,1928,
eeb539876067ed78e119fa813d76b230d06be759,DELETE,regular-file,build/js/node_modules/caniuse-lite/data/features/viewport-units.js,1950,
24d904a6d83df92e5269578f3c95a744e578bb09,DELETE,regular-file,build/js/node_modules/caniuse-lite/data/features/wai-aria.js,1865,
94e0697c68c0ea7c7769954502f482c2af90195e,DELETE,regular-file,build/js/node_modules/caniuse-lite/data/features/wake-lock.js,1916,
e4d1b4bcd9110d3ed51bd2aba44ae0fbfd695b17,DELETE,regular-file,build/js/node_modules/caniuse-lite/data/features/wasm-bigint.js,1919,
c7b80bf8845de4c680d6fa613a5fb3d9622f10d3,DELETE,regular-file,build/js/node_modules/caniuse-lite/data/features/wasm-bulk-memory.js,1907,
c56456758950eb103fff452a7f4ff32ec0ca5c1d,DELETE,regular-file,build/js/node_modules/caniuse-lite/data/features/wasm-extended-const.js,1909,
68c1952c47814781cba74be6586faccfe467856a,DELETE,regular-file,build/js/node_modules/caniuse-lite/data/features/wasm-gc.js,1880,
aae1206a2863810e8b972f018b55b695282903b6,DELETE,regular-file,build/js/node_modules/caniuse-lite/data/features/wasm-multi-memory.js,1874,
2041f75450695446fa1f1989fac3809d1e596bb5,DELETE,regular-file,build/js/node_modules/caniuse-lite/data/features/wasm-multi-value.js,1896,
83073c776acee960da5711de5641d0e79da9b56a,DELETE,regular-file,build/js/node_modules/caniuse-lite/data/features/wasm-mutable-globals.js,1917,
8ae0d2f43c9d66144cb57490cf0d257dd1bcef2c,DELETE,regular-file,build/js/node_modules/caniuse-lite/data/features/wasm-nontrapping-fptoint.js,1921,
0ba3ec01b5dafb84233b842f5057ea2f159c9f51,DELETE,regular-file,build/js/node_modules/caniuse-lite/data/features/wasm-reference-types.js,1900,
7c441b3ae03c7605ffbd8cc9785343d070c7be69,DELETE,regular-file,build/js/node_modules/caniuse-lite/data/features/wasm-relaxed-simd.js,1882,
fa4596722b60cb52a9cdf33b2e7583cde8ca030c,DELETE,regular-file,build/js/node_modules/caniuse-lite/data/features/wasm-signext.js,1909,
b5357a4f06e0d000e171ae7586538f8fc32de7c7,DELETE,regular-file,build/js/node_modules/caniuse-lite/data/features/wasm-simd.js,1889,
60ad813ab18af125d4cfb97221dcefa1d1a7ab4d,DELETE,regular-file,build/js/node_modules/caniuse-lite/data/features/wasm-tail-calls.js,1878,
ba18523e6a8dd189ff9666603191408117c1c808,DELETE,regular-file,build/js/node_modules/caniuse-lite/data/features/wasm-threads.js,1904,
21e490f1e79dc26dc60b4784d89695552c76e934,DELETE,regular-file,build/js/node_modules/caniuse-lite/data/features/wasm.js,1924,
9dac1212e3507b0e2dcceb3aee3f6cd4ad464425,DELETE,regular-file,build/js/node_modules/caniuse-lite/data/features/wav.js,1864,
b7452ef8b4e6f7ad1aa86ff375afd3f5ff07e11a,DELETE,regular-file,build/js/node_modules/caniuse-lite/data/features/wbr-element.js,1886,
43ceed1c176f776f417017c223c02708b17e8049,DELETE,regular-file,build/js/node_modules/caniuse-lite/data/features/web-animation.js,1997,
58b2d7c8ecba12b7ad8432469913d49434cf9494,DELETE,regular-file,build/js/node_modules/caniuse-lite/data/features/web-app-manifest.js,1896,
8b854a5d24877231e125f9fd832fcdf97e893252,DELETE,regular-file,build/js/node_modules/caniuse-lite/data/features/web-bluetooth.js,1915,
db65834fb748d7d5a2319de169a38c8deb04d430,DELETE,regular-file,build/js/node_modules/caniuse-lite/data/features/web-serial.js,1863,
f33931c091a5c6c7509295d6f0064b130b2fa36d,DELETE,regular-file,build/js/node_modules/caniuse-lite/data/features/web-share.js,1924,
c26a0151cfbb3fd88e939a5e28ba8954cce0807d,DELETE,regular-file,build/js/node_modules/caniuse-lite/data/features/webauthn.js,1949,
94df7397604e28b78612a321915860a1143e754f,DELETE,regular-file,build/js/node_modules/caniuse-lite/data/features/webcodecs.js,1893,
dd93044452cef8ecc1cf0d63cd75be6f0525331f,DELETE,regular-file,build/js/node_modules/caniuse-lite/data/features/webgl.js,1954,
1e5cc92e5de7b6994b380211b46926b4bf302c54,DELETE,regular-file,build/js/node_modules/caniuse-lite/data/features/webgl2.js,1933,
a6f9fd8686f2fcf419e5d63e8d443c03be711041,DELETE,regular-file,build/js/node_modules/caniuse-lite/data/features/webgpu.js,1952,
c9d58f8c857f3f4a35017b1f0b15cefd3c4b4dea,DELETE,regular-file,build/js/node_modules/caniuse-lite/data/features/webhid.js,1859,
aeea614cbc9861c6a79f5bffa8c42d96a960a498,DELETE,regular-file,build/js/node_modules/caniuse-lite/data/features/webkit-user-drag.js,1873,
a9e8eb2919ce16efcab0d227e5f6ac6961d6720a,DELETE,regular-file,build/js/node_modules/caniuse-lite/data/features/webm.js,1990,
e360ef1c1b8f3044f489e32aba57d09902a9df70,DELETE,regular-file,build/js/node_modules/caniuse-lite/data/features/webnfc.js,1843,
e19f1e3de907c0aebc6335dfcd036900406f3eb3,DELETE,regular-file,build/js/node_modules/caniuse-lite/data/features/webp.js,1955,
d6cb94cbefd21724a91b5642d71ff5a416461109,DELETE,regular-file,build/js/node_modules/caniuse-lite/data/features/websockets.js,1943,
e19f54786eb49efd2cf62e420718724359455e30,DELETE,regular-file,build/js/node_modules/caniuse-lite/data/features/webtransport.js,1871,
13135901b77f5ead22bbc5de2fcbc856472d4b46,DELETE,regular-file,build/js/node_modules/caniuse-lite/data/features/webusb.js,1860,
9b6dd1dc7f2780b352e616f632a9f9074edc7709,DELETE,regular-file,build/js/node_modules/caniuse-lite/data/features/webvr.js,1874,
76856d946d356485207df7f9a4b8e3bc11ac6ed3,DELETE,regular-file,build/js/node_modules/caniuse-lite/data/features/webvtt.js,1919,
47e906d8a0dfccb8a425837be076d1621f4c1452,DELETE,regular-file,build/js/node_modules/caniuse-lite/data/features/webworkers.js,1875,
f761445fa450243692a79a46c299ed38291a8108,DELETE,regular-file,build/js/node_modules/caniuse-lite/data/features/webxr.js,1908,
a7059b44a4e7b2f1f654f2e3a2ce647a26d23aea,DELETE,regular-file,build/js/node_modules/caniuse-lite/data/features/will-change.js,1890,
4f9f80290bba8d675264d719777de70d71d6978d,DELETE,regular-file,build/js/node_modules/caniuse-lite/data/features/woff.js,1893,
f456ae20cb52192b6337c75e5c3fee7e0895360a,DELETE,regular-file,build/js/node_modules/caniuse-lite/data/features/woff2.js,1897,
bee11bce11394861becabd5ce74131940fbd118f,DELETE,regular-file,build/js/node_modules/caniuse-lite/data/features/word-break.js,1873,
01208f139a627bc44c783a03620a312391cef607,DELETE,regular-file,build/js/node_modules/caniuse-lite/data/features/wordwrap.js,1900,
093efd35a9a4d0e14fbdf4794e07a684f8364d60,DELETE,regular-file,build/js/node_modules/caniuse-lite/data/features/x-doc-messaging.js,1868,
391140cb80b0dd27a8f24d9746fe494e36dafc0a,DELETE,regular-file,build/js/node_modules/caniuse-lite/data/features/x-frame-options.js,1910,
23ed87815601473450695b326a4155cb0b4af0cb,DELETE,regular-file,build/js/node_modules/caniuse-lite/data/features/xhr2.js,2097,
555dc5ac2291c00f2277233d6d0abdcedc0ec916,DELETE,regular-file,build/js/node_modules/caniuse-lite/data/features/xhtml.js,1853,
d5c3ae2496d73af050ebddd3677edd3b8ac866eb,DELETE,regular-file,build/js/node_modules/caniuse-lite/data/features/xhtmlsmil.js,1842,
2f790eca543e3ec126ee91ed5b54fd9436bbc990,DELETE,regular-file,build/js/node_modules/caniuse-lite/data/features/xml-serializer.js,1937,
8d7800f5f9602a63ee0c1c01fe1dd219601d618f,DELETE,regular-file,build/js/node_modules/caniuse-lite/data/features/zstd.js,1889,
fca8871d218f3b035463701e1e87df6808db1f05,DELETE,regular-file,build/js/node_modules/caniuse-lite/data/regions/AD.js,4352,
f4b481d4e635475b00df2990a5bd6bdf322228a7,DELETE,regular-file,build/js/node_modules/caniuse-lite/data/regions/AE.js,4751,
df58241cd3c377cc817c5decc35195e9e9685e47,DELETE,regular-file,build/js/node_modules/caniuse-lite/data/regions/AF.js,5059,
da3f0205a1ac2572743b218bfeeece2ff46514db,DELETE,regular-file,build/js/node_modules/caniuse-lite/data/regions/AG.js,4134,
a81fc7c96f8041f36b7af4ccd798be171270e8c2,DELETE,regular-file,build/js/node_modules/caniuse-lite/data/regions/AI.js,3772,
0b2502e9b9b1e742500dbd3a6df283058dba4b6c,DELETE,regular-file,build/js/node_modules/caniuse-lite/data/regions/AL.js,4709,
d39ef57f63f02d8e593a9c9d76d6d14f95d91ed5,DELETE,regular-file,build/js/node_modules/caniuse-lite/data/regions/AM.js,3963,
e2d2833611fa10809416d4833092d4db69b32fd4,DELETE,regular-file,build/js/node_modules/caniuse-lite/data/regions/AO.js,5075,
2f4bf9c234ec8da4418406f5cc645410b0f87942,DELETE,regular-file,build/js/node_modules/caniuse-lite/data/regions/AR.js,4739,
f1e784ee4fa430361b910085c15b3589a4705b97,DELETE,regular-file,build/js/node_modules/caniuse-lite/data/regions/AS.js,3560,
06790fafb45a742c94b96222754145c53b65b178,DELETE,regular-file,build/js/node_modules/caniuse-lite/data/regions/AT.js,4454,
1f8570ff91d7f92bfb7b816ba144ca9618eea76d,DELETE,regular-file,build/js/node_modules/caniuse-lite/data/regions/AU.js,4843,
fd2ccae146eed05e5c80ec69b278677deb574d8c,DELETE,regular-file,build/js/node_modules/caniuse-lite/data/regions/AW.js,4165,
cbe3ba64c004656ed38fcecec54054b96677207d,DELETE,regular-file,build/js/node_modules/caniuse-lite/data/regions/AX.js,3813,
a69aa171b3fcffcb01cdc6c8251698c8e33b8b73,DELETE,regular-file,build/js/node_modules/caniuse-lite/data/regions/AZ.js,4786,
972e33814e66cd4ccf0f2e5838ccb7fbce946bcb,DELETE,regular-file,build/js/node_modules/caniuse-lite/data/regions/BA.js,4734,
e708f54ba0003c6d6d3097958604905a1a0066d2,DELETE,regular-file,build/js/node_modules/caniuse-lite/data/regions/BB.js,4199,
7fc87531935e3f20093a69755053c3a4a1bbde97,DELETE,regular-file,build/js/node_modules/caniuse-lite/data/regions/BD.js,4997,
0ed4e35a89df04093152a28f802280d5465b96c0,DELETE,regular-file,build/js/node_modules/caniuse-lite/data/regions/BE.js,4661,
0f6b1deae4e0eed845465aa755a59dd5ca9d51cd,DELETE,regular-file,build/js/node_modules/caniuse-lite/data/regions/BF.js,4784,
2f33a7550863afcb882602e50e5a2280923fdb88,DELETE,regular-file,build/js/node_modules/caniuse-lite/data/regions/BG.js,4885,
81bb63fb8001a799ec0661418c258055679d558c,DELETE,regular-file,build/js/node_modules/caniuse-lite/data/regions/BH.js,4703,
61d9f84a2423e6deaa7c475bbeb6fdfe87abda86,DELETE,regular-file,build/js/node_modules/caniuse-lite/data/regions/BI.js,4724,
b22c1bd0b3b8caf36923b43aacfc1a641368bc39,DELETE,regular-file,build/js/node_modules/caniuse-lite/data/regions/BJ.js,4856,
056c7c3802717e92a0f653cc400beb7383794e1c,DELETE,regular-file,build/js/node_modules/caniuse-lite/data/regions/BM.js,3393,
02f107d646bb2906c2f7b44a42c0f860dae51780,DELETE,regular-file,build/js/node_modules/caniuse-lite/data/regions/BN.js,4385,
76a706df858a2b7617f8c743909518da87eef05b,DELETE,regular-file,build/js/node_modules/caniuse-lite/data/regions/BO.js,4663,
b47755cb7a558eb0620a1c26207bf9afaca54809,DELETE,regular-file,build/js/node_modules/caniuse-lite/data/regions/BR.js,4555,
76e6bbeb28acffb267b692d74531bc9affa3d300,DELETE,regular-file,build/js/node_modules/caniuse-lite/data/regions/BS.js,4085,
d5a6310b0c450ff88171c2322c47c51b9ed5e355,DELETE,regular-file,build/js/node_modules/caniuse-lite/data/regions/BT.js,4571,
9f5a5000c5deadc85cb05b67d5b6a5243a518878,DELETE,regular-file,build/js/node_modules/caniuse-lite/data/regions/BW.js,4708,
7431e1f9c6fb23837c7171bf8ecd3ea2bb4eac0d,DELETE,regular-file,build/js/node_modules/caniuse-lite/data/regions/BY.js,4717,
ae5d94495e219620b295dfdf4566159535515f08,DELETE,regular-file,build/js/node_modules/caniuse-lite/data/regions/BZ.js,4213,
13823b434aacb49ba50b4cb9b4c08850a03eded8,DELETE,regular-file,build/js/node_modules/caniuse-lite/data/regions/CA.js,4967,
91d84d7b0450627737bccffbbc7f6f2f9ddb0269,DELETE,regular-file,build/js/node_modules/caniuse-lite/data/regions/CD.js,5212,
3347e2735fb679c21079a5856afb094699a2311e,DELETE,regular-file,build/js/node_modules/caniuse-lite/data/regions/CF.js,3839,
44cb6bc191d01977aeba1fb191467a5ad5f9b0a5,DELETE,regular-file,build/js/node_modules/caniuse-lite/data/regions/CG.js,4653,
0b034ffaa59cae68c03f315ff9c6e78d082252f6,DELETE,regular-file,build/js/node_modules/caniuse-lite/data/regions/CH.js,4738,
d3cd1355e9415a3da55aee4c431a4d380e492b57,DELETE,regular-file,build/js/node_modules/caniuse-lite/data/regions/CI.js,4965,
88d123e5e44344fe84d81e8c3806be25a75edea3,DELETE,regular-file,build/js/node_modules/caniuse-lite/data/regions/CK.js,3651,
300f5587f28d3cc7452d40d40968685a0dcdf4e4,DELETE,regular-file,build/js/node_modules/caniuse-lite/data/regions/CL.js,4568,
91f9e67d3982dfa72cd9aeb016d24dcb0073cf64,DELETE,regular-file,build/js/node_modules/caniuse-lite/data/regions/CM.js,5424,
18801aa31afb3af8f47fd612aff3387e1db7291b,DELETE,regular-file,build/js/node_modules/caniuse-lite/data/regions/CN.js,5135,
e742f028d2095afa43be04e232b5a271ab8b9eb5,DELETE,regular-file,build/js/node_modules/caniuse-lite/data/regions/CO.js,4559,
d25ae5580531b2388f08dca32f797a094e2e747d,DELETE,regular-file,build/js/node_modules/caniuse-lite/data/regions/CR.js,4227,
e89dea5382dfc7ae4b5d3dff925afa3343c02c8e,DELETE,regular-file,build/js/node_modules/caniuse-lite/data/regions/CU.js,5804,
5bec83b750cc0eda9cf0aa3feff7e8a6c176827d,DELETE,regular-file,build/js/node_modules/caniuse-lite/data/regions/CV.js,4302,
34867d41931d9db6ce2dd5b07c3e0c8a7c41692d,DELETE,regular-file,build/js/node_modules/caniuse-lite/data/regions/CX.js,2728,
f0b69c49bb2eed87b7be2eba341717f31ee7ec11,DELETE,regular-file,build/js/node_modules/caniuse-lite/data/regions/CY.js,4605,
ab3ac0dfb2f2923c21525cbc4da6bb2dc818134c,DELETE,regular-file,build/js/node_modules/caniuse-lite/data/regions/CZ.js,4818,
c1907484cc4539b55a438f093ff9d8f4fd7e2aca,DELETE,regular-file,build/js/node_modules/caniuse-lite/data/regions/DE.js,5158,
bc42f6ab5f728e6e004b86279680aad63d7bbe5f,DELETE,regular-file,build/js/node_modules/caniuse-lite/data/regions/DJ.js,4281,
2d887fecdfaa427c95642b91958ac6dcd1d29421,DELETE,regular-file,build/js/node_modules/caniuse-lite/data/regions/DK.js,4381,
1e4cd2498598cecdd3a25430e3c83ca65ef6f02b,DELETE,regular-file,build/js/node_modules/caniuse-lite/data/regions/DM.js,4015,
ab0b54094c73e4d8919b8a6fc291d06ebce79f27,DELETE,regular-file,build/js/node_modules/caniuse-lite/data/regions/DO.js,4812,
c703e71da5093bc5c24bca5db4d1ea8c8686eb35,DELETE,regular-file,build/js/node_modules/caniuse-lite/data/regions/DZ.js,5256,
9014a77ff7e19628fd317fadea7d786db9d329d0,DELETE,regular-file,build/js/node_modules/caniuse-lite/data/regions/EC.js,4507,
496211f0db40b24212f05d015546f351ea92c4d7,DELETE,regular-file,build/js/node_modules/caniuse-lite/data/regions/EE.js,4492,
316641827e8ac68a0927f1fdb393622fe1ed45aa,DELETE,regular-file,build/js/node_modules/caniuse-lite/data/regions/EG.js,5129,
e18a58902ced96c89299c58847b64cecdda122fe,DELETE,regular-file,build/js/node_modules/caniuse-lite/data/regions/ER.js,3634,
0318c5e2d0590f0f4ec58fefe8802edda087fc75,DELETE,regular-file,build/js/node_modules/caniuse-lite/data/regions/ES.js,4936,
87da51759a69ac8fb44cd711ff6714b58f52a53b,DELETE,regular-file,build/js/node_modules/caniuse-lite/data/regions/ET.js,5471,
96dfcce124225647caced44bcaf6f4d9bca35c01,DELETE,regular-file,build/js/node_modules/caniuse-lite/data/regions/FI.js,4558,
ffbb7ac7353eb38ac58e989c0ab9668232b52c3a,DELETE,regular-file,build/js/node_modules/caniuse-lite/data/regions/FJ.js,4471,
ce03ef6160fb84d41831d156e01d4b0c3b424cab,DELETE,regular-file,build/js/node_modules/caniuse-lite/data/regions/FK.js,3485,
d48718dc49c4d8ebc0e9650c889a8059ba21bb20,DELETE,regular-file,build/js/node_modules/caniuse-lite/data/regions/FM.js,3690,
5acf6a007839f3048d6c4211853da2d3cd0439ee,DELETE,regular-file,build/js/node_modules/caniuse-lite/data/regions/FO.js,4167,
1f093b1c63182f8b9a2875aecae5bd429b13ada8,DELETE,regular-file,build/js/node_modules/caniuse-lite/data/regions/FR.js,5339,
ccdf343ae254d01ca83b9eb101cc9511b1e92e49,DELETE,regular-file,build/js/node_modules/caniuse-lite/data/regions/GA.js,4724,
92402947cc67dddb2517101aa673a166152543fd,DELETE,regular-file,build/js/node_modules/caniuse-lite/data/regions/GB.js,4823,
1bcbb69b1deeca866c33c216105af09544b8e48a,DELETE,regular-file,build/js/node_modules/caniuse-lite/data/regions/GD.js,4127,
946cceab2c8fb464593a41e0a4da783733ba1f09,DELETE,regular-file,build/js/node_modules/caniuse-lite/data/regions/GE.js,4839,
f698488b1f1f57e1982bf9c6b259eac265308914,DELETE,regular-file,build/js/node_modules/caniuse-lite/data/regions/GF.js,4297,
ebbe5c07f086d11fffbfdd5bd74d770b20c595e9,DELETE,regular-file,build/js/node_modules/caniuse-lite/data/regions/GG.js,3997,
fd43e1bc60eef5c690346f280d7830d21beee3af,DELETE,regular-file,build/js/node_modules/caniuse-lite/data/regions/GH.js,5239,
48ac5e435749974795a2cfe1dc9bee0cb6a331e4,DELETE,regular-file,build/js/node_modules/caniuse-lite/data/regions/GI.js,4326,
a49c396223f00915adc65858f5ee9bbb0e173d17,DELETE,regular-file,build/js/node_modules/caniuse-lite/data/regions/GL.js,3921,
1e12f5f77f2e6d4c0b13cfa875678514aff22248,DELETE,regular-file,build/js/node_modules/caniuse-lite/data/regions/GM.js,4921,
2279d1d33c3b5eed82c418c4889a9fca60d54976,DELETE,regular-file,build/js/node_modules/caniuse-lite/data/regions/GN.js,4846,
cc3d9695420712a702764619dbc4a2e7143341c6,DELETE,regular-file,build/js/node_modules/caniuse-lite/data/regions/GP.js,4406,
fc6935eafc93e624887f362b251723fd4f88f0bc,DELETE,regular-file,build/js/node_modules/caniuse-lite/data/regions/GQ.js,4378,
e2056cb6d0cef2c29c4c408c4e45c3a147160126,DELETE,regular-file,build/js/node_modules/caniuse-lite/data/regions/GR.js,4637,
f23a1250f1c83bd744f8f6301a17ebcadf44da3b,DELETE,regular-file,build/js/node_modules/caniuse-lite/data/regions/GT.js,4190,
9500db8f027299b6b25c97da7f56ebdc92db9976,DELETE,regular-file,build/js/node_modules/caniuse-lite/data/regions/GU.js,4259,
7fec0e623fd18a16433b675c6c3b06fca6071d0b,DELETE,regular-file,build/js/node_modules/caniuse-lite/data/regions/GW.js,4187,
3568bd780f6e9ebb5055b3666c93c2fb3529ee00,DELETE,regular-file,build/js/node_modules/caniuse-lite/data/regions/GY.js,4546,
10942700c7ecd2bd1f65554e86d9b2332c157ac7,DELETE,regular-file,build/js/node_modules/caniuse-lite/data/regions/HK.js,4983,
50c3e89b6247dbfc6649158de5d1ef59b6151412,DELETE,regular-file,build/js/node_modules/caniuse-lite/data/regions/HN.js,4440,
46dbc7eed8248a5453b374f61d376985ebe2106f,DELETE,regular-file,build/js/node_modules/caniuse-lite/data/regions/HR.js,4655,
36c75a95c4e31f188f944b70cab27563a5d7ae4a,DELETE,regular-file,build/js/node_modules/caniuse-lite/data/regions/HT.js,4857,
eee3ab380866d4896ed493b3859023c3853479fa,DELETE,regular-file,build/js/node_modules/caniuse-lite/data/regions/HU.js,4660,
6e0cb041a5dc232c33f9375d62faa2ff7c7b77c0,DELETE,regular-file,build/js/node_modules/caniuse-lite/data/regions/ID.js,4503,
d36ce65a9a948dbfaaf7d843dcf43ac83279bc03,DELETE,regular-file,build/js/node_modules/caniuse-lite/data/regions/IE.js,4594,
618c3837e3efc0593054d01cdc7aec0b402880ee,DELETE,regular-file,build/js/node_modules/caniuse-lite/data/regions/IL.js,4895,
1e40eae1716a2e5584bfac0e2d224c950c501143,DELETE,regular-file,build/js/node_modules/caniuse-lite/data/regions/IM.js,4183,
1349e9ce919decce35f76c51fdfbe28c3442e1f8,DELETE,regular-file,build/js/node_modules/caniuse-lite/data/regions/IN.js,4679,
1b89a0b3081260361891928df56bbcf892ef624e,DELETE,regular-file,build/js/node_modules/caniuse-lite/data/regions/IQ.js,4688,
dc418e2db0c84c4192f95893ab9e8f687b4a238f,DELETE,regular-file,build/js/node_modules/caniuse-lite/data/regions/IR.js,4978,
57b3ba8ccf3ffb90f213d4af78b544b7f3571817,DELETE,regular-file,build/js/node_modules/caniuse-lite/data/regions/IS.js,4130,
247eae24a339c9481bb651c868ad0a7a0783c00c,DELETE,regular-file,build/js/node_modules/caniuse-lite/data/regions/IT.js,4925,
462bb9067a6ad228ffe3e580165d8455360b4e67,DELETE,regular-file,build/js/node_modules/caniuse-lite/data/regions/JE.js,4056,
17c3a9317ef70429eb8da2b505f3a32ddee8157b,DELETE,regular-file,build/js/node_modules/caniuse-lite/data/regions/JM.js,4495,
e3277fe1d1665cb9e173b6631cf2d8ad0da12459,DELETE,regular-file,build/js/node_modules/caniuse-lite/data/regions/JO.js,4628,
d7dd4c83611052a645b064e14601fd8fe8e8404b,DELETE,regular-file,build/js/node_modules/caniuse-lite/data/regions/JP.js,4889,
5ed79d188fb28097589defcfa717a5dac419c446,DELETE,regular-file,build/js/node_modules/caniuse-lite/data/regions/KE.js,4869,
4cc958cf5248a6190ca45142b2cb00ce06a025c5,DELETE,regular-file,build/js/node_modules/caniuse-lite/data/regions/KG.js,4388,
374b28c7b1401e767ae23c619a137ff2f51f991e,DELETE,regular-file,build/js/node_modules/caniuse-lite/data/regions/KH.js,4721,
0f4544c18ed4fb10108a0b2f77d915705dfefa15,DELETE,regular-file,build/js/node_modules/caniuse-lite/data/regions/KI.js,3552,
44409e96c637f048e9056ca9a09dc1f4c9990f1b,DELETE,regular-file,build/js/node_modules/caniuse-lite/data/regions/KM.js,3921,
39a656eed6bb9e49f80bf5dd1179a618e3cb5775,DELETE,regular-file,build/js/node_modules/caniuse-lite/data/regions/KN.js,4143,
773f1061f32ca37fca01061f39c87099c4d121a5,DELETE,regular-file,build/js/node_modules/caniuse-lite/data/regions/KP.js,3027,
2da68ef1a4abc9b428a262dd3c710eb62f22021a,DELETE,regular-file,build/js/node_modules/caniuse-lite/data/regions/KR.js,4631,
122741fe69cd04a45284043cd67e5f049b34e287,DELETE,regular-file,build/js/node_modules/caniuse-lite/data/regions/KW.js,4600,
22d27531826a40d225577fbe042935a22d09051f,DELETE,regular-file,build/js/node_modules/caniuse-lite/data/regions/KY.js,4141,
666f9bc6c7a2a83f2276b3ef7a20e1ece5272f4a,DELETE,regular-file,build/js/node_modules/caniuse-lite/data/regions/KZ.js,4674,
bc234881ce91a38e6c747a17b3d51040b41a9e03,DELETE,regular-file,build/js/node_modules/caniuse-lite/data/regions/LA.js,4691,
5fda3d1fe7ddaf958beaec2262ab5a62a5455377,DELETE,regular-file,build/js/node_modules/caniuse-lite/data/regions/LB.js,4611,
3002ea1d8d9c37c4031338f128957fd6d1d960c6,DELETE,regular-file,build/js/node_modules/caniuse-lite/data/regions/LC.js,4122,
c8bd876926974e99b673564a5bb712c0e0523c89,DELETE,regular-file,build/js/node_modules/caniuse-lite/data/regions/LI.js,4197,
56bc34a9c92fa159991865ae596307ff3f0f70a1,DELETE,regular-file,build/js/node_modules/caniuse-lite/data/regions/LK.js,4430,
21dd9728429d41343fc30c43368d1c3f31866567,DELETE,regular-file,build/js/node_modules/caniuse-lite/data/regions/LR.js,4692,
e9abdd378203c023fbe94c8999c091155c72b29f,DELETE,regular-file,build/js/node_modules/caniuse-lite/data/regions/LS.js,4535,
8a50b5462d3ce5ef6a7b5570fc31a3d66ec7e906,DELETE,regular-file,build/js/node_modules/caniuse-lite/data/regions/LT.js,4800,
b669803b7067df391fea1d1f90e791cb187a4167,DELETE,regular-file,build/js/node_modules/caniuse-lite/data/regions/LU.js,4859,
c9e60c9c61fc437526af642eeab121eeacd3aa64,DELETE,regular-file,build/js/node_modules/caniuse-lite/data/regions/LV.js,4717,
92c1e4838963099f49ecf98c4a6c3b2e9b5f924f,DELETE,regular-file,build/js/node_modules/caniuse-lite/data/regions/LY.js,5002,
235c257902398ab5d27f416ad2bacca984ddad87,DELETE,regular-file,build/js/node_modules/caniuse-lite/data/regions/MA.js,5295,
7771b9afbf3cac7de038304c95b6dcb407c360fc,DELETE,regular-file,build/js/node_modules/caniuse-lite/data/regions/MC.js,4419,
5fe02d10635d2b5ef4a3c3b622279b21833c2d5a,DELETE,regular-file,build/js/node_modules/caniuse-lite/data/regions/MD.js,4621,
b7a034cc7d64d6e4f32d7ad3f2968888b9d6971f,DELETE,regular-file,build/js/node_modules/caniuse-lite/data/regions/ME.js,4388,
4c7636b707dd27f2f6f4e10d3d5af4c7f80fe1a4,DELETE,regular-file,build/js/node_modules/caniuse-lite/data/regions/MG.js,5174,
8c405656977cbf3f9e63814d6aa0f6a5d880a99d,DELETE,regular-file,build/js/node_modules/caniuse-lite/data/regions/MH.js,3657,
4f72eebbe89b3ab753b37f002a0dad59af5ce3fb,DELETE,regular-file,build/js/node_modules/caniuse-lite/data/regions/MK.js,4676,
dd13c38cf4cda66ee0a0d110ae6d3cebec7245be,DELETE,regular-file,build/js/node_modules/caniuse-lite/data/regions/ML.js,4888,
6f739be46fe4c0270277760ac3c8c936bbfa3cf0,DELETE,regular-file,build/js/node_modules/caniuse-lite/data/regions/MM.js,4854,
a750ab12ea606c7c421645298c282c3263b88445,DELETE,regular-file,build/js/node_modules/caniuse-lite/data/regions/MN.js,4689,
9121ea308c8b7b4072d34a98c34bdb89f01fd3ea,DELETE,regular-file,build/js/node_modules/caniuse-lite/data/regions/MO.js,4510,
d1b236402fe5c09a86263018862a2d6cc6b13158,DELETE,regular-file,build/js/node_modules/caniuse-lite/data/regions/MP.js,3906,
6177a9854163059bb52f535c228a9f820bb5664a,DELETE,regular-file,build/js/node_modules/caniuse-lite/data/regions/MQ.js,4104,
cec04eff63b99685b262c595242886ab3c32c2b1,DELETE,regular-file,build/js/node_modules/caniuse-lite/data/regions/MR.js,4597,
1fe3181a08c54f5771aaf9c092bbaff1c550ac00,DELETE,regular-file,build/js/node_modules/caniuse-lite/data/regions/MS.js,3412,
7c66fe76b9a7b467e98731d601f5c4f94579bf5b,DELETE,regular-file,build/js/node_modules/caniuse-lite/data/regions/MT.js,4438,
0a6f4f462f85d688058773f6679adef836ee964d,DELETE,regular-file,build/js/node_modules/caniuse-lite/data/regions/MU.js,4615,
688e42afa1eaac834d018ea03ccb6d048a9d227d,DELETE,regular-file,build/js/node_modules/caniuse-lite/data/regions/MV.js,4203,
19a75ed01d783187357093c47889b483bd3cdcb2,DELETE,regular-file,build/js/node_modules/caniuse-lite/data/regions/MW.js,5109,
13d6360d22beed84bd7d9c693d2697c4aaa9e444,DELETE,regular-file,build/js/node_modules/caniuse-lite/data/regions/MX.js,4661,
0e11441ad27b3f73d86fd58fc5e2c23fd3bce2b1,DELETE,regular-file,build/js/node_modules/caniuse-lite/data/regions/MY.js,4512,
7f118e9681456fd2ac52b3df4db63553d75ab91a,DELETE,regular-file,build/js/node_modules/caniuse-lite/data/regions/MZ.js,5098,
cb151b728dab1925c3486f186f2b07c73aabb7c7,DELETE,regular-file,build/js/node_modules/caniuse-lite/data/regions/NA.js,4709,
1e68c8ccb45fcfc8aa1f3752b9cac2ff4441c3db,DELETE,regular-file,build/js/node_modules/caniuse-lite/data/regions/NC.js,4364,
eb4faff01eb1c603168559f4e27092571f0052af,DELETE,regular-file,build/js/node_modules/caniuse-lite/data/regions/NE.js,4694,
b6deba0224a477a51d57932d4a90cf515a33cc43,DELETE,regular-file,build/js/node_modules/caniuse-lite/data/regions/NF.js,3075,
a5e8163ae6d8c9c8760961a7d4a7154dec860462,DELETE,regular-file,build/js/node_modules/caniuse-lite/data/regions/NG.js,5299,
f05fd367dc53e15dbc63ffad9994154edb22b2d9,DELETE,regular-file,build/js/node_modules/caniuse-lite/data/regions/NI.js,4537,
cd780ad461ec991a39140cabe7eb6c8de03fab0d,DELETE,regular-file,build/js/node_modules/caniuse-lite/data/regions/NL.js,4960,
f3cd74287d78ddba3ddcb8f797ee83beece3baa4,DELETE,regular-file,build/js/node_modules/caniuse-lite/data/regions/NO.js,4432,
3e52b7140da102b25badcc3911f79dd12bf7be9a,DELETE,regular-file,build/js/node_modules/caniuse-lite/data/regions/NP.js,4408,
c743c7a53c4dc68bde292e24726e8bc133122897,DELETE,regular-file,build/js/node_modules/caniuse-lite/data/regions/NR.js,3312,
3330ad7f834d8333bbe618bd24a88b04ae272ea3,DELETE,regular-file,build/js/node_modules/caniuse-lite/data/regions/NU.js,3029,
ae941b5e93dc5a2a43c8c451e68d1773cf433b10,DELETE,regular-file,build/js/node_modules/caniuse-lite/data/regions/NZ.js,4712,
983b52cd791c5b2e86f5c9eaa4b2a1818bd3d4fc,DELETE,regular-file,build/js/node_modules/caniuse-lite/data/regions/OM.js,4762,
05fab4ab7e403b0ecbdcf0d1b9c4aba4506151bf,DELETE,regular-file,build/js/node_modules/caniuse-lite/data/regions/PA.js,4527,
9387a93ed32e8d74540805992d4634d45bb2897a,DELETE,regular-file,build/js/node_modules/caniuse-lite/data/regions/PE.js,4470,
f81821e31e223a99370d55617153d51fb799bcee,DELETE,regular-file,build/js/node_modules/caniuse-lite/data/regions/PF.js,4447,
081e451956224a9fef4c14e8d11df045cdf82b4d,DELETE,regular-file,build/js/node_modules/caniuse-lite/data/regions/PG.js,4734,
7ec50efa30b687aecb51d67fdf17b2aba67adb94,DELETE,regular-file,build/js/node_modules/caniuse-lite/data/regions/PH.js,4617,
f4932804c63ef20c585472b4dc2fab166a2733dc,DELETE,regular-file,build/js/node_modules/caniuse-lite/data/regions/PK.js,4925,
d49860291cb76e3f82236daaaa063e824dec217b,DELETE,regular-file,build/js/node_modules/caniuse-lite/data/regions/PL.js,4707,
55f98d36c8ca4e504f627ef216770288ba9b58b6,DELETE,regular-file,build/js/node_modules/caniuse-lite/data/regions/PM.js,3693,
f5f720e24bc7d1438ae22e9729c61b14d14a03ac,DELETE,regular-file,build/js/node_modules/caniuse-lite/data/regions/PN.js,2989,
356a236d48d64f299a24a4de2e017b7ef3c1abee,DELETE,regular-file,build/js/node_modules/caniuse-lite/data/regions/PR.js,4344,
4e0353a5a46d1e94bc5e588fcd027adc3b646ae0,DELETE,regular-file,build/js/node_modules/caniuse-lite/data/regions/PS.js,4677,
e052858e6342a3385dd20bdf199e624e9efe90b8,DELETE,regular-file,build/js/node_modules/caniuse-lite/data/regions/PT.js,4452,
6c0a5643dea99ac4f761ae8ebe64507af92ccdfe,DELETE,regular-file,build/js/node_modules/caniuse-lite/data/regions/PW.js,3528,
a3ec30de0d180a62222c116568e1bd94f06c96b2,DELETE,regular-file,build/js/node_modules/caniuse-lite/data/regions/PY.js,4471,
c037b9b1464d9d2513763df3dfab3ef6e159d693,DELETE,regular-file,build/js/node_modules/caniuse-lite/data/regions/QA.js,4498,
ae8487ceeee3537126d5b6cac3ba2bfc34e9cbc9,DELETE,regular-file,build/js/node_modules/caniuse-lite/data/regions/RE.js,4472,
9e7b17f06c1e4e17c7018b71b878a59524c4e6f9,DELETE,regular-file,build/js/node_modules/caniuse-lite/data/regions/RO.js,4485,
fe552c91c858e71ef9aacd97c712fee801406afd,DELETE,regular-file,build/js/node_modules/caniuse-lite/data/regions/RS.js,5084,
dac5cc049db343a57767549f63cba2feca5a7a6f,DELETE,regular-file,build/js/node_modules/caniuse-lite/data/regions/RU.js,5047,
2d47c1578d90417d42672147f9ca6cd2bdf3c296,DELETE,regular-file,build/js/node_modules/caniuse-lite/data/regions/RW.js,4749,
a8d17c2531839c2d9f87ec0d882f6cf556e7fdba,DELETE,regular-file,build/js/node_modules/caniuse-lite/data/regions/SA.js,4711,
4b5a30792aa752851c2319285bc4ee53ae188b34,DELETE,regular-file,build/js/node_modules/caniuse-lite/data/regions/SB.js,4168,
fe9f800d91887d6259afe3797f8edd4a71958f06,DELETE,regular-file,build/js/node_modules/caniuse-lite/data/regions/SC.js,5466,
9e123c37a5d10addb96acf7506610f1e0ffa4eb7,DELETE,regular-file,build/js/node_modules/caniuse-lite/data/regions/SD.js,4335,
49c1b29034fdfdadb97a52d4778902ee5e8eafc1,DELETE,regular-file,build/js/node_modules/caniuse-lite/data/regions/SE.js,4649,
2a449555922a04cc74a33046c35e59797fdd78bd,DELETE,regular-file,build/js/node_modules/caniuse-lite/data/regions/SG.js,4835,
147f94185d4ec96f3a7cbf8e26eccde4dce4c3ba,DELETE,regular-file,build/js/node_modules/caniuse-lite/data/regions/SH.js,3090,
0020cece1ae4980a2989042e911931844703cc48,DELETE,regular-file,build/js/node_modules/caniuse-lite/data/regions/SI.js,4598,
4acf1dcbdcf369a78c4df7215369eea81f89efdf,DELETE,regular-file,build/js/node_modules/caniuse-lite/data/regions/SK.js,4598,
0d2a51c527ab9bd78baf0128b1fef86ec55c6a55,DELETE,regular-file,build/js/node_modules/caniuse-lite/data/regions/SL.js,4858,
24f5145f77f17c8f5dfb447641f881e2da946671,DELETE,regular-file,build/js/node_modules/caniuse-lite/data/regions/SM.js,3880,
ef5e318626a8cd0f2e5cfdba92b72ac9bb61aace,DELETE,regular-file,build/js/node_modules/caniuse-lite/data/regions/SN.js,4773,
6a4f37f53169a4d387b1c38d6187c9b90006d9d7,DELETE,regular-file,build/js/node_modules/caniuse-lite/data/regions/SO.js,4632,
1d9adf117bbdc0b9535e39f1c479312f11f320b6,DELETE,regular-file,build/js/node_modules/caniuse-lite/data/regions/SR.js,4330,
070c01a6f8eb4614aef31cb38b6250bd143605d6,DELETE,regular-file,build/js/node_modules/caniuse-lite/data/regions/ST.js,3629,
bf24f43e7179d3717bb761e019b4a76b1ffe6c5e,DELETE,regular-file,build/js/node_modules/caniuse-lite/data/regions/SV.js,4613,
b068b9ab9016ee4e02b625016807f90be260ba71,DELETE,regular-file,build/js/node_modules/caniuse-lite/data/regions/SY.js,5181,
10cb312c0e8c450c05508bd7fa453e533879eea2,DELETE,regular-file,build/js/node_modules/caniuse-lite/data/regions/SZ.js,4584,
bf1e9eabee0da5225675fc265621a532bb24e832,DELETE,regular-file,build/js/node_modules/caniuse-lite/data/regions/TC.js,3935,
8fe52cac1b3c3ce9dff724fed35242d22a40edae,DELETE,regular-file,build/js/node_modules/caniuse-lite/data/regions/TD.js,4599,
71b0dd94f7b5210528e14e7b1da069c8f62c10d9,DELETE,regular-file,build/js/node_modules/caniuse-lite/data/regions/TG.js,4462,
2f73e809d07ff2e78b3c6a2be241d890becd17a2,DELETE,regular-file,build/js/node_modules/caniuse-lite/data/regions/TH.js,4637,
bde14c0f95ded7f4d3988d0b2087f1f0d5d1b636,DELETE,regular-file,build/js/node_modules/caniuse-lite/data/regions/TJ.js,5002,
d52c3cc54b860a1c2bca52f82a874a894f7d78e9,DELETE,regular-file,build/js/node_modules/caniuse-lite/data/regions/TL.js,5094,
3057bdfca6c19fb4d0b065d596975e08cb098fee,DELETE,regular-file,build/js/node_modules/caniuse-lite/data/regions/TM.js,3596,
cdb408ecf562d8cb58f8a90289c924b41e6de8b5,DELETE,regular-file,build/js/node_modules/caniuse-lite/data/regions/TN.js,4837,
4916fc41ecd2d99b9e2d4580d2ef92bb220b08a5,DELETE,regular-file,build/js/node_modules/caniuse-lite/data/regions/TO.js,4003,
8fb5e128694bc4806ed28fb64a9388655baf33fd,DELETE,regular-file,build/js/node_modules/caniuse-lite/data/regions/TR.js,5024,
7659c3a536d179ec2b1561b96ad782f0a13ec4d6,DELETE,regular-file,build/js/node_modules/caniuse-lite/data/regions/TT.js,4458,
6c4a229732a7abc8b613fd02378421783e0371e4,DELETE,regular-file,build/js/node_modules/caniuse-lite/data/regions/TV.js,3261,
1032757976925bf1a4f8fc44a48fc7be36f2e7bd,DELETE,regular-file,build/js/node_modules/caniuse-lite/data/regions/TW.js,4827,
082fc65e45e75d98a3b49ee3f19b17ceb6de236a,DELETE,regular-file,build/js/node_modules/caniuse-lite/data/regions/TZ.js,4847,
8c9083dc62564366ecd14c1291f87e74f66f0aa9,DELETE,regular-file,build/js/node_modules/caniuse-lite/data/regions/UA.js,4988,
27ce33bfc6f05ea4e711f33ffc13e34db8fdabbc,DELETE,regular-file,build/js/node_modules/caniuse-lite/data/regions/UG.js,5082,
245d9862ee82cdc4f17e4ee81250ab6a2c7f74c2,DELETE,regular-file,build/js/node_modules/caniuse-lite/data/regions/US.js,5257,
66fdf9befb0ddc80b1ccb95fe4436664ca7d7dfe,DELETE,regular-file,build/js/node_modules/caniuse-lite/data/regions/UY.js,4611,
d8d24d560ac4b781051d7c0c4fcb56a4dc76ac68,DELETE,regular-file,build/js/node_modules/caniuse-lite/data/regions/UZ.js,4687,
5b3e5e9c146ef3a1e9862a92c252a69f6fc651f9,DELETE,regular-file,build/js/node_modules/caniuse-lite/data/regions/VA.js,3334,
8ce573175e8f43653bc24eadced1447d23e970fd,DELETE,regular-file,build/js/node_modules/caniuse-lite/data/regions/VC.js,4020,
7ea9e3bddc7cdf20bb0efef392b93275c141e9db,DELETE,regular-file,build/js/node_modules/caniuse-lite/data/regions/VE.js,5135,
4d3a279636b5e03f67e543e179fd888877795d96,DELETE,regular-file,build/js/node_modules/caniuse-lite/data/regions/VG.js,4058,
51c52bc5f91ffa23e53849cfeb1d638b52979dab,DELETE,regular-file,build/js/node_modules/caniuse-lite/data/regions/VI.js,4127,
372f7f93ee3092a874bf9b0ebc4a229e7f15b84a,DELETE,regular-file,build/js/node_modules/caniuse-lite/data/regions/VN.js,4792,
b1b18a0c634fb0d91f59665c409753cf7c01df66,DELETE,regular-file,build/js/node_modules/caniuse-lite/data/regions/VU.js,4039,
2bde91ce0a9c050721bd3e15f7cf87e85296b3c2,DELETE,regular-file,build/js/node_modules/caniuse-lite/data/regions/WF.js,3260,
03bea557bd3bfce8029ae7dbd8a4f2078d607a96,DELETE,regular-file,build/js/node_modules/caniuse-lite/data/regions/WS.js,3939,
a7185d867a4621a6fb29b10f54a5bfd659241d28,DELETE,regular-file,build/js/node_modules/caniuse-lite/data/regions/YE.js,4460,
1e631bf1f45b377b411a0510a65eb8bdbfc7b798,DELETE,regular-file,build/js/node_modules/caniuse-lite/data/regions/YT.js,4113,
14966e7de807acacfd72d4e560f51879d7c93721,DELETE,regular-file,build/js/node_modules/caniuse-lite/data/regions/ZA.js,4884,
b420ee64f73a1229a3eceb817a4b33de9b0e2051,DELETE,regular-file,build/js/node_modules/caniuse-lite/data/regions/ZM.js,4792,
3660e56fb5eb6232a8f73a0bdc01fd56e72a4780,DELETE,regular-file,build/js/node_modules/caniuse-lite/data/regions/ZW.js,5232,
bb9a66452d4b65673d8c792431e4b95682258c3c,DELETE,regular-file,build/js/node_modules/caniuse-lite/data/regions/alt-af.js,5040,
7e251b69e32ca3c598cf817fad45ef9d4dada95f,DELETE,regular-file,build/js/node_modules/caniuse-lite/data/regions/alt-an.js,3164,
f4b00b4a26740075c4af453a7fc4fb16cbfbf676,DELETE,regular-file,build/js/node_modules/caniuse-lite/data/regions/alt-as.js,4918,
741d7908672dec02e5b8ae3cd81f13f4f865f58f,DELETE,regular-file,build/js/node_modules/caniuse-lite/data/regions/alt-eu.js,4763,
2307dcf06d7a26a0197e3dfcc4969c3773be1bc1,DELETE,regular-file,build/js/node_modules/caniuse-lite/data/regions/alt-na.js,4748,
a738ce27713be32d04218d0f1b2fbe016525119a,DELETE,regular-file,build/js/node_modules/caniuse-lite/data/regions/alt-oc.js,4551,
97126f4991479a64ff2827b0678f70674d02bdad,DELETE,regular-file,build/js/node_modules/caniuse-lite/data/regions/alt-sa.js,4204,
6020d46dbac87392886d2d8a2ffed5d262b06ead,DELETE,regular-file,build/js/node_modules/caniuse-lite/data/regions/alt-ww.js,4960,
4d73ab303a1f97ba3eac35496b95a31c5e95e5c6,DELETE,regular-file,build/js/node_modules/caniuse-lite/dist/lib/statuses.js,306,
3f81e4ee63f5f93c3eaa8efd874fc8ca19cfd0a2,DELETE,regular-file,build/js/node_modules/caniuse-lite/dist/lib/supported.js,111,
0c8a7905b491c34c4e36a4296997932346439bc5,DELETE,regular-file,build/js/node_modules/caniuse-lite/dist/unpacker/agents.js,1439,
553526e28277541d27acef72610c0a85ace4f5ad,DELETE,regular-file,build/js/node_modules/caniuse-lite/dist/unpacker/browserVersions.js,71,
85e68b4f768be9c1c52447f9ad18bf1f11e0cd0e,DELETE,regular-file,build/js/node_modules/caniuse-lite/dist/unpacker/browsers.js,57,
6690e99c1766bbb97c57223fbe44e555519581d8,DELETE,regular-file,build/js/node_modules/caniuse-lite/dist/unpacker/feature.js,1365,
8362aec8d4ca3ed7cf3015af23ae64c7cf0b788d,DELETE,regular-file,build/js/node_modules/caniuse-lite/dist/unpacker/features.js,141,
12017e8030acacac68e447f68d0166b61d6a9fe8,DELETE,regular-file,build/js/node_modules/caniuse-lite/dist/unpacker/index.js,198,
d5cc2b6f1fd1cc3c6664379d2b2b30ecd77d7f7d,DELETE,regular-file,build/js/node_modules/caniuse-lite/dist/unpacker/region.js,550,
62afa3a7425dc6a1eeafd1333afc15d429c5d10d,DELETE,regular-file,build/js/node_modules/chalk/node_modules/supports-color/browser.js,67,
6fada390fb88d8e1dae3454216aa3995141a1785,DELETE,regular-file,build/js/node_modules/chalk/node_modules/supports-color/index.js,2748,
75ec66350527a8f4040671c72760238e6d80b976,DELETE,regular-file,build/js/node_modules/chalk/source/index.js,6075,
b130949d646fdad3f5bb493b74dc69baa7eb5d92,DELETE,regular-file,build/js/node_modules/chalk/source/templates.js,3367,
ca466fd466c07f5b0be80ed7a99207813e8f765c,DELETE,regular-file,build/js/node_modules/chalk/source/util.js,1035,
8752893ca4986cf05103a46c438223b7ee4e1907,DELETE,regular-file,build/js/node_modules/chokidar/index.js,28379,
4743865d6bd4095e73770a1bf005b0f8e453c2ee,DELETE,regular-file,build/js/node_modules/chokidar/lib/constants.js,1878,
fe29393c179d3d6673f996ca6f95bbc83f9a0699,DELETE,regular-file,build/js/node_modules/chokidar/lib/fsevents-handler.js,16368,
199cfe9f9fff5a2f5267c67a004b1fa92ec56649,DELETE,regular-file,build/js/node_modules/chokidar/lib/nodefs-handler.js,20067,
d8cfc6734ab031bad93ac861bdf60a79ecbea7ff,DELETE,regular-file,build/js/node_modules/chrome-trace-event/dist/trace-event.js,5214,
b6eb0544222e61d14d3dc37b62982e369bff8d0b,DELETE,regular-file,build/js/node_modules/cliui/build/lib/index.js,9667,
4b87453a66f717e934e6af1147efb53e347868e2,DELETE,regular-file,build/js/node_modules/cliui/build/lib/string-utils.js,1011,
9133c08f753e76427028c9504969ed378a0f80b5,DELETE,regular-file,build/js/node_modules/clone-deep/index.js,1023,
2657f265c9e1022ed06a232f4da4db578d3d3fb0,DELETE,regular-file,build/js/node_modules/color-convert/conversions.js,17040,
b648e5737be6168bff5137cb1a5a897e55ce193d,DELETE,regular-file,build/js/node_modules/color-convert/index.js,1708,
1a08521b5a001793a0a2c705d442a29949b1f051,DELETE,regular-file,build/js/node_modules/color-convert/route.js,2257,
e42aa68a542d9e176b5fd050c35b1af11659b2a3,DELETE,regular-file,build/js/node_modules/color-name/index.js,4465,
0d64e6b3c396ab1182d29994031d0e8842545fc2,DELETE,regular-file,build/js/node_modules/colorette/index.js,3381,
7563b1bacf209afb8a7afc8b4c5dbf509dc87e1c,DELETE,regular-file,build/js/node_modules/commander/index.js,798,
c164302502de752d2136c0b9f93c16724bb7200a,DELETE,regular-file,build/js/node_modules/commander/lib/argument.js,3174,
7a637cb77450f7200a1a96e56bb59acee2fa34e3,DELETE,regular-file,build/js/node_modules/commander/lib/command.js,70043,
e7cde9cc77fa8678c631c416c589f9d2ad917caa,DELETE,regular-file,build/js/node_modules/commander/lib/error.js,1240,
14e0fb9f30baf9f27f1f6da502a532584dcfed65,DELETE,regular-file,build/js/node_modules/commander/lib/help.js,14281,
d61fc5f2f3013fb1e41962485d6be3b63ba55d29,DELETE,regular-file,build/js/node_modules/commander/lib/option.js,8651,
9a4066c71e32a53dc10471bfb74aa290e45b1ed8,DELETE,regular-file,build/js/node_modules/commander/lib/suggestSimilar.js,2765,
1184adad5568b3cfec4f3fd557cb4448570ee34a,DELETE,regular-file,build/js/node_modules/compressible/index.js,1038,
ec2be30de1663c20ea2166f33a583c9c0b84d029,DELETE,regular-file,build/js/node_modules/compressible/node_modules/mime-db/index.js,189,
c0638e08280d5f67067c225f0e6f471f90065fcb,DELETE,regular-file,build/js/node_modules/compression/index.js,7146,
33656217b61d8f06a55db4631ec95eea828495d2,DELETE,regular-file,build/js/node_modules/concat-map/example/map.js,171,
b29a7812e5055ae915e771447e1380e01bf3bfdd,DELETE,regular-file,build/js/node_modules/concat-map/index.js,345,
fdbd7022f6da17600dad4d477734115bf28287e0,DELETE,regular-file,build/js/node_modules/concat-map/test/map.js,1075,
906dccc78d96c341ec2c77104efebd328968b83e,DELETE,regular-file,build/js/node_modules/connect-history-api-fallback/lib/index.js,3273,
62412c431a99adf806d3006629bb28b3c66c5de7,DELETE,regular-file,build/js/node_modules/connect/index.js,6071,
ecec899a992d46f2e903a87475b1c342f2ce4d30,DELETE,regular-file,build/js/node_modules/content-disposition/index.js,10594,
41840e7bc3e48cda894597cd18e562a37a174f7c,DELETE,regular-file,build/js/node_modules/content-type/index.js,5002,
b8c9463a238b7ec090ff9090234e3f34322a36df,DELETE,regular-file,build/js/node_modules/cookie-signature/index.js,1230,
51a58cbe953d5914b2c6151228763eb2e62ea26e,DELETE,regular-file,build/js/node_modules/cookie/index.js,8103,
6e5a20d7dc09e280bf06302f4f872b8eb168aac0,DELETE,regular-file,build/js/node_modules/core-util-is/lib/util.js,3039,
5475aecd6d1d271cfde489f0bfc289cddcf1f9d9,DELETE,regular-file,build/js/node_modules/cors/lib/index.js,6623,
5509742ca9fa8f500a66e6e7195037a7c1d5e49e,DELETE,regular-file,build/js/node_modules/cross-spawn/index.js,1192,
da33471369c23f4016fb8f9deed742f71df033d2,DELETE,regular-file,build/js/node_modules/cross-spawn/lib/enoent.js,1471,
0129d74774a8a08d8c5e92c2d602114e590d8db8,DELETE,regular-file,build/js/node_modules/cross-spawn/lib/parse.js,3065,
7bf2905cd035ad517486b0b0549f660551a2e199,DELETE,regular-file,build/js/node_modules/cross-spawn/lib/util/escape.js,1383,
5e83733fef260f23f865d9cafa42b1192b91c9f8,DELETE,regular-file,build/js/node_modules/cross-spawn/lib/util/readShebang.js,549,
7972455008e917b651c1ca9a9a232ad61b0dc833,DELETE,regular-file,build/js/node_modules/cross-spawn/lib/util/resolveCommand.js,1557,
82afffd21437498a02aaaa1c03be7ea9178b2c48,DELETE,regular-file,build/js/node_modules/cross-spawn/node_modules/which/which.js,3163,
f1aa0a3c356a1a3c5283b8ed5c623991af5e921f,DELETE,regular-file,build/js/node_modules/css-loader/dist/cjs.js,161,
11afa0f317e59dd940048aa732aa8d3a0c336370,DELETE,regular-file,build/js/node_modules/css-loader/dist/index.js,6825,
d1f7f6d01a210720c48cb4c460b9b67abbc99f1a,DELETE,regular-file,build/js/node_modules/css-loader/dist/plugins/index.js,833,
52ecbc9117d70fa92b6a14d4aab1bdcdd31559a3,DELETE,regular-file,build/js/node_modules/css-loader/dist/plugins/postcss-icss-parser.js,3658,
3800efc813d4b5a2dfb90052cc51c4a5fb17aa10,DELETE,regular-file,build/js/node_modules/css-loader/dist/plugins/postcss-import-parser.js,9268,
783cd36fb3995526d940f31cd0ed3a61e5017eba,DELETE,regular-file,build/js/node_modules/css-loader/dist/plugins/postcss-url-parser.js,11878,
229b4fbf7c8d9d65f087802fe92b65f4121fd333,DELETE,regular-file,build/js/node_modules/css-loader/dist/runtime/api.js,2303,
9c5ca7ac3099b6a0ecb6a9bab8d5898a019ff638,DELETE,regular-file,build/js/node_modules/css-loader/dist/runtime/getUrl.js,597,
9e967aa172446e89ca96a57068ea408b5bc817ae,DELETE,regular-file,build/js/node_modules/css-loader/dist/runtime/noSourceMaps.js,64,
1f1067232a83505a34992ae68204cb89cfb2f30c,DELETE,regular-file,build/js/node_modules/css-loader/dist/runtime/sourceMaps.js,505,
5f98ae7e447c512c8b952abe48621dbd4de0db84,DELETE,regular-file,build/js/node_modules/css-loader/dist/utils.js,38004,
1c0928e45667c8edbb565a62d0c613d830ab629a,DELETE,regular-file,build/js/node_modules/cssesc/cssesc.js,3514,
274f79a64d7640157040ac5ea90aa4921c94495e,DELETE,regular-file,build/js/node_modules/custom-event/index.js,1136,
31ad1c54511dbd4a820d771ef25d782b9935e1db,DELETE,regular-file,build/js/node_modules/custom-event/test/test.js,2405,
08cd6996e1075e568177ac1476ca4110e09ea106,DELETE,regular-file,build/js/node_modules/date-format/lib/index.js,6922,
103a82d15bd72b3cdf9ba4108272985f7e0bfdb3,DELETE,regular-file,build/js/node_modules/debug/karma.conf.js,1736,
7fc36fe6dbecbfd41530c5a490cc738ec2968653,DELETE,regular-file,build/js/node_modules/debug/node.js,40,
6a522b16b3a3bf5e93aa5b8bf485f866ff71c5c2,DELETE,regular-file,build/js/node_modules/debug/node_modules/ms/index.js,2764,
7106924934501fd4035efe78678281020328acc5,DELETE,regular-file,build/js/node_modules/debug/src/browser.js,4734,
6a5e3fc94c3ab80e123c3056b6c5dbe056d21658,DELETE,regular-file,build/js/node_modules/debug/src/debug.js,4394,
e12cf4d58c9f2d6d2d2e656f9cbb0f703cb5fa29,DELETE,regular-file,build/js/node_modules/debug/src/index.js,263,
60ea6c04aafd41d0ea3bcd78f58312ecf0eda436,DELETE,regular-file,build/js/node_modules/debug/src/inspector-log.js,373,
b15109c905a45bcb5db701cf37cf4e19385c3167,DELETE,regular-file,build/js/node_modules/debug/src/node.js,6015,
702e270e35a3e6c868c893647bc96ed1743331ef,DELETE,regular-file,build/js/node_modules/decamelize/index.js,446,
bfc4d72b6e091e6f3325f055f21a7dfd10f9a1da,DELETE,regular-file,build/js/node_modules/default-gateway/android.js,940,
0cbb3f50d5d2bcde538ee352d26b9889f786fa01,DELETE,regular-file,build/js/node_modules/default-gateway/darwin.js,1377,
1e1e44ca132ece7c8fa13d170378c0d552d7b35f,DELETE,regular-file,build/js/node_modules/default-gateway/freebsd.js,1037,
8c2783b876f6be247f7990700552ebda2d9ed7b3,DELETE,regular-file,build/js/node_modules/default-gateway/ibmi.js,1049,
f142287e055d5d854d234b36061d84395091de66,DELETE,regular-file,build/js/node_modules/default-gateway/index.js,867,
d60c460da16353c5c5220e71477903c7c6e6a493,DELETE,regular-file,build/js/node_modules/default-gateway/linux.js,1551,
050179a19e63e3290fe630abc9c9a41d712fd154,DELETE,regular-file,build/js/node_modules/default-gateway/openbsd.js,1110,
acdb1cd8dd93149a5489f05873b15588080edc9e,DELETE,regular-file,build/js/node_modules/default-gateway/sunos.js,1110,
9597b7763fa0f538ce62453bf783cc99b2d8e70f,DELETE,regular-file,build/js/node_modules/default-gateway/win32.js,3177,
b4f255f78d4d5386e68a9c5c60ff8a3cfc668a89,DELETE,regular-file,build/js/node_modules/define-lazy-prop/index.js,404,
1bf2fcfdeffc984e5ad792eec08744c29d4a4590,DELETE,regular-file,build/js/node_modules/depd/index.js,10932,
6be45cc20b33f20dcdc580b9709f1a4a20bb87a1,DELETE,regular-file,build/js/node_modules/depd/lib/browser/index.js,1512,
7fd5c09363796a9276e332ce6bb225d238fb0a85,DELETE,regular-file,build/js/node_modules/destroy/index.js,4258,
4172696b1d8b59115142eda73e9dae24b7c40116,DELETE,regular-file,build/js/node_modules/detect-node/browser.js,25,
b4b379f1332f4758dac526e216fa75eefe911257,DELETE,regular-file,build/js/node_modules/detect-node/index.esm.js,184,
229949e518803ee70ecc3fed1fc09547f807c789,DELETE,regular-file,build/js/node_modules/detect-node/index.js,186,
401a3c5ea14841f3b3c942beb4712ebd483df0a0,DELETE,regular-file,build/js/node_modules/di/lib/annotation.js,955,
ceb27ab771e70c1121c53973a9ef1ef80148f8dc,DELETE,regular-file,build/js/node_modules/di/lib/index.js,133,
4a7cc552ab2b1d4480554706caad9bb2ecdcf3b3,DELETE,regular-file,build/js/node_modules/di/lib/injector.js,3453,
4fd218e9c6d49741dc2c11373e30ed9faf17079f,DELETE,regular-file,build/js/node_modules/di/lib/module.js,476,
76232b293d549f2b78d095271d161c48c9ebab21,DELETE,regular-file,build/js/node_modules/diff/dist/diff.js,53658,
078bcc5c2e6a7385f5a45c424a8410c664df32c4,DELETE,regular-file,build/js/node_modules/diff/dist/diff.min.js,17479,
91ff40a9120f7d4db3e05a4728cd473be1b72466,DELETE,regular-file,build/js/node_modules/diff/lib/convert/dmp.js,2255,
69ec60c66c81d076b7d437c63d55f18bd371bbb7,DELETE,regular-file,build/js/node_modules/diff/lib/convert/xml.js,3359,
19e36809893c1d38a95371cc830dccb21676a784,DELETE,regular-file,build/js/node_modules/diff/lib/diff/array.js,2300,
428e7fd97e8193eb0d9c7e80d88b2c32e67aaa1d,DELETE,regular-file,build/js/node_modules/diff/lib/diff/base.js,38478,
7ddfa205e394a9d92537082c25d0901f4d8a9f2b,DELETE,regular-file,build/js/node_modules/diff/lib/diff/character.js,1671,
e3ad1fcba5f0ebfe831e1ae68fe813ba7601d4a3,DELETE,regular-file,build/js/node_modules/diff/lib/diff/css.js,1966,
67c2f175f73b4f8e74c559b134c2c84f31e8bf5b,DELETE,regular-file,build/js/node_modules/diff/lib/diff/json.js,12937,
30bc74d2383d20c381c4f96bbd58c4590d4f1d55,DELETE,regular-file,build/js/node_modules/diff/lib/diff/line.js,6283,
95158d6f58f9f9e9a389bf15e07d6a3e87df6456,DELETE,regular-file,build/js/node_modules/diff/lib/diff/sentence.js,2090,
cef7fe17befe60134e371da8406195b730806b39,DELETE,regular-file,build/js/node_modules/diff/lib/diff/word.js,8807,
a0ace0182ab14e46c057850138daae71c984c6e7,DELETE,regular-file,build/js/node_modules/diff/lib/index.es6.js,50001,
09d885e11829260882435eb912e4539e529d1c61,DELETE,regular-file,build/js/node_modules/diff/lib/index.js,7762,
cefea04dae73b0bada6c46bfe6b30549ee0e3879,DELETE,regular-file,build/js/node_modules/diff/lib/patch/apply.js,20050,
45be1512a5a088ffaeedb468fb64e776ab3b8baa,DELETE,regular-file,build/js/node_modules/diff/lib/patch/create.js,23969,
b46faaaba8e8b1f40b93401a186ec8ec8dd6ccba,DELETE,regular-file,build/js/node_modules/diff/lib/patch/merge.js,50907,
f1501048014f1f398afbd96f28cdcbb7f09a7652,DELETE,regular-file,build/js/node_modules/diff/lib/patch/parse.js,17908,
6e4be99af8ac32cd588ac6870e4d80f182a253a9,DELETE,regular-file,build/js/node_modules/diff/lib/patch/reverse.js,5555,
aecf67ac817c16eb614eaa4472d5c4390d1f5793,DELETE,regular-file,build/js/node_modules/diff/lib/util/array.js,2026,
57c06a3f9cf1ce61b83904da09b1cabcce28ef93,DELETE,regular-file,build/js/node_modules/diff/lib/util/distance-iterator.js,4641,
e838eb2f42d157114c2225c0ceaead2aeb952b2e,DELETE,regular-file,build/js/node_modules/diff/lib/util/params.js,1752,
82ea7e696aa01b65e46929e7595b2468b1917198,DELETE,regular-file,build/js/node_modules/diff/runtime.js,67,
9a3d9b1e8c772a940be5e29b4f662dc4d533d46c,DELETE,regular-file,build/js/node_modules/dns-packet/classes.js,437,
d55b688aaebcb2e02519b6e850ba8215d7c5f71b,DELETE,regular-file,build/js/node_modules/dns-packet/index.js,44599,
32b0a1b4de7777d86f1f1f130da63ffe5d66cb32,DELETE,regular-file,build/js/node_modules/dns-packet/opcodes.js,1315,
0d66e059ee5029ac1cc145b5e42fbbc0346bdedb,DELETE,regular-file,build/js/node_modules/dns-packet/optioncodes.js,1398,
0500887c2a153405c4e7a87e1653c817c5661d8a,DELETE,regular-file,build/js/node_modules/dns-packet/rcodes.js,1284,
3cd78bd5e061771c78a3494fef356932e3d92ec0,DELETE,regular-file,build/js/node_modules/dns-packet/types.js,2672,
ad3216fe6df4875fc344a59e07cc3585f7e00ec9,DELETE,regular-file,build/js/node_modules/dom-serialize/index.js,5641,
9efa2d0c3d5ae8a8fa4d26b78f98338f9995e922,DELETE,regular-file,build/js/node_modules/dom-serialize/test/test.js,12554,
45093df984f8dd727ce524e14d0e61ab08aaa7ab,DELETE,regular-file,build/js/node_modules/dunder-proto/get.js,980,
6085b6e84dbc760b9aa2fee924ef3bcb87989e93,DELETE,regular-file,build/js/node_modules/dunder-proto/set.js,1276,
253f1838ef01e519179515bdec086f97d2bed7c0,DELETE,regular-file,build/js/node_modules/dunder-proto/test/get.js,1143,
08ff36f7dce8bb3c41fecfbaf63f0a59305d2735,DELETE,regular-file,build/js/node_modules/dunder-proto/test/index.js,51,
c3bfe4d4fe956aecceb49f159c89785b3c9f81fe,DELETE,regular-file,build/js/node_modules/dunder-proto/test/set.js,1695,
501287cd3b7024435d85a872bb1ba0b234db8e7f,DELETE,regular-file,build/js/node_modules/ee-first/index.js,1684,
c7daf97c81f940fb64ec05d90bc953485cb41c1f,DELETE,regular-file,build/js/node_modules/electron-to-chromium/chromium-versions.js,1175,
50abe4e42b8129226fc26ead56d4cc55e9f71ace,DELETE,regular-file,build/js/node_modules/electron-to-chromium/full-chromium-versions.js,32832,
001a03f394c1d86935bde485db27a85af5213a48,DELETE,regular-file,build/js/node_modules/electron-to-chromium/full-versions.js,47757,
1818281fab50434ab48c203906894558b4a66eab,DELETE,regular-file,build/js/node_modules/electron-to-chromium/index.js,1204,
1924a3bcb709ae704d206b2f3df8a25241a1893d,DELETE,regular-file,build/js/node_modules/electron-to-chromium/versions.js,3000,
b4cf3dcd389935061d82cd4f2d9da78c77a5b088,DELETE,regular-file,build/js/node_modules/emoji-regex/es2015/index.js,11104,
780309df58f1a20d32e6fc14e564369951516d3b,DELETE,regular-file,build/js/node_modules/emoji-regex/es2015/text.js,11105,
d993a3a99cb95ab89a103eb576389b4861c0b52a,DELETE,regular-file,build/js/node_modules/emoji-regex/index.js,10286,
0a55ce2f2308adf2788f93ad799d9d513697f48f,DELETE,regular-file,build/js/node_modules/emoji-regex/text.js,10287,
a49ee5a0b62136da6524703314e88b4199c4c208,DELETE,regular-file,build/js/node_modules/encodeurl/index.js,1578,
9bc62d2bf2bf8f3bb1b33bac41d32913abc87814,DELETE,regular-file,build/js/node_modules/engine.io-parser/build/cjs/commons.js,770,
b92118e51bad07359d321be13795fb5cc1fdb874,DELETE,regular-file,build/js/node_modules/engine.io-parser/build/cjs/contrib/base64-arraybuffer.js,1970,
f434be642dc7653bcc986483dd05609dacf1d704,DELETE,regular-file,build/js/node_modules/engine.io-parser/build/cjs/decodePacket.browser.js,2144,
a27b8d20987c60e1948717fadb7f080d588a843d,DELETE,regular-file,build/js/node_modules/engine.io-parser/build/cjs/decodePacket.js,1924,
959d870cf1e9b2313b10aecf0be08dacf08f4c20,DELETE,regular-file,build/js/node_modules/engine.io-parser/build/cjs/encodePacket.browser.js,2442,
40d0d5dc070460675177b6fc4314bd309f4bae1c,DELETE,regular-file,build/js/node_modules/engine.io-parser/build/cjs/encodePacket.js,1407,
16c87934abf09bf983fc7b746d482a3640866356,DELETE,regular-file,build/js/node_modules/engine.io-parser/build/cjs/index.js,7119,
fdbbe3002bf04c297b633ccd27861cc64061a7dd,DELETE,regular-file,build/js/node_modules/engine.io-parser/build/esm/commons.js,542,
b54438472351942e375e3698b2a78ba8ca9260e0,DELETE,regular-file,build/js/node_modules/engine.io-parser/build/esm/contrib/base64-arraybuffer.js,1815,
07882aa993e51c5a00b6607af8880c381a2bd4e3,DELETE,regular-file,build/js/node_modules/engine.io-parser/build/esm/decodePacket.browser.js,1929,
e8fc5e09af62b6b8d148bf801910e9ee58130b2f,DELETE,regular-file,build/js/node_modules/engine.io-parser/build/esm/decodePacket.js,1756,
11eb4fa41b9712ff7a96aa1b6cfd39dc0ca789d2,DELETE,regular-file,build/js/node_modules/engine.io-parser/build/esm/encodePacket.browser.js,2262,
7986057af4d465103f6ba5a090830ba1d19cf4c6,DELETE,regular-file,build/js/node_modules/engine.io-parser/build/esm/encodePacket.js,1196,
050fa36cf0c7cb9f98ed54baff4816043797e047,DELETE,regular-file,build/js/node_modules/engine.io-parser/build/esm/index.js,6436,
c1304ce96dbea87172e6c1a22f9fbd1192b5c12b,DELETE,regular-file,build/js/node_modules/engine.io/build/contrib/types.cookie.js,298,
fd371ca8ef17cff54346ece2f12eb9d440d638b2,DELETE,regular-file,build/js/node_modules/engine.io/build/engine.io.js,1996,
50c20d6fc5d7853980f9aa13ffd012d58d396735,DELETE,regular-file,build/js/node_modules/engine.io/build/parser-v3/index.js,12218,
d9d01751ded9f7399e706707467f90dd837d4a17,DELETE,regular-file,build/js/node_modules/engine.io/build/parser-v3/utf8.js,5900,
b5e6b60c4a46eb0150c9bf86595b6af15807fab2,DELETE,regular-file,build/js/node_modules/engine.io/build/server.js,27578,
38c05dc32e6288b88a404893d2273136fec06032,DELETE,regular-file,build/js/node_modules/engine.io/build/socket.js,15712,
04a42336c264b6c76cd294ceac05687ff7f135ad,DELETE,regular-file,build/js/node_modules/engine.io/build/transport.js,3041,
97a4e3fc3591b0c5bcd185b92e50578f9514e5bc,DELETE,regular-file,build/js/node_modules/engine.io/build/transports-uws/index.js,254,
8fd4223b7c885ffb25268c81ea02ae3ad19971f8,DELETE,regular-file,build/js/node_modules/engine.io/build/transports-uws/polling.js,10968,
b60bc6ba181f882fae2588a78472a1a575883f3f,DELETE,regular-file,build/js/node_modules/engine.io/build/transports-uws/websocket.js,2034,
de887b20a340c6569d92cab8a1275768a9ca96a3,DELETE,regular-file,build/js/node_modules/engine.io/build/transports/index.js,672,
29768bd51a7bd61090ea64f938b1742bc15ff54f,DELETE,regular-file,build/js/node_modules/engine.io/build/transports/polling-jsonp.js,1519,
085f9bbdf9aeb68ad4c7f940c9b054b826aa4e1d,DELETE,regular-file,build/js/node_modules/engine.io/build/transports/polling.js,9989,
8a0acddb1d45a36dde7ff6a9fb40834a577c95ca,DELETE,regular-file,build/js/node_modules/engine.io/build/transports/websocket.js,3096,
38ed4dbd2083a5ba229fa84c2ec80f9c060b7430,DELETE,regular-file,build/js/node_modules/engine.io/build/transports/webtransport.js,2068,
02728edf4d93cdf3283f892db99f4d0eced39380,DELETE,regular-file,build/js/node_modules/engine.io/build/userver.js,9616,
acd5acd6ab3cfd4441516573c5948db0ea6d7785,DELETE,regular-file,build/js/node_modules/engine.io/node_modules/cookie/index.js,8166,
8d808e5889da5f71646d4e2d1933ead35832710d,DELETE,regular-file,build/js/node_modules/engine.io/node_modules/debug/src/browser.js,6020,
e3291b20faa1a61fa5acff50d84dba10a97cc3b6,DELETE,regular-file,build/js/node_modules/engine.io/node_modules/debug/src/common.js,6289,
bf4c57f259df2e16761b45e2636db307c89ba419,DELETE,regular-file,build/js/node_modules/engine.io/node_modules/debug/src/index.js,314,
715560a4ca8fb4c8dd6353eafdde6e83af28f05e,DELETE,regular-file,build/js/node_modules/engine.io/node_modules/debug/src/node.js,4728,
765c8353724df308b2536be5d9091d2a0f65ef47,DELETE,regular-file,build/js/node_modules/enhanced-resolve/lib/AliasFieldPlugin.js,3088,
ce6ea246b03d882bc60f71c63e1105ec37c252b2,DELETE,regular-file,build/js/node_modules/enhanced-resolve/lib/AliasPlugin.js,5256,
45ad052bdbf7c2a4c3df57b1183418fbc0e0e53b,DELETE,regular-file,build/js/node_modules/enhanced-resolve/lib/AppendPlugin.js,1199,
cddf00e5ab73f2d3248f73da708a74f1197ef5b3,DELETE,regular-file,build/js/node_modules/enhanced-resolve/lib/CachedInputFileSystem.js,17960,
cc193f5861554c008df05bb215f1d11b3fb7e379,DELETE,regular-file,build/js/node_modules/enhanced-resolve/lib/CloneBasenamePlugin.js,1375,
0e6610763f793b1cceba27ad6f1064f11a8d7109,DELETE,regular-file,build/js/node_modules/enhanced-resolve/lib/ConditionalPlugin.js,1723,
8bbdb72063f892d90bb3d06dc377af35a5085ec2,DELETE,regular-file,build/js/node_modules/enhanced-resolve/lib/DescriptionFilePlugin.js,2697,
ff53ad5f1c7ccbc963b30da2dab73d564ab5346c,DELETE,regular-file,build/js/node_modules/enhanced-resolve/lib/DescriptionFileUtils.js,5292,
80c94094a6fad0054fcc7eec716d79a2ac494d4f,DELETE,regular-file,build/js/node_modules/enhanced-resolve/lib/DirectoryExistsPlugin.js,1697,
671c1fee3b0a70d48ac222e0c39100d6d38127bc,DELETE,regular-file,build/js/node_modules/enhanced-resolve/lib/ExportsFieldPlugin.js,6106,
a9479906090ff6e3b21c8745a69d1b31c9c1194d,DELETE,regular-file,build/js/node_modules/enhanced-resolve/lib/ExtensionAliasPlugin.js,3059,
2dd33e3eef05491515db4bc5557c565d11618673,DELETE,regular-file,build/js/node_modules/enhanced-resolve/lib/FileExistsPlugin.js,1570,
15cad76f90d9eba7a1243a78f3cf7f89b9313c4c,DELETE,regular-file,build/js/node_modules/enhanced-resolve/lib/ImportsFieldPlugin.js,6550,
21c2cae01c946acc83c4e281c27b345d4ec3bf61,DELETE,regular-file,build/js/node_modules/enhanced-resolve/lib/JoinRequestPartPlugin.js,1919,
2ac99e972dcdbd16cc30eafca5cc0e18c435bd93,DELETE,regular-file,build/js/node_modules/enhanced-resolve/lib/JoinRequestPlugin.js,1275,
d8b92070b08e2acee55e38ed1f3160619ff13c1b,DELETE,regular-file,build/js/node_modules/enhanced-resolve/lib/LogInfoPlugin.js,1542,
645b7df240a0142dac10a05e7f1f760a786928a1,DELETE,regular-file,build/js/node_modules/enhanced-resolve/lib/MainFieldPlugin.js,2477,
06065e82c6b216628da2b6f57a84c79cfc75ae24,DELETE,regular-file,build/js/node_modules/enhanced-resolve/lib/ModulesInHierachicDirectoriesPlugin.js,215,
651377b2ac0f44fed16ed1ab2cf65769df2e41df,DELETE,regular-file,build/js/node_modules/enhanced-resolve/lib/ModulesInHierarchicalDirectoriesPlugin.js,2424,
b7e5168810d213c86de4a0e4f77896d463b345cb,DELETE,regular-file,build/js/node_modules/enhanced-resolve/lib/ModulesInRootPlugin.js,1161,
e59c56b8e04ba7abcc45d6232ea6e7890a1708bc,DELETE,regular-file,build/js/node_modules/enhanced-resolve/lib/NextPlugin.js,803,
b7db0b07ec35c2f195288b8296db1671968525e3,DELETE,regular-file,build/js/node_modules/enhanced-resolve/lib/ParsePlugin.js,2312,
d3d98bad92c0d5c490c828c82cd9f0649376952e,DELETE,regular-file,build/js/node_modules/enhanced-resolve/lib/PnpPlugin.js,3956,
fdb73dc1a0a28d5b1a7ea81ae51c8bc3c87e55e7,DELETE,regular-file,build/js/node_modules/enhanced-resolve/lib/Resolver.js,24618,
59558c7fe5ad35347ea22b08642db603c6423ed5,DELETE,regular-file,build/js/node_modules/enhanced-resolve/lib/ResolverFactory.js,21553,
e52ca9d5b26b30599fcad228d1d37e8cdd4140b9,DELETE,regular-file,build/js/node_modules/enhanced-resolve/lib/RestrictionsPlugin.js,1815,
e25c43fe778eecb112b65850c6599f36fe936fd5,DELETE,regular-file,build/js/node_modules/enhanced-resolve/lib/ResultPlugin.js,971,
1d299113ce81ea80049d0287c427163feabcc5fa,DELETE,regular-file,build/js/node_modules/enhanced-resolve/lib/RootsPlugin.js,1654,
a8dc1484b6d4af74be84ad6c491d9a780be866af,DELETE,regular-file,build/js/node_modules/enhanced-resolve/lib/SelfReferencePlugin.js,2201,
7adab54844498496b29ec9a2de0d139c61ef81fe,DELETE,regular-file,build/js/node_modules/enhanced-resolve/lib/SymlinkPlugin.js,2730,
d1f1814ee3bba1317181e6fc3535571937a76689,DELETE,regular-file,build/js/node_modules/enhanced-resolve/lib/SyncAsyncFileSystemDecorator.js,5467,
1b70bef0721105029e59f9fc5d979aae4ae15cf9,DELETE,regular-file,build/js/node_modules/enhanced-resolve/lib/TryNextPlugin.js,919,
e6c01498e9175b2398b52ddfb4c046fc1f128379,DELETE,regular-file,build/js/node_modules/enhanced-resolve/lib/UnsafeCachePlugin.js,3229,
14aebdd486d894fc610c8adde1f39695848e2553,DELETE,regular-file,build/js/node_modules/enhanced-resolve/lib/UseFilePlugin.js,1311,
88c7a58e036adb82a21506a5e4d66e4637e4fd2c,DELETE,regular-file,build/js/node_modules/enhanced-resolve/lib/createInnerContext.js,1071,
32a7250aa1f281079cddd9221905d64324c947d8,DELETE,regular-file,build/js/node_modules/enhanced-resolve/lib/forEachBail.js,1133,
c34c10f21e7945a81221f7f53d1a72a4be67509e,DELETE,regular-file,build/js/node_modules/enhanced-resolve/lib/getInnerRequest.js,1122,
d5835b0d0638103046c5635e94a3efff5e914107,DELETE,regular-file,build/js/node_modules/enhanced-resolve/lib/getPaths.js,1151,
ab02cfa256cc2272e13a2eba9cf31d1c32be410f,DELETE,regular-file,build/js/node_modules/enhanced-resolve/lib/index.js,5772,
683a8e80298c25365bc1bdb986de65bf2347cba2,DELETE,regular-file,build/js/node_modules/enhanced-resolve/lib/util/entrypoints.js,14389,
ab3c2f88065fe726839766aa48eef7d42f666b5f,DELETE,regular-file,build/js/node_modules/enhanced-resolve/lib/util/identifier.js,1586,
1258c22e150fe2a691a8bc3589cd5fcd575edf7f,DELETE,regular-file,build/js/node_modules/enhanced-resolve/lib/util/module-browser.js,137,
bbb0e4d4dea159e0ca8f5ce26b4bb71f0c0a8d62,DELETE,regular-file,build/js/node_modules/enhanced-resolve/lib/util/path.js,5065,
a99141fdd8b8a1502bb8928c06233da08693451a,DELETE,regular-file,build/js/node_modules/enhanced-resolve/lib/util/process-browser.js,388,
52e8c9f92347e77a478b18279f46bdd3f98ce69d,DELETE,regular-file,build/js/node_modules/ent/decode.js,1312,
0c56c36b3494ac4a1b188eb42161e39aef871b14,DELETE,regular-file,build/js/node_modules/ent/encode.js,1302,
f00d16ab640c0f3abff114f99dea6101a77f9eb4,DELETE,regular-file,build/js/node_modules/ent/examples/simple.js,133,
8dae6294279aea078f7cbe41ff7d97a86d1f066b,DELETE,regular-file,build/js/node_modules/ent/index.js,76,
0130b6b104db4ce30f57ce99e51f0bd22bc162c2,DELETE,regular-file,build/js/node_modules/ent/test/codes.js,2357,
4a3fca217dda23b816865649436f42723180498b,DELETE,regular-file,build/js/node_modules/ent/test/hex.js,916,
9a659d5ea2cc95cf4ddb27caf54c10b877691837,DELETE,regular-file,build/js/node_modules/ent/test/num.js,337,
f1ffe2e0536a0b25c7e5a8cde23b34a25ca8cb0b,DELETE,executable,build/js/node_modules/envinfo/dist/cli.js,5955,
6baa62b1c49dd657a0146143bd2fd454cb70a356,DELETE,regular-file,build/js/node_modules/envinfo/dist/envinfo.js,137981,
e0a29251646c4cc40dd6b1be8d3e28674cd21ad1,DELETE,regular-file,build/js/node_modules/es-define-property/index.js,288,
b4b4688fbe21410f840ebadfc21512da78bc3cda,DELETE,regular-file,build/js/node_modules/es-define-property/test/index.js,1299,
725ccb61a96e9a89faa7d0046cfffb78e1c92539,DELETE,regular-file,build/js/node_modules/es-errors/eval.js,75,
cc0c52124b678924decd65b835587b5cbdbb878f,DELETE,regular-file,build/js/node_modules/es-errors/index.js,66,
2044fe03646a725081f95460e4fca9a1ef59750f,DELETE,regular-file,build/js/node_modules/es-errors/range.js,77,
d7c430fdb3ae766b215ad8e072d6ac2212d7c619,DELETE,regular-file,build/js/node_modules/es-errors/ref.js,79,
5f5fddeec53b514df79342efce6cae341b6309be,DELETE,regular-file,build/js/node_modules/es-errors/syntax.js,79,
1ff027721aabcada7c00b9e69fbd6f99a901c470,DELETE,regular-file,build/js/node_modules/es-errors/test/index.js,356,
9769e44e397cc2a8f089258833a733f3fe0627ef,DELETE,regular-file,build/js/node_modules/es-errors/type.js,75,
e9cd1c78709f0773db77943de1fdb95d3d268a5f,DELETE,regular-file,build/js/node_modules/es-errors/uri.js,73,
d64300da749eb90e3308ba88951dc6ad69b32d5e,DELETE,regular-file,build/js/node_modules/es-module-lexer/dist/lexer.asm.js,20560,
6f9404d45f14612e765beaf3444b313b4de4e7ce,DELETE,regular-file,build/js/node_modules/es-module-lexer/dist/lexer.js,14204,
7281209f8c23bb0d4cba9827870852257229ac39,DELETE,regular-file,build/js/node_modules/es-module-lexer/lexer.js,25385,
8e191c6ef1521644b2bb0879f9f3e85ab7d21fd6,DELETE,regular-file,build/js/node_modules/es-object-atoms/RequireObjectCoercible.js,313,
2b99a7da025f57138b7bc98245ac032425655f25,DELETE,regular-file,build/js/node_modules/es-object-atoms/ToObject.js,250,
1d33cef45ac4212d8710fa253075ca7969c5cd81,DELETE,regular-file,build/js/node_modules/es-object-atoms/index.js,67,
ec49bf12877f62026e56899693bfadac77149498,DELETE,regular-file,build/js/node_modules/es-object-atoms/isObject.js,161,
430b705aca13c9c40f62066a3cb4815faacbd4ed,DELETE,regular-file,build/js/node_modules/es-object-atoms/test/index.js,1097,
ad236c492050394ade5d7d3d1749e5bcfcc8542b,DELETE,regular-file,build/js/node_modules/escalade/dist/index.js,534,
902cc46cd9a80b10aa787e067ff1936ada95505d,DELETE,regular-file,build/js/node_modules/escalade/sync/index.js,416,
bf9e226f4e872bee53a930739e5381d013c47568,DELETE,regular-file,build/js/node_modules/escape-html/index.js,1362,
387c5615a776b4a3441e7d1fd526f460d61e595e,DELETE,regular-file,build/js/node_modules/escape-string-regexp/index.js,461,
172bfe23b5fdcf07c827559f46be1e54f6b6de37,DELETE,regular-file,build/js/node_modules/eslint-scope/lib/definition.js,2866,
0f16fa40f8323ffd08439d1812cdd0603ec2dd75,DELETE,regular-file,build/js/node_modules/eslint-scope/lib/index.js,6367,
afa629173b73aef59de6eca0ed52e5216d879648,DELETE,regular-file,build/js/node_modules/eslint-scope/lib/pattern-visitor.js,4924,
9529827fe786c63389d1727f85fe07ea72365f15,DELETE,regular-file,build/js/node_modules/eslint-scope/lib/reference.js,4771,
63d1935b3a957f15975282072cf36113b125b61a,DELETE,regular-file,build/js/node_modules/eslint-scope/lib/referencer.js,18991,
c1927994b1166ea3100cc42fa2e61ca2de3b367e,DELETE,regular-file,build/js/node_modules/eslint-scope/lib/scope-manager.js,7459,
bdb5f637f684e5d6490abcd9a001a9e09a35d1da,DELETE,regular-file,build/js/node_modules/eslint-scope/lib/scope.js,21635,
702c4780a248a34be5d574bf9391b98df18396cb,DELETE,regular-file,build/js/node_modules/eslint-scope/lib/variable.js,3141,
15d57dfd0218f66036a7cb5c5fe8e18c26d82267,DELETE,regular-file,build/js/node_modules/esrecurse/esrecurse.js,4230,
aa881c9c3eaae5fac04467363abaac9e856bffde,DELETE,regular-file,build/js/node_modules/esrecurse/gulpfile.babel.js,3000,
f0d9af9b46bfebb6cda551de17beeb659c7a2f69,DELETE,regular-file,build/js/node_modules/esrecurse/node_modules/estraverse/estraverse.js,26957,
8772bbcca542a8dc43f1e08f55126ae24426f983,DELETE,regular-file,build/js/node_modules/esrecurse/node_modules/estraverse/gulpfile.js,2790,
b106d386a6e1af265a4e8a7fc665561dc88cb291,DELETE,regular-file,build/js/node_modules/estraverse/estraverse.js,26188,
8772bbcca542a8dc43f1e08f55126ae24426f983,DELETE,regular-file,build/js/node_modules/estraverse/gulpfile.js,2790,
2a585c91f07351e9566d50faec67a0272367ba81,DELETE,regular-file,build/js/node_modules/etag/index.js,2479,
6ea485c40a694deb72801fcd0048a3c44de95403,DELETE,regular-file,build/js/node_modules/eventemitter3/index.js,9141,
888fcb8f5d487910bc5ae0d19d3a4145a943750a,DELETE,regular-file,build/js/node_modules/eventemitter3/umd/eventemitter3.js,10035,
2b1d2fb7ac07f717489278ba8cc7084f6cbbb2b7,DELETE,regular-file,build/js/node_modules/eventemitter3/umd/eventemitter3.min.js,3493,
34b69a0b4a6e124e8de119540980bbb4d6cdf4d6,DELETE,regular-file,build/js/node_modules/events/events.js,14890,
9b578272ba889e9732543badfc9077a59f974640,DELETE,regular-file,build/js/node_modules/events/tests/add-listeners.js,3792,
7fce48f37bf24cc63a3df3e88a558a03fdbde2fa,DELETE,regular-file,build/js/node_modules/events/tests/check-listener-leaks.js,3461,
49569b05f59d5a6c4956cc3bcea2dfd3d426d632,DELETE,regular-file,build/js/node_modules/events/tests/common.js,3204,
a23df437f05d39628251c8fa9dfb72baf72b749e,DELETE,regular-file,build/js/node_modules/events/tests/errors.js,344,
08aa62177e2c291efcbcc57a9010f4db8625a05c,DELETE,regular-file,build/js/node_modules/events/tests/events-list.js,813,
dae864963daae6fbac8b459a6358008189e82197,DELETE,regular-file,build/js/node_modules/events/tests/events-once.js,6115,
2d739e670ca0287debfd9bcbc6164e862c74b133,DELETE,regular-file,build/js/node_modules/events/tests/index.js,1840,
a402be6e2f42d11acafd5dea42fabe0a21df06c6,DELETE,regular-file,build/js/node_modules/events/tests/legacy-compat.js,296,
9d422d872a4ddaa57b323604aa893d53269d32f1,DELETE,regular-file,build/js/node_modules/events/tests/listener-count.js,1687,
180f833128b0732e4942727f00be02fac2e06d5c,DELETE,regular-file,build/js/node_modules/events/tests/listeners-side-effects.js,2102,
1909d2dfe2d1879c57ee2224749b491c9be495da,DELETE,regular-file,build/js/node_modules/events/tests/listeners.js,5336,
0b43953853252a2a1a3684899304e568f9259fb9,DELETE,regular-file,build/js/node_modules/events/tests/max-listeners.js,2068,
364a161fece00a8f525cd8d7f3a61539341a6d59,DELETE,regular-file,build/js/node_modules/events/tests/method-names.js,1665,
53fa63395c620287e36ed5329443474d22daa241,DELETE,regular-file,build/js/node_modules/events/tests/modify-in-emit.js,3225,
c9b0deb9c960b3e1037424bf717986da0222bb73,DELETE,regular-file,build/js/node_modules/events/tests/num-args.js,2217,
4b36c055e4e31b94109f0d089f9eb2244e787f6b,DELETE,regular-file,build/js/node_modules/events/tests/once.js,2650,
79afde0bf3971c638041df756918c25f239e8d79,DELETE,regular-file,build/js/node_modules/events/tests/prepend.js,833,
622941cfa604c0af52faabea35868f32ebf1237f,DELETE,regular-file,build/js/node_modules/events/tests/remove-all-listeners.js,4733,
18e4d1651fa2546a810774fd59147aee25624154,DELETE,regular-file,build/js/node_modules/events/tests/remove-listeners.js,6597,
13dbb671e9024280b2e9be42206a23b2db355074,DELETE,regular-file,build/js/node_modules/events/tests/set-max-listeners-side-effects.js,1445,
a2f0b744a706c9ae6181a9723b2b92492df7e4d1,DELETE,regular-file,build/js/node_modules/events/tests/special-event-names.js,1420,
bd033fff4d26696cddcb6a87f25da89d67a04e59,DELETE,regular-file,build/js/node_modules/events/tests/subclass.js,2011,
0721f0ec0b5d6ef520f30eb3c711551eaabd2204,DELETE,regular-file,build/js/node_modules/events/tests/symbols.js,627,
6fc9f129543e9729f81888f4b7c787cba6fbddc7,DELETE,regular-file,build/js/node_modules/execa/index.js,6516,
859b006a06e628ab292b5e38eacd4d0c3b67e914,DELETE,regular-file,build/js/node_modules/execa/lib/command.js,1189,
42144674dcc8ee86fba96b51108c3da288fcc7ac,DELETE,regular-file,build/js/node_modules/execa/lib/error.js,2169,
287a14238ea9fa99b3a9c0bdaabd13df72230d78,DELETE,regular-file,build/js/node_modules/execa/lib/kill.js,3095,
bd9d52333d56a90eb39b2007a6383c95507e0563,DELETE,regular-file,build/js/node_modules/execa/lib/promise.js,1150,
45129ed7ef03f647ee75a726de5eb51a85e90afa,DELETE,regular-file,build/js/node_modules/execa/lib/stdio.js,1186,
d445dd4710ad7df1ca5ccdffd057d9efb8dbe6fb,DELETE,regular-file,build/js/node_modules/execa/lib/stream.js,2400,
d219b0c878dc6136eb2096cffa140bf6bf2b8e9c,DELETE,regular-file,build/js/node_modules/express/index.js,224,
ebb30b51b3d6e84d33288251d11ab92d8462c181,DELETE,regular-file,build/js/node_modules/express/lib/application.js,14593,
d188a16db70387967e0f913c2ee7c0bf9f7ffb09,DELETE,regular-file,build/js/node_modules/express/lib/express.js,2409,
dfd042747bdb971d9760e9575241ddaa1b776cd8,DELETE,regular-file,build/js/node_modules/express/lib/middleware/init.js,853,
7e9166947aff3be10f7ffec3771c92581ce211da,DELETE,regular-file,build/js/node_modules/express/lib/middleware/query.js,885,
3f1eeca6c1ac502dfb12ae0144a3a5cced4f34a3,DELETE,regular-file,build/js/node_modules/express/lib/request.js,12505,
2b654f4c6629c821bbeaaeee970b199a420fd8b3,DELETE,regular-file,build/js/node_modules/express/lib/response.js,28729,
abb3a6f589e834c5e105f2a96907ed2eb6fc0185,DELETE,regular-file,build/js/node_modules/express/lib/router/index.js,15123,
4dc8e86d4f7fac6a5849ec236359e2300b4e3654,DELETE,regular-file,build/js/node_modules/express/lib/router/layer.js,3296,
a65756d6de6f34ae4b2f799cc33a07d589a2e464,DELETE,regular-file,build/js/node_modules/express/lib/router/route.js,4399,
56e12b9b54197602ebec2cf277c277e398c33643,DELETE,regular-file,build/js/node_modules/express/lib/utils.js,5871,
c08ab4d8d521cc18cbb89c3a705d8f137d12d056,DELETE,regular-file,build/js/node_modules/express/lib/view.js,3325,
ec34be90d153051156a8558c90f1564b84857d06,DELETE,regular-file,build/js/node_modules/express/node_modules/finalhandler/index.js,6768,
2aa3faae68c43e0221134e0ee72a713fd7d47a5f,DELETE,regular-file,build/js/node_modules/extend/index.js,3321,
d980be2575b7f06e7443bb3ec7023d63d2940c89,DELETE,regular-file,build/js/node_modules/fast-deep-equal/es6/index.js,1935,
98e2f9b71aa8bbf11b7f801814298276f9032541,DELETE,regular-file,build/js/node_modules/fast-deep-equal/es6/react.js,2209,
30dd1ba78cb4989e67a32295b3ca1fd9baaa6c96,DELETE,regular-file,build/js/node_modules/fast-deep-equal/index.js,1177,
3489b9833f3808dc78a17c5b34c5006176e93874,DELETE,regular-file,build/js/node_modules/fast-deep-equal/react.js,1451,
e725f9fc5f1e8fe9ba16c9b4df47aae9b2162a25,DELETE,regular-file,build/js/node_modules/fast-json-stable-stringify/benchmark/index.js,740,
d5f66752d82e15116b68c731ce0751e8799c3d5e,DELETE,regular-file,build/js/node_modules/fast-json-stable-stringify/example/key_cmp.js,177,
9a672fc65fb0fcf3112e578571df647a1acf0f46,DELETE,regular-file,build/js/node_modules/fast-json-stable-stringify/example/nested.js,109,
9b4b3cd289570ec16943219e4a076ca1a767924b,DELETE,regular-file,build/js/node_modules/fast-json-stable-stringify/example/str.js,97,
09f1c5f79b2167308e0aae89de38d79fcdf52624,DELETE,regular-file,build/js/node_modules/fast-json-stable-stringify/example/value_cmp.js,188,
c44e6a4137212cc1c577b8499bf963de2eda00e5,DELETE,regular-file,build/js/node_modules/fast-json-stable-stringify/index.js,1845,
4efd6b59721f9f875aa8ec869293fa398569c555,DELETE,regular-file,build/js/node_modules/fast-json-stable-stringify/test/cmp.js,350,
167a358e09a2963784915cf0272b128de8d3d1e5,DELETE,regular-file,build/js/node_modules/fast-json-stable-stringify/test/nested.js,1147,
99a9ade18bb85760a173ffbc76e6d51ae0a25eaf,DELETE,regular-file,build/js/node_modules/fast-json-stable-stringify/test/str.js,1126,
2fb2cfa3e8754a5d84eab3c61968d4af441ae217,DELETE,regular-file,build/js/node_modules/fast-json-stable-stringify/test/to-json.js,607,
5eed73e072d2002b3fea5cfdbabacfadbd969e3c,DELETE,regular-file,build/js/node_modules/fast-uri/benchmark.js,2677,
89fd678fe2a82d7fe3be869fffd71b3631c61c6a,DELETE,regular-file,build/js/node_modules/fast-uri/eslint.config.js,135,
ab6c477c5c568e04be92ecbc72ebb5f94c1d95ba,DELETE,regular-file,build/js/node_modules/fast-uri/index.js,9523,
fe0f91a7a70aad3def84128d39f20d8e6e4d9d47,DELETE,regular-file,build/js/node_modules/fast-uri/lib/schemes.js,4716,
d4a61103b525e0774b770cb6c631e9839be5a221,DELETE,regular-file,build/js/node_modules/fast-uri/lib/scopedChars.js,245,
972c1a2728be6481350004edefd8cc5f31b8b9f5,DELETE,regular-file,build/js/node_modules/fast-uri/lib/utils.js,5823,
e78c4d7f8f111b6abc433dadb7574be2c350ff82,DELETE,regular-file,build/js/node_modules/fast-uri/test/ajv.test.js,737,
89886d17db5904b73eb2a2291df660e0f6bac6c0,DELETE,regular-file,build/js/node_modules/fast-uri/test/compatibility.test.js,4117,
2773268b28b980080335d528b8fabfca5f22ceae,DELETE,regular-file,build/js/node_modules/fast-uri/test/equal.test.js,3300,
ed29cc0ff0d8c7d088fd19fc3925a5861661e4e5,DELETE,regular-file,build/js/node_modules/fast-uri/test/parse.test.js,13870,
69ac7b2cf40368fc02f9396c4cf920e6ef8fee6f,DELETE,regular-file,build/js/node_modules/fast-uri/test/resolve.test.js,3803,
8d9782550bda4b43ceddc5a6d6ac6a84020caf50,DELETE,regular-file,build/js/node_modules/fast-uri/test/serialize.test.js,5887,
67ac748bb31e74633091a32f783aadceda177a26,DELETE,regular-file,build/js/node_modules/fast-uri/test/uri-js.test.js,41117,
66d515fab1574b377eff8799d15dce2489b3e5b2,DELETE,regular-file,build/js/node_modules/fast-uri/test/util.test.js,572,
1fd420bd737e8d53ec5322e312773a807e63a941,DELETE,regular-file,build/js/node_modules/fastest-levenshtein/bench.js,3190,
719f2b8fdade980e5da7d26beedf82e55a94079d,DELETE,regular-file,build/js/node_modules/fastest-levenshtein/esm/mod.js,3668,
6bc27459399e6d5a7ef1d991aa8b3764176e36c2,DELETE,regular-file,build/js/node_modules/fastest-levenshtein/mod.js,3778,
475063390a81b25a466703ba94a9df4a3e9cd2d7,DELETE,regular-file,build/js/node_modules/fastest-levenshtein/test.js,1617,
4af9d9d8f38faa714bd6efddd09a0d9660bc77c4,DELETE,regular-file,build/js/node_modules/faye-websocket/lib/faye/eventsource.js,3776,
13255eb7802497468528d444c105aacbeca77111,DELETE,regular-file,build/js/node_modules/faye-websocket/lib/faye/websocket.js,1317,
d64cb033359239ec311048f0857c5bec09374656,DELETE,regular-file,build/js/node_modules/faye-websocket/lib/faye/websocket/api.js,5417,
00d82c5b268b008d41d8fb279abb7bd95cd51ec7,DELETE,regular-file,build/js/node_modules/faye-websocket/lib/faye/websocket/api/event.js,520,
51a4ad9ecae90273c1b6b2b7949637d865371749,DELETE,regular-file,build/js/node_modules/faye-websocket/lib/faye/websocket/api/event_target.js,639,
c3f886da1c8c9b0fe9e5d134f3daf6b6fa150783,DELETE,regular-file,build/js/node_modules/faye-websocket/lib/faye/websocket/client.js,2739,
f361bbeae9b82ee743635e188c28604f06bc2dd6,DELETE,regular-file,build/js/node_modules/fflate/esm/browser.js,82693,
93490cd5cac2202064a5bfa1922ff061784d6c6f,DELETE,regular-file,build/js/node_modules/fflate/umd/index.js,29679,
ddb212ee2873d7c13624c47265c56f38fbb4ed1c,DELETE,regular-file,build/js/node_modules/fill-range/index.js,6406,
5673507988e409ab134d2d557fa03cf886127b8f,DELETE,regular-file,build/js/node_modules/finalhandler/index.js,6518,
fc4906c6c7896396a877e1f369c78f804e3afa10,DELETE,regular-file,build/js/node_modules/finalhandler/node_modules/encodeurl/index.js,1586,
9abd98f9d386260ca739c293c035b83252619f6a,DELETE,regular-file,build/js/node_modules/finalhandler/node_modules/on-finished/index.js,3686,
4df469a05d1a293ac67077f149f17b24ff49d2b1,DELETE,regular-file,build/js/node_modules/finalhandler/node_modules/statuses/index.js,2088,
ce564e5d322847ed088eba6d0973c19da3b4426d,DELETE,regular-file,build/js/node_modules/find-up/index.js,1940,
e4f96b372109a1873b17793850c72a6d2f1467ba,DELETE,executable,build/js/node_modules/flat/cli.js,895,
2a5d7ca055e5e93983d47f8f57b1ac4c784d9884,DELETE,regular-file,build/js/node_modules/flat/index.js,3970,
7f4ee3dfa52a51a26e03be37c75883b074bc54cf,DELETE,regular-file,build/js/node_modules/flat/test/test.js,15110,
7591f25937494bae94f85c397174643c471c1c1b,DELETE,regular-file,build/js/node_modules/flatted/cjs/index.js,3503,
42c98aeff21273daa8dd4e53ba5d07dc96191f74,DELETE,regular-file,build/js/node_modules/flatted/es.js,1133,
a5d5351e97a9783228d3b4bcefe2c0715a8cbbb1,DELETE,regular-file,build/js/node_modules/flatted/esm.js,1101,
d203851ae8811fa5cbcdf318a44a4f32d1a1f8ba,DELETE,regular-file,build/js/node_modules/flatted/esm/index.js,3409,
f40414abf755386ec9103b8c5f466553939b80e3,DELETE,regular-file,build/js/node_modules/flatted/index.js,4354,
ad049a4adda5e101a88cbdac796c6906f2dd923e,DELETE,regular-file,build/js/node_modules/flatted/min.js,1438,
decb77dedde56627ef2d50280daa14326a6091e1,DELETE,regular-file,build/js/node_modules/follow-redirects/debug.js,315,
695e356174a86759d476ae3c4098206580076fbd,DELETE,regular-file,build/js/node_modules/follow-redirects/http.js,37,
d21c921d99a7371e8cdeaeee43579f6bc3da77f6,DELETE,regular-file,build/js/node_modules/follow-redirects/https.js,38,
a30b32cdf91b6eb501f9ad314804dcca434a9e9c,DELETE,regular-file,build/js/node_modules/follow-redirects/index.js,20647,
ef02c497b8b4f002884d36553b8d355a900e1934,DELETE,regular-file,build/js/node_modules/format-util/format.js,766,
8343c2b80c3cb8bf0c1beae077ef5ade78b00e11,DELETE,regular-file,build/js/node_modules/format-util/index.js,41,
b2b6bdd3c98349ba48b5dc150e66746dab1beec1,DELETE,regular-file,build/js/node_modules/forwarded/index.js,1578,
d154f5a7d23975af101646b65e74abf8490f50a5,DELETE,regular-file,build/js/node_modules/fresh/index.js,2711,
f2831b32938b2a25cd302173e736b8b278d87cab,DELETE,regular-file,build/js/node_modules/fs-extra/lib/copy-sync/copy-sync.js,5431,
65945aedb20a3648a63cf70d98a07e193296f455,DELETE,regular-file,build/js/node_modules/fs-extra/lib/copy-sync/index.js,70,
411fc64cef17c61b931104229f22e0a63b7a49fb,DELETE,regular-file,build/js/node_modules/fs-extra/lib/copy/copy.js,6998,
b7e4f7f8d4d5d819b39e73e7ebe85f7b90683c46,DELETE,regular-file,build/js/node_modules/fs-extra/lib/copy/index.js,111,
204d53ba99e2126714b4b180d9b5a3fea57771fe,DELETE,regular-file,build/js/node_modules/fs-extra/lib/empty/index.js,992,
67eed3017c050c09b76f7bac7ab0e2c3794f0882,DELETE,regular-file,build/js/node_modules/fs-extra/lib/ensure/file.js,1105,
c1f67b71878b3db1a5d82c9a1ac0655d5558c03e,DELETE,regular-file,build/js/node_modules/fs-extra/lib/ensure/index.js,623,
2cd419626a6658ce2403689d541d11ab4d8aafe8,DELETE,regular-file,build/js/node_modules/fs-extra/lib/ensure/link.js,1564,
24e7e1c610694c7541886d2766d152ee9394cc70,DELETE,regular-file,build/js/node_modules/fs-extra/lib/ensure/symlink-paths.js,3398,
4f8787c2a3ceefe3d475f47acda82c5e1cbb45e8,DELETE,regular-file,build/js/node_modules/fs-extra/lib/ensure/symlink-type.js,698,
fe68b799787243921c6acd712d438c708a392e02,DELETE,regular-file,build/js/node_modules/fs-extra/lib/ensure/symlink.js,2050,
a7b2292293da38b0727e4a33118f1445c765aeff,DELETE,regular-file,build/js/node_modules/fs-extra/lib/fs/index.js,2799,
40e37b1841d71fa5c28a6d46a524b1f1719cc15b,DELETE,regular-file,build/js/node_modules/fs-extra/lib/index.js,702,
bae68d45a52a2373f30901a57039b5a9e9c8f636,DELETE,regular-file,build/js/node_modules/fs-extra/lib/json/index.js,509,
59cdb3e465e26edbd18fabccef2a82b980e05e05,DELETE,regular-file,build/js/node_modules/fs-extra/lib/json/jsonfile.js,291,
6f76710e37fcb7630436d7d667fd74ee51210ec8,DELETE,regular-file,build/js/node_modules/fs-extra/lib/json/output-json-sync.js,375,
d45edb89e53c47be6304799255d6b0fff4860e85,DELETE,regular-file,build/js/node_modules/fs-extra/lib/json/output-json.js,657,
d6e7e5bf4cd3b35d8a6c118d519a231b876798b6,DELETE,regular-file,build/js/node_modules/fs-extra/lib/mkdirs/index.js,292,
a34acb9955af18a83decfee149718419a60bef45,DELETE,regular-file,build/js/node_modules/fs-extra/lib/mkdirs/mkdirs-sync.js,1251,
18975337aab2f2b901182ac65aeecffe4ac02ced,DELETE,regular-file,build/js/node_modules/fs-extra/lib/mkdirs/mkdirs.js,1636,
99b3920f9c492b108fed3a07e87107985e2b4089,DELETE,regular-file,build/js/node_modules/fs-extra/lib/mkdirs/win32.js,517,
af90b06b423b9d3af43a81e090a784700bef9e3e,DELETE,regular-file,build/js/node_modules/fs-extra/lib/move-sync/index.js,70,
20f910cc258f8f2969a66d538e2d1703c4de98af,DELETE,regular-file,build/js/node_modules/fs-extra/lib/move-sync/move-sync.js,1199,
3785345bd2670db9bdf41e3c4766d1b5d5a34813,DELETE,regular-file,build/js/node_modules/fs-extra/lib/move/index.js,111,
fa3ea618a29b6de8b76f4318c0b99700f878b39a,DELETE,regular-file,build/js/node_modules/fs-extra/lib/move/move.js,1631,
92297ca3a68cc16713fb25504d3800bad744fb72,DELETE,regular-file,build/js/node_modules/fs-extra/lib/output/index.js,947,
ddd9bc718f73367de57c345c3bfcd236c579dc2f,DELETE,regular-file,build/js/node_modules/fs-extra/lib/path-exists/index.js,263,
cee53400775592ea7f5e6fc3f9d450a62772fbdb,DELETE,regular-file,build/js/node_modules/fs-extra/lib/remove/index.js,165,
f287e4e11b524667c6fac5e037e7194c07cb5d14,DELETE,regular-file,build/js/node_modules/fs-extra/lib/remove/rimraf.js,7673,
dabf2885c9030e4bb3d5bf889d0a2ac7dcef6e17,DELETE,regular-file,build/js/node_modules/fs-extra/lib/util/buffer.js,276,
350cb9f7e064474a6c63cda5de80085a4d5ca845,DELETE,regular-file,build/js/node_modules/fs-extra/lib/util/stat.js,5700,
8916a1b8f7610807ca7d24a8558d86b2078569f4,DELETE,regular-file,build/js/node_modules/fs-extra/lib/util/utimes.js,2370,
d47b619ef43901941913d9c5ee8d92581a31a76a,DELETE,regular-file,build/js/node_modules/fs-monkey/lib/correctPath.js,1107,
8b97703422c1537f44e2d2399565b8e9801abe90,DELETE,regular-file,build/js/node_modules/fs-monkey/lib/index.js,1989,
ed588be9336ab4b0bbbdcb50e2db263a2b184d55,DELETE,regular-file,build/js/node_modules/fs-monkey/lib/patchFs.js,3668,
9f591449ac8f00cce95ccf4b4f2f09fd05dc2365,DELETE,regular-file,build/js/node_modules/fs-monkey/lib/patchRequire.js,6963,
bf04f2ab166ed6d6793c4e63ce6dd231b3372eae,DELETE,regular-file,build/js/node_modules/fs-monkey/lib/util/lists.js,1314,
b09c7c7e6364dad82ad4b5f4e358a06e66ed8bdd,DELETE,regular-file,build/js/node_modules/fs.realpath/index.js,1308,
b40305e73fd583364d50dde4daf74f17c19ce1a8,DELETE,regular-file,build/js/node_modules/fs.realpath/old.js,8542,
198da98e7693d57f0f786b01327e6fcb9d06cd2b,DELETE,regular-file,build/js/node_modules/fsevents/fsevents.js,2483,
fd4384cc0c34ce3e1e411bc8b0557680cf000eff,DELETE,regular-file,build/js/node_modules/function-bind/implementation.js,2043,
3bb6b9609889f8131b2d6732ff1606e01e1365b2,DELETE,regular-file,build/js/node_modules/function-bind/index.js,126,
2edecce2f0fa5adcc88ebc609440221621048c05,DELETE,regular-file,build/js/node_modules/function-bind/test/index.js,8991,
57304f80345dd0ab2aa24beccc214147b784c28f,DELETE,regular-file,build/js/node_modules/get-caller-file/index.js,1108,
bd1d94b7f12eb2144fd68163e6481ad0e5f2b70a,DELETE,regular-file,build/js/node_modules/get-intrinsic/index.js,14439,
d9c0f30a34ccccdf1636aa599b7d40dc7d111e5e,DELETE,regular-file,build/js/node_modules/get-intrinsic/test/GetIntrinsic.js,8758,
c2cbbdfc65c390afc3205f87dd95bc996e24cbb8,DELETE,regular-file,build/js/node_modules/get-proto/Object.getPrototypeOf.js,156,
e6c51bee433645af0221f124bc33e7d7ca3626a6,DELETE,regular-file,build/js/node_modules/get-proto/Reflect.getPrototypeOf.js,150,
7e5747be023988fb560d4fc0098e82b8197df340,DELETE,regular-file,build/js/node_modules/get-proto/index.js,821,
5a2ece252d1aaa7f2bc64e7eb958278a42c944dc,DELETE,regular-file,build/js/node_modules/get-proto/test/index.js,2359,
2dd75745dfe4037573a2e3a3a8ebccefff8aa3cd,DELETE,regular-file,build/js/node_modules/get-stream/buffer-stream.js,894,
1c5d02860979412cd761228c42df793425a09841,DELETE,regular-file,build/js/node_modules/get-stream/index.js,1489,
09e257ea306cd41c63cc1a59a86653d098bda0f9,DELETE,regular-file,build/js/node_modules/glob-parent/index.js,1120,
365cf227effa2101c296de5ee5dc8364eea171fb,DELETE,regular-file,build/js/node_modules/glob-to-regexp/index.js,3434,
58ee622c722832c6a58087cb72e0466b1aca1227,DELETE,regular-file,build/js/node_modules/glob-to-regexp/test.js,10842,
424c46e1dab1be6b6e357b0620d3efbc059ee0b8,DELETE,regular-file,build/js/node_modules/glob/common.js,6149,
37a4d7e60775a381e843d26bebe568270e9c4388,DELETE,regular-file,build/js/node_modules/glob/glob.js,19445,
2c4f480192d28d3aabc2a7697b6352131ff3c339,DELETE,regular-file,build/js/node_modules/glob/sync.js,12020,
cf9616c4a6671026d27790a79dbf26732a5860fb,DELETE,regular-file,build/js/node_modules/gopd/gOPD.js,97,
a4081b013e2a7f3406e47ff109bc0c454905b4cf,DELETE,regular-file,build/js/node_modules/gopd/index.js,206,
6f43453ade2de4499935b80e16d47d7c1406dd2f,DELETE,regular-file,build/js/node_modules/gopd/test/index.js,656,
dff3cc8c504b4cf14054b5d7bbc64b1696bc9fec,DELETE,regular-file,build/js/node_modules/graceful-fs/clone.js,496,
8d5b89e4fa7fdbaebf58556cc044d2a912bce5de,DELETE,regular-file,build/js/node_modules/graceful-fs/graceful-fs.js,12680,
d617b50fc0832dcce4ba05f7a7200938438ead90,DELETE,regular-file,build/js/node_modules/graceful-fs/legacy-streams.js,2655,
453f1a9e702d1aaf9a34cb8460f30073dc83bcf5,DELETE,regular-file,build/js/node_modules/graceful-fs/polyfills.js,10141,
399742b0bcfbb30c2836e4665d6b641cb1ab524f,DELETE,regular-file,build/js/node_modules/handle-thing/lib/handle.js,5536,
b6bded779e7411117194e259ff2b49c51e2e0a70,DELETE,regular-file,build/js/node_modules/handle-thing/lib/queue.js,912,
8e4e16703044b7c7458a60e8edf3b308aa322f2f,DELETE,regular-file,build/js/node_modules/handle-thing/test/api-test.js,2693,
b6f80b1f8ffd7658a11af977a9df3c296008d4cd,DELETE,regular-file,build/js/node_modules/has-flag/index.js,330,
fa65265a9d45a38560d60c71f0a3305802c39365,DELETE,regular-file,build/js/node_modules/has-symbols/index.js,447,
f97b474105d705cc4acb88c32aaf60cfb28bf6b3,DELETE,regular-file,build/js/node_modules/has-symbols/shams.js,1922,
352129ca356c8ce4ba2e5e6b78c092f401e0f2da,DELETE,regular-file,build/js/node_modules/has-symbols/test/index.js,654,
1a29024ea215a7eefa9e372a75ac2d9c1b9e2abb,DELETE,regular-file,build/js/node_modules/has-symbols/test/shams/core-js.js,797,
e0296f8e25c8f10b0b4fbb428b8d92c04c5373a9,DELETE,regular-file,build/js/node_modules/has-symbols/test/shams/get-own-property-symbols.js,760,
66a2cb800239b52fded1d03a2747967f17c92251,DELETE,regular-file,build/js/node_modules/has-symbols/test/tests.js,2139,
77bfa00702851e245eaca0b4bb197075e4afd9a9,DELETE,regular-file,build/js/node_modules/has-tostringtag/index.js,196,
809580dbd6a347bb63b22eb116a14e32bcd64cda,DELETE,regular-file,build/js/node_modules/has-tostringtag/shams.js,189,
0679afdfa78bffebe91fda3023491bba375b53a6,DELETE,regular-file,build/js/node_modules/has-tostringtag/test/index.js,679,
7ab214da3433e437bbd54ce422e389e88c01c1f7,DELETE,regular-file,build/js/node_modules/has-tostringtag/test/shams/core-js.js,935,
c8af44c522e5067c08511d5171f7e037f615e3d2,DELETE,regular-file,build/js/node_modules/has-tostringtag/test/shams/get-own-property-symbols.js,828,
2aa0d48877e45a58bf4b421ff7a110f529dbd0a0,DELETE,regular-file,build/js/node_modules/has-tostringtag/test/tests.js,532,
34e60591349679d8cbdb1033a60eb5d171d7637e,DELETE,regular-file,build/js/node_modules/hasown/index.js,206,
14a58e9d6f192208ccdfe78da011f320da5aac54,DELETE,regular-file,build/js/node_modules/he/he.js,100899,
0ab49d0f545a7060bd3defc96f1b8ccd6f2c24e3,DELETE,regular-file,build/js/node_modules/hpack.js/lib/hpack.js,397,
db7f6b92951218d2375cb3bfa67712355ca13bd0,DELETE,regular-file,build/js/node_modules/hpack.js/lib/hpack/compressor.js,3002,
961973f10613fe76e5e5bffd071d5fb87b04a693,DELETE,regular-file,build/js/node_modules/hpack.js/lib/hpack/decoder.js,3857,
b1db164bc0270d684b9522bcb91b4c335631299d,DELETE,regular-file,build/js/node_modules/hpack.js/lib/hpack/decompressor.js,2700,
594e51d3381276583fc4150b7c1a52149a406846,DELETE,regular-file,build/js/node_modules/hpack.js/lib/hpack/encoder.js,2778,
87680ab32e8cac0f7def46cc959051a0327a93fc,DELETE,regular-file,build/js/node_modules/hpack.js/lib/hpack/huffman.js,12265,
71c543c9ab141646809a27285cb4514062c36c17,DELETE,regular-file,build/js/node_modules/hpack.js/lib/hpack/static-table.js,9806,
c627a08136b241b2fc3c6f9d39a1a39cb20aafa2,DELETE,regular-file,build/js/node_modules/hpack.js/lib/hpack/table.js,2209,
27021cfbbc44348b9c86c9e04d57f6fdcf2b5050,DELETE,regular-file,build/js/node_modules/hpack.js/lib/hpack/utils.js,511,
f8b2db83dbe733d7720264a9840202e29ebeffbd,DELETE,regular-file,build/js/node_modules/hpack.js/node_modules/readable-stream/duplex-browser.js,53,
46924cbfdf53871b574d3f6f5b4bc6064b824aaa,DELETE,regular-file,build/js/node_modules/hpack.js/node_modules/readable-stream/duplex.js,46,
57003c32d256c0a1fe20dadd279abef2d463074f,DELETE,regular-file,build/js/node_modules/hpack.js/node_modules/readable-stream/lib/_stream_duplex.js,4015,
612edb4d8b443fabc4ddac619da420bad62fc5b0,DELETE,regular-file,build/js/node_modules/hpack.js/node_modules/readable-stream/lib/_stream_passthrough.js,1753,
3af95cb2dbf1e9fa93d261b030b0b090df507ff7,DELETE,regular-file,build/js/node_modules/hpack.js/node_modules/readable-stream/lib/_stream_readable.js,31426,
fcfc105af8e9a124bea4b82011f6cb7d6d2a7158,DELETE,regular-file,build/js/node_modules/hpack.js/node_modules/readable-stream/lib/_stream_transform.js,7742,
e1e897ff3b098a263aa105d5704dbadce42d5862,DELETE,regular-file,build/js/node_modules/hpack.js/node_modules/readable-stream/lib/_stream_writable.js,20335,
5e080976c3932d544595c14704a7943a9fd9f282,DELETE,regular-file,build/js/node_modules/hpack.js/node_modules/readable-stream/lib/internal/streams/BufferList.js,2009,
85a821407fce47a9c8f9521ca92538d67d0857ad,DELETE,regular-file,build/js/node_modules/hpack.js/node_modules/readable-stream/lib/internal/streams/destroy.js,2175,
9332a3fdae7060505c0a081614e697fa6cb56dc0,DELETE,regular-file,build/js/node_modules/hpack.js/node_modules/readable-stream/lib/internal/streams/stream-browser.js,49,
ce2ad5b6ee57f4778a1f4838f7970093c7941c1c,DELETE,regular-file,build/js/node_modules/hpack.js/node_modules/readable-stream/lib/internal/streams/stream.js,36,
ffd791d7ff275a58d537ea89153175a23edee5fb,DELETE,regular-file,build/js/node_modules/hpack.js/node_modules/readable-stream/passthrough.js,51,
e50372592ee6c63a7fc43cb912dd9639e3fa7eb1,DELETE,regular-file,build/js/node_modules/hpack.js/node_modules/readable-stream/readable-browser.js,351,
ec89ec53306497adae0014c4a8aba6d51d1aff6c,DELETE,regular-file,build/js/node_modules/hpack.js/node_modules/readable-stream/readable.js,771,
b1baba26da03dc8bbc5d9da33cd55f3f88c99115,DELETE,regular-file,build/js/node_modules/hpack.js/node_modules/readable-stream/transform.js,49,
ebdde6a85dcb19bfdbfc2ec2e34b13a54c0e5bf0,DELETE,regular-file,build/js/node_modules/hpack.js/node_modules/readable-stream/writable-browser.js,55,
3211a6f80d1abc9db7099cd1e8fa200ad2ccfdbe,DELETE,regular-file,build/js/node_modules/hpack.js/node_modules/readable-stream/writable.js,229,
22438dabbbceef6954a1a7a68038f8c440a90c79,DELETE,regular-file,build/js/node_modules/hpack.js/node_modules/safe-buffer/index.js,1529,
2e89e63f7933e42b8ba543ede35d2a8fa3e4f100,DELETE,regular-file,build/js/node_modules/hpack.js/node_modules/string_decoder/lib/string_decoder.js,9465,
75725ec7b023ea705eebd8fc8a2dbf850734c212,DELETE,regular-file,build/js/node_modules/hpack.js/test/compressor-test.js,3827,
f4fb6743d3a53e8e2529f581e9548667dbcd2201,DELETE,regular-file,build/js/node_modules/hpack.js/test/decoder-test.js,5291,
c94322bc837b2cdee90d19b0f52a334e139beedd,DELETE,regular-file,build/js/node_modules/hpack.js/test/decompressor-test.js,5248,
17b0a8f9dee9e3a5d84d28856201ea38dce98f1d,DELETE,regular-file,build/js/node_modules/hpack.js/test/encoder-test.js,4541,
13a99e83dce580590b8932d990f365b97bc16393,DELETE,regular-file,build/js/node_modules/hpack.js/test/fixtures.js,6529,
b6954c7ecf621870397ce28b08a75689e90a71ae,DELETE,regular-file,build/js/node_modules/hpack.js/tools/gen-huffman.js,18148,
7988021e54f27139c5d4d683a3e9b588f205e71d,DELETE,regular-file,build/js/node_modules/hpack.js/tools/gen-static-table.js,1907,
4b25e14e82db1e3bb4ef65f22088c5b354303783,DELETE,regular-file,build/js/node_modules/hpack.js/tools/utils.js,454,
f871ed41fd0112c578af08f1b1a1393c0aabae5f,DELETE,regular-file,build/js/node_modules/html-entities/dist/commonjs/index.js,5416,
cfa831f8b12be8cd4613f4270c83843f3c92bccf,DELETE,regular-file,build/js/node_modules/html-entities/dist/commonjs/named-references.js,28141,
7eed025b27232ccdd1fc75342a4263f7a2ddef99,DELETE,regular-file,build/js/node_modules/html-entities/dist/commonjs/numeric-unicode-map.js,601,
bc329f0dc41291f0258af48d9dfd1f61a3e759b8,DELETE,regular-file,build/js/node_modules/html-entities/dist/commonjs/surrogate-pairs.js,912,
4161497b332a7693a618aafaa79ca349f453bc88,DELETE,regular-file,build/js/node_modules/html-entities/dist/esm/index.js,5096,
aef44030589033d0a21a77c12be74f82312aab19,DELETE,regular-file,build/js/node_modules/html-entities/dist/esm/named-references.js,27982,
f28203cc1919a5d6f4fa9d575e0056df9a7fc64c,DELETE,regular-file,build/js/node_modules/html-entities/dist/esm/numeric-unicode-map.js,491,
8c67d9f51194ddf62045c182c3dbd6871a69f5bc,DELETE,regular-file,build/js/node_modules/html-entities/dist/esm/surrogate-pairs.js,738,
33e14cbd6ed4f07df56f031676600b5fc1941344,DELETE,regular-file,build/js/node_modules/http-deceiver/lib/deceiver.js,6722,
447ddc27f0e5a2003141b538669ac9ef010b53bb,DELETE,regular-file,build/js/node_modules/http-deceiver/test/api-test.js,4972,
c425f1ee9d0944b1e2274ebb78528febf563d17e,DELETE,regular-file,build/js/node_modules/http-errors/index.js,6391,
3e98ab9a24d7fdc8ce97e4fd67241c0709713d49,DELETE,regular-file,build/js/node_modules/http-parser-js/http-parser.js,13899,
7acfd22dbadade31f77a013a6d61fcdacf15facb,DELETE,regular-file,build/js/node_modules/http-proxy-middleware/dist/_handlers.js,3103,
0c08ab41c952a10eade1473d54de4da4185848ef,DELETE,regular-file,build/js/node_modules/http-proxy-middleware/dist/config-factory.js,2717,
d9e3d13e33158438898cb6434c771b2079b65615,DELETE,regular-file,build/js/node_modules/http-proxy-middleware/dist/context-matcher.js,2393,
dd20f7d9d2620335108cf23acc87a0968662cb7e,DELETE,regular-file,build/js/node_modules/http-proxy-middleware/dist/errors.js,747,
df02f3a449801161a1af954a9146b67287d107e6,DELETE,regular-file,build/js/node_modules/http-proxy-middleware/dist/handlers/fix-request-body.js,1075,
a731a4c049b21384443638935cb12e940db30e09,DELETE,regular-file,build/js/node_modules/http-proxy-middleware/dist/handlers/index.js,633,
7210c059f071d1e3b4882bdd5831cdf944281485,DELETE,regular-file,build/js/node_modules/http-proxy-middleware/dist/handlers/public.js,546,
2807b132d7f3ac4edcbdf62a3b026a508c1d6ca1,DELETE,regular-file,build/js/node_modules/http-proxy-middleware/dist/handlers/response-interceptor.js,3354,
3a3950584b92966f1f46ec3bcb772acd011e37fd,DELETE,regular-file,build/js/node_modules/http-proxy-middleware/dist/http-proxy-middleware.js,7608,
2423037c0bbfaa4cda89361738f9cd2eab79510b,DELETE,regular-file,build/js/node_modules/http-proxy-middleware/dist/index.js,968,
b914619422065afcb92c7d5e63a4edc7a6d9f04a,DELETE,regular-file,build/js/node_modules/http-proxy-middleware/dist/logger.js,3941,
391feaafa2aaded0f17625c4130467fa116e5b2e,DELETE,regular-file,build/js/node_modules/http-proxy-middleware/dist/path-rewriter.js,2120,
600a8326f62f297f3ae12beffc71abdd1fa29afe,DELETE,regular-file,build/js/node_modules/http-proxy-middleware/dist/router.js,1385,
3c439db0709462fc89d433bc767b0d0f8704b3a2,DELETE,regular-file,build/js/node_modules/http-proxy-middleware/dist/types.js,267,
95079ec65258a6fb959f4bedfe6c5a4f41f27a4a,DELETE,regular-file,build/js/node_modules/http-proxy-middleware/node_modules/is-plain-obj/index.js,245,
e6fac85844eed4be4905f21068ad8fcdf22c9944,DELETE,regular-file,build/js/node_modules/http-proxy/index.js,375,
8ea278938f7e1dd18b1935f82237ccfa9bfae1ec,DELETE,regular-file,build/js/node_modules/http-proxy/lib/http-proxy.js,2578,
6513e81d80d5250ea249ea833f819ece67897c7e,DELETE,regular-file,build/js/node_modules/http-proxy/lib/http-proxy/common.js,6606,
977a4b3622b9eaac27689f06347ea4c5173a96cd,DELETE,regular-file,build/js/node_modules/http-proxy/lib/http-proxy/index.js,4794,
7ae735514190eea569c605fff7d27c045fe8d601,DELETE,regular-file,build/js/node_modules/http-proxy/lib/http-proxy/passes/web-incoming.js,5906,
46352f6e377affc701773328d528bd7e4352f242,DELETE,regular-file,build/js/node_modules/http-proxy/lib/http-proxy/passes/web-outgoing.js,4960,
270f23f45db2b417a23d1d4331d2ecdf0d599a35,DELETE,regular-file,build/js/node_modules/http-proxy/lib/http-proxy/passes/ws-incoming.js,4568,
98e8fced057d8e7c95ae7c144a9954ac2f3bce34,DELETE,regular-file,build/js/node_modules/human-signals/build/src/core.js,4268,
88f5fd29bee5540e7dfbbf4453d229ef6830a48b,DELETE,regular-file,build/js/node_modules/human-signals/build/src/main.js,1528,
f665516fd0d506f38e4de1fc03399665c4c2b505,DELETE,regular-file,build/js/node_modules/human-signals/build/src/realtime.js,590,
ab3b387d91cfb831b23133c40ffe7d9984b06a78,DELETE,regular-file,build/js/node_modules/human-signals/build/src/signals.js,778,
1fe3e160112aa9b896df4b30a0184d76a69dfaef,DELETE,regular-file,build/js/node_modules/iconv-lite/encodings/dbcs-codec.js,21415,
4b61914341f9165a4b54543d49e93af6b0d559cf,DELETE,regular-file,build/js/node_modules/iconv-lite/encodings/dbcs-data.js,8291,
e30400317c18fb2fd374e01d52c8f815976db6a5,DELETE,regular-file,build/js/node_modules/iconv-lite/encodings/index.js,710,
05ce38b276eee23753837bea9df92a96e5d02c1a,DELETE,regular-file,build/js/node_modules/iconv-lite/encodings/internal.js,6115,
abac5ffaac97da29fa5c5d8aedf5b47763fc7c58,DELETE,regular-file,build/js/node_modules/iconv-lite/encodings/sbcs-codec.js,2191,
9b4823607b6071c67dd7b553767bfee98a49de1c,DELETE,regular-file,build/js/node_modules/iconv-lite/encodings/sbcs-data-generated.js,32034,
fdb81a39ac985322057f18f455f9f1160e7ac17f,DELETE,regular-file,build/js/node_modules/iconv-lite/encodings/sbcs-data.js,4686,
54765aeee2f11ec423c0b719cd424bed876d6402,DELETE,regular-file,build/js/node_modules/iconv-lite/encodings/utf16.js,5011,
b7631c23a801b0275c1f12a9d1a8fe00d8f51f0c,DELETE,regular-file,build/js/node_modules/iconv-lite/encodings/utf7.js,9215,
1050872385c7f96b4f54d50ebc873b1031e2528c,DELETE,regular-file,build/js/node_modules/iconv-lite/lib/bom-handling.js,1109,
87f5394a4b3966eca00c9a01a2ef0b2f2f27f5c6,DELETE,regular-file,build/js/node_modules/iconv-lite/lib/extend-node.js,8701,
5391919ca2c6314bdd7c246e4d00ae1cec42c98d,DELETE,regular-file,build/js/node_modules/iconv-lite/lib/index.js,5123,
4409552958edca1b2eb6b30742759ddf1bb5f3c8,DELETE,regular-file,build/js/node_modules/iconv-lite/lib/streams.js,3387,
9155dbb4e3221ce91950d75ca92d687a5f19b126,DELETE,regular-file,build/js/node_modules/icss-utils/src/createICSSRules.js,1569,
08b801019217e3f1ebcd7f5ad8c618b33d570d2b,DELETE,regular-file,build/js/node_modules/icss-utils/src/extractICSS.js,1713,
5a12663c04f915575d6651e1b78c923fd86b0391,DELETE,regular-file,build/js/node_modules/icss-utils/src/index.js,324,
5f33a7cf7e9cc3ce9fc9f0a1976fb9c0f993966c,DELETE,regular-file,build/js/node_modules/icss-utils/src/replaceSymbols.js,607,
3f87ca42d3fa0d52499d8dabc1cdf9fcf6c13691,DELETE,regular-file,build/js/node_modules/icss-utils/src/replaceValueSymbols.js,502,
46b939f13217d28176193ba4a891f07978dca3ef,DELETE,executable,build/js/node_modules/import-local/fixtures/cli.js,126,
28c9c605f2184cfed5e7be4f7f4ee2a6e478ea7d,DELETE,regular-file,build/js/node_modules/import-local/index.js,1384,
48202b3ca41d9768b5f526f3aede4581e7693386,DELETE,regular-file,build/js/node_modules/inflight/inflight.js,1365,
f71f2d93294a67ad5d9300aae07973e259f26068,DELETE,regular-file,build/js/node_modules/inherits/inherits.js,250,
86bbb3dc29e4847df14de2c2b4b168e065184643,DELETE,regular-file,build/js/node_modules/inherits/inherits_browser.js,753,
62afbc6b3b2e2953aefe0f6887af1ad3f4b72ff8,DELETE,regular-file,build/js/node_modules/interpret/cjs-stub.js,35,
b951fd9e47ecfd4c902ace0cc301fa17cfab6289,DELETE,regular-file,build/js/node_modules/interpret/index.js,12636,
6a1af9568acdf5541fc5d505c5f2bcc442f6f641,DELETE,regular-file,build/js/node_modules/interpret/mjs-stub.js,35,
bd03676bcbe3d5515fbd2916bf65c457654e181f,DELETE,regular-file,build/js/node_modules/ipaddr.js/ipaddr.min.js,12488,
da1ba92f7a72427cbc86c5cb910c01cbfea41716,DELETE,regular-file,build/js/node_modules/ipaddr.js/lib/ipaddr.js,35999,
ef7548c8303298520e15e7e680bf99aee21f787a,DELETE,regular-file,build/js/node_modules/is-binary-path/index.js,239,
423e20c0d99db50f5a1238674a4420b8bad6c9fb,DELETE,regular-file,build/js/node_modules/is-core-module/index.js,1766,
7a81e1c7e76e9cfa8cca135b0ada3d431f295115,DELETE,regular-file,build/js/node_modules/is-core-module/test/index.js,4620,
58f2861f9f377ea2e1c77c691c26d81586c78d32,DELETE,executable,build/js/node_modules/is-docker/cli.js,105,
cbb7b6f756ee04625c9c883a1c9e065064163515,DELETE,regular-file,build/js/node_modules/is-docker/index.js,449,
c1d986fc5120301c654f87ee329241190b6e1987,DELETE,regular-file,build/js/node_modules/is-extglob/index.js,441,
671f97f760779075aa362ec41063e7a3a528b0e8,DELETE,regular-file,build/js/node_modules/is-fullwidth-code-point/index.js,1756,
620f563eccf081ce0d2db2dda5c9989baf778183,DELETE,regular-file,build/js/node_modules/is-glob/index.js,3628,
27f19b757f7c1186b92c405a213bf0dd9b6cbe95,DELETE,regular-file,build/js/node_modules/is-number/index.js,411,
95079ec65258a6fb959f4bedfe6c5a4f41f27a4a,DELETE,regular-file,build/js/node_modules/is-plain-obj/index.js,245,
c3284849e61178086de43733c2b1c291cb657860,DELETE,regular-file,build/js/node_modules/is-plain-object/index.js,856,
c4c8cede9dd2e15f1aada64efd96ecf776175b32,DELETE,regular-file,build/js/node_modules/is-regex/index.js,2221,
fa558d63f43104b028b7a284c9912650ae0e24db,DELETE,regular-file,build/js/node_modules/is-regex/test/index.js,3542,
2e43434daa19bc911c0dce631cadca79733497f4,DELETE,regular-file,build/js/node_modules/is-stream/index.js,677,
b5a11bee9ddf4f116e5190c91a29fcbf31be737a,DELETE,regular-file,build/js/node_modules/is-unicode-supported/index.js,313,
eb6313f0c7e84827a09e1268432247dccdd429b0,DELETE,regular-file,build/js/node_modules/is-wsl/index.js,558,
a57f63495943a07b3b08d17e0f9ef6793548c801,DELETE,regular-file,build/js/node_modules/isarray/index.js,132,
e0c3444d85d5c799bd70b2ee9df62ef56d9763ea,DELETE,regular-file,build/js/node_modules/isarray/test.js,320,
349fe7fa02417ca66e6122942769b20cd7bb744c,DELETE,regular-file,build/js/node_modules/isbinaryfile/lib/index.js,7723,
553fb32b119bdf2efaeffeefe1bef4bfd10f3e43,DELETE,regular-file,build/js/node_modules/isexe/index.js,1192,
1995ea4a06aec4c1506509b11f8e9ae941b86439,DELETE,regular-file,build/js/node_modules/isexe/mode.js,909,
d926df64b902457c1487bb29e3258e7eca9c6753,DELETE,regular-file,build/js/node_modules/isexe/test/basic.js,4996,
34996734d8ef3921c9590def676d79c58c06b61c,DELETE,regular-file,build/js/node_modules/isexe/windows.js,890,
2d59958bf4eab6663b5c4e0b500978d86fdf2d4a,DELETE,regular-file,build/js/node_modules/isobject/index.js,288,
e29daf5ea12b3a148f5865bab390a6c6643a35e9,DELETE,regular-file,build/js/node_modules/jest-worker/build/Farm.js,4795,
bb52e077be89f6369d4a9c987608d33815273253,DELETE,regular-file,build/js/node_modules/jest-worker/build/FifoQueue.js,4215,
6a55b59845fa46ccfa6e143fe086c787a535828b,DELETE,regular-file,build/js/node_modules/jest-worker/build/PriorityQueue.js,4809,
b19a679ed46bd30ac1492f93a38b0f0bb042e70e,DELETE,regular-file,build/js/node_modules/jest-worker/build/WorkerPool.js,1190,
491deb8b12866992dd504fc886bc7001dde9204b,DELETE,regular-file,build/js/node_modules/jest-worker/build/base/BaseWorkerPool.js,4889,
5dac1836500528f6737e438b69de585c4af46b21,DELETE,regular-file,build/js/node_modules/jest-worker/build/index.js,6471,
92b358ba03951d9f5015dbd68d3386d12a2b8437,DELETE,regular-file,build/js/node_modules/jest-worker/build/types.js,1499,
f8a42c961d572ba5110dce6f4bb61dcf0333abc4,DELETE,regular-file,build/js/node_modules/jest-worker/build/workers/ChildProcessWorker.js,8110,
21b7dd2ac030c1e17117cab61ff3b13380b8c036,DELETE,regular-file,build/js/node_modules/jest-worker/build/workers/NodeThreadsWorker.js,8230,
51765ff3e361155764d4546d2876114fd388c9d6,DELETE,regular-file,build/js/node_modules/jest-worker/build/workers/messageParent.js,1109,
fdf766ec0e3fe013cec19b9c9a5cfb86d4578535,DELETE,regular-file,build/js/node_modules/jest-worker/build/workers/processChild.js,3431,
dae1e649de35a8d2af863b8d4613efd1d526773f,DELETE,regular-file,build/js/node_modules/jest-worker/build/workers/threadChild.js,3732,
a182f1afb015cea5c0b63127791b3c021c2bf32e,DELETE,executable,build/js/node_modules/js-yaml/bin/js-yaml.js,2736,
4cc0ddf6d2616a37e196cf1fa2a8454022d86cd8,DELETE,regular-file,build/js/node_modules/js-yaml/dist/js-yaml.js,114359,
bdd8eef542b332e118cbe97bbac011b446723c1c,DELETE,regular-file,build/js/node_modules/js-yaml/dist/js-yaml.min.js,39430,
bcb7eba7ada7de0dae55924403c49c0e16aea384,DELETE,regular-file,build/js/node_modules/js-yaml/index.js,1793,
25ef7d8e4a30009cc5488f3ab16af24b1a0f1b53,DELETE,regular-file,build/js/node_modules/js-yaml/lib/common.js,1177,
f357a6aee983af963fea4e923de641dd222088f1,DELETE,regular-file,build/js/node_modules/js-yaml/lib/dumper.js,31893,
7f62daaef8bcdb8248da0fd65e7b2880a5c1cf92,DELETE,regular-file,build/js/node_modules/js-yaml/lib/exception.js,1299,
39f13f56100655d8d66613dd7582ce58999a8c86,DELETE,regular-file,build/js/node_modules/js-yaml/lib/loader.js,47142,
65b41f4013dea8c5b6434ac20395b5c3756aa503,DELETE,regular-file,build/js/node_modules/js-yaml/lib/schema.js,3384,
608b26de2bba961bedd00ac49118247207270ffd,DELETE,regular-file,build/js/node_modules/js-yaml/lib/schema/core.js,288,
3af0520d5ce43c37d4bc70d7774714489f2c06af,DELETE,regular-file,build/js/node_modules/js-yaml/lib/schema/default.js,538,
b7a33eb7a1ccea78bb5ad9a461e579f87a18e512,DELETE,regular-file,build/js/node_modules/js-yaml/lib/schema/failsafe.js,278,
b73df78e5113811f053a77bbcaa367ab2839515a,DELETE,regular-file,build/js/node_modules/js-yaml/lib/schema/json.js,523,
00e2133c0b6eebe989105f486d7075c9b3a50d9f,DELETE,regular-file,build/js/node_modules/js-yaml/lib/snippet.js,3088,
5e57877fead2988a90e67029f1c610bd0135ba30,DELETE,regular-file,build/js/node_modules/js-yaml/lib/type.js,1849,
e1523513df11515b451e4aa699694e355baa072f,DELETE,regular-file,build/js/node_modules/js-yaml/lib/type/binary.js,2912,
cb7745930a6e7fed35eb08eba81aaf6ba8b10994,DELETE,regular-file,build/js/node_modules/js-yaml/lib/type/bool.js,971,
74d77ec2e66e93f224822d51c8e01844c06101b2,DELETE,regular-file,build/js/node_modules/js-yaml/lib/type/float.js,2467,
3fe3a4437b8f790a217b85dc18dabb4b4284fef3,DELETE,regular-file,build/js/node_modules/js-yaml/lib/type/int.js,3691,
f327beebd53bdbefc60068fa5b1f675405399e54,DELETE,regular-file,build/js/node_modules/js-yaml/lib/type/map.js,190,
ae08a86444cf1c022a9e51b723756ab1bc9014f3,DELETE,regular-file,build/js/node_modules/js-yaml/lib/type/merge.js,230,
315ca4e236df413232215d12163904432707175a,DELETE,regular-file,build/js/node_modules/js-yaml/lib/type/null.js,808,
b2b5323bd1cd9e153a910f7336a224f010b884d6,DELETE,regular-file,build/js/node_modules/js-yaml/lib/type/omap.js,1023,
74b52403fc125d00198726b80e73689173041348,DELETE,regular-file,build/js/node_modules/js-yaml/lib/type/pairs.js,1084,
be8f77f2844bdd0c6d199b03a8ce11a8898a9d9c,DELETE,regular-file,build/js/node_modules/js-yaml/lib/type/seq.js,191,
f885a329c2ca0a4eba270283e41d5161ef393549,DELETE,regular-file,build/js/node_modules/js-yaml/lib/type/set.js,547,
27acc106caaf752b0860903d0d0ffa6038a62886,DELETE,regular-file,build/js/node_modules/js-yaml/lib/type/str.js,189,
8fa9c5865697edd0a1a5c27759b6e8bb19cef41c,DELETE,regular-file,build/js/node_modules/js-yaml/lib/type/timestamp.js,2571,
86a1fdc1ae80931ca498b8a5e38294298ce7dad6,DELETE,regular-file,build/js/node_modules/json-parse-even-better-errors/index.js,3899,
e521bfa858a7eed886a3c6f9a26a5479a981401f,DELETE,regular-file,build/js/node_modules/json-schema-traverse/index.js,2428,
c51430cdc3d34f28f8010c3c7c472f3cfbf84bd0,DELETE,regular-file,build/js/node_modules/json-schema-traverse/spec/fixtures/schema.js,5544,
c76b64fc8496ca677ca2d9c0cb620a565530f3fa,DELETE,regular-file,build/js/node_modules/json-schema-traverse/spec/index.spec.js,6042,
d1e5827ca94935e387100413afbf4f9ebad29d52,DELETE,regular-file,build/js/node_modules/jsonfile/index.js,2838,
f78763c23ed9ba5a58c52ca2ca4bde2b7496cbb6,DELETE,regular-file,build/js/node_modules/karma-chrome-launcher/commitlint.config.js,61,
3155b5cb433c4e5b4e3dfa1fdad1cc4d6e024288,DELETE,regular-file,build/js/node_modules/karma-chrome-launcher/examples/simple/index.spec.js,124,
35082ec40402376bb6a3ee9269528206e7c606b9,DELETE,regular-file,build/js/node_modules/karma-chrome-launcher/examples/simple/karma.conf.js,395,
9404037d29ebbd8dde756e871e7b3d039cc528f0,DELETE,regular-file,build/js/node_modules/karma-chrome-launcher/index.js,9809,
3cc83a61e96c25ee52f150af80f9150ec74826e5,DELETE,regular-file,build/js/node_modules/karma-chrome-launcher/release.config.js,1509,
0b2c623e5c8fe01ea83d9f10c1d0c301f86a5aca,DELETE,regular-file,build/js/node_modules/karma-chrome-launcher/test/jsflags.spec.js,3119,
b959eda5ace180213260884724743e007ec630b7,DELETE,regular-file,build/js/node_modules/karma-chrome-launcher/tools/update-contributors.js,1137,
28fe5c5bf9299c98bf7eda81f658984e9d6a1129,DELETE,regular-file,build/js/node_modules/karma-mocha/commitlint.config.js,64,
f5d657e5970b4654aa3519174c121f3b0ec91da6,DELETE,regular-file,build/js/node_modules/karma-mocha/gruntfile.js,1578,
0c8199e4420656b2ad2b764e043dc6812aa520c7,DELETE,regular-file,build/js/node_modules/karma-mocha/lib/adapter.js,6336,
3876b195faf99cf3a6d3beb4807102dd3b9ef691,DELETE,regular-file,build/js/node_modules/karma-mocha/lib/index.js,1947,
4ff9f489d98039c89941827902adf16df032b450,DELETE,regular-file,build/js/node_modules/karma-mocha/release.config.js,414,
5631c004b9aeb940249b7345db0886322c63874d,DELETE,regular-file,build/js/node_modules/karma-mocha/wallaby.js,213,
7aa734c6fd91d6fc6bfbb59eefd442db491a5f02,DELETE,regular-file,build/js/node_modules/karma-sourcemap-loader/index.js,8770,
f7618341af261238213180c54020b9fc00569779,DELETE,regular-file,build/js/node_modules/karma-webpack/lib/index.js,44,
ed49b527b7714ba5b0b7ec4b8dc5d546864e4d85,DELETE,regular-file,build/js/node_modules/karma-webpack/lib/karma-webpack/controller.js,2985,
b44e9793a726aa764aa214d7e8a1e2d2d82e1aa5,DELETE,regular-file,build/js/node_modules/karma-webpack/lib/karma-webpack/framework.js,989,
4733724fc8e94181452ad2ddc956ceea0b4cf207,DELETE,regular-file,build/js/node_modules/karma-webpack/lib/karma-webpack/preprocessor.js,3024,
1f990c4382a8c5e37e69e9f40851828bf6b516de,DELETE,regular-file,build/js/node_modules/karma-webpack/lib/karma/plugin.js,295,
a40edb1e94632f3da9cb6afeffae1615e99460c1,DELETE,regular-file,build/js/node_modules/karma-webpack/lib/karma/validation.js,419,
d6389fd10b07fd3173fccac77a59b334b374d27f,DELETE,regular-file,build/js/node_modules/karma-webpack/lib/utils/hash.js,375,
b2de6569d258b1065e190a2ce8f8eab663d2169a,DELETE,regular-file,build/js/node_modules/karma-webpack/lib/webpack/defaults.js,722,
34244c85f6640072ea408b878d05ab8aa9e06355,DELETE,regular-file,build/js/node_modules/karma-webpack/lib/webpack/plugin.js,891,
5fc86bbd0116c9b0e2579cb27de4ad53af938fc6,DELETE,regular-file,build/js/node_modules/karma-webpack/node_modules/minimatch/dist/commonjs/assert-valid-pattern.js,492,
7b2109625eaeb925c910bbf53cfe61f8c9e416f4,DELETE,regular-file,build/js/node_modules/karma-webpack/node_modules/minimatch/dist/commonjs/ast.js,22822,
0e13eefc4cfee2b39459025da2a5f53ba1450dd2,DELETE,regular-file,build/js/node_modules/karma-webpack/node_modules/minimatch/dist/commonjs/brace-expressions.js,5763,
02a4f8a8e0a588c2b99ea16c14d4ce77786adeb7,DELETE,regular-file,build/js/node_modules/karma-webpack/node_modules/minimatch/dist/commonjs/escape.js,968,
64a0f1f833222e446dcc0fbd59a04aca2328d532,DELETE,regular-file,build/js/node_modules/karma-webpack/node_modules/minimatch/dist/commonjs/index.js,40557,
47c36bcee5a02af522c067a10c3b2167492d6811,DELETE,regular-file,build/js/node_modules/karma-webpack/node_modules/minimatch/dist/commonjs/unescape.js,973,
7b534fc30200bb8e36fc6f85aebb49a8738f711d,DELETE,regular-file,build/js/node_modules/karma-webpack/node_modules/minimatch/dist/esm/assert-valid-pattern.js,336,
2d2bced6533de246d1b13dd2833ee28c6297a0d2,DELETE,regular-file,build/js/node_modules/karma-webpack/node_modules/minimatch/dist/esm/ast.js,22588,
c629d6ae816e27fdcbbaaef272ac352bfd77a27b,DELETE,regular-file,build/js/node_modules/karma-webpack/node_modules/minimatch/dist/esm/brace-expressions.js,5631,
16f7c8c7bdc64645a201065cb264cb561eac851c,DELETE,regular-file,build/js/node_modules/karma-webpack/node_modules/minimatch/dist/esm/escape.js,848,
84b577b0472cb6cb2fe4d5f2a146867fc5bdd8c5,DELETE,regular-file,build/js/node_modules/karma-webpack/node_modules/minimatch/dist/esm/index.js,39098,
0faf9a2b7306f7ad4ea2ce560d6806999cbba546,DELETE,regular-file,build/js/node_modules/karma-webpack/node_modules/minimatch/dist/esm/unescape.js,847,
f78763c23ed9ba5a58c52ca2ca4bde2b7496cbb6,DELETE,regular-file,build/js/node_modules/karma/commitlint.config.js,61,
d612b69af7a6064e437d98ddba516d832899dfd4,DELETE,regular-file,build/js/node_modules/karma/common/stringify.js,2561,
6c251a9013295cde2b246a004814ee5dbfeb11ea,DELETE,regular-file,build/js/node_modules/karma/common/util.js,791,
180937ef97a48a53ecfa68ee93744ad86795a6d1,DELETE,regular-file,build/js/node_modules/karma/config.tpl.js,1727,
859d56d1931fc1ac56f16cebf38b90ab297eefae,DELETE,regular-file,build/js/node_modules/karma/context/karma.js,4876,
da601a1d83178b130d7bf9f34fbe7c74433c3857,DELETE,regular-file,build/js/node_modules/karma/context/main.js,913,
8cf034dc96a76da0134d5eb618abaca86919b2c7,DELETE,regular-file,build/js/node_modules/karma/cucumber.js,405,
aa87957925651286de6c6bc7e69a9d51c42dbbb8,DELETE,regular-file,build/js/node_modules/karma/lib/browser.js,8665,
6eb16d8f5702aaf31f6db07422e269f2e1a64832,DELETE,regular-file,build/js/node_modules/karma/lib/browser_collection.js,2685,
02f4d4e3d4d19885851ae197aaa50b285368ca65,DELETE,regular-file,build/js/node_modules/karma/lib/browser_result.js,558,
41950abd4b17546c9d2a499bce51da9f67375d8b,DELETE,regular-file,build/js/node_modules/karma/lib/cli.js,11504,
eb058527cd156141995ed062496f991cac34cbed,DELETE,regular-file,build/js/node_modules/karma/lib/completion.js,3515,
f98a34ccb8e50f71417c3389ac55c9d9a732de69,DELETE,regular-file,build/js/node_modules/karma/lib/config.js,18982,
5d609c4b787f0c54c6be1d87188e327882173f2d,DELETE,regular-file,build/js/node_modules/karma/lib/constants.js,1039,
659042f566197a72e88e2aba9c4c89ec5015fd07,DELETE,regular-file,build/js/node_modules/karma/lib/detached.js,316,
46706af26e079125e088be63f59605005734cbaf,DELETE,regular-file,build/js/node_modules/karma/lib/emitter_wrapper.js,732,
7d64ce39da9b5034629f9f875ac07e7c46085583,DELETE,regular-file,build/js/node_modules/karma/lib/events.js,1652,
4d3aff475fe6f73b4030cbb8f040921cf06b3453,DELETE,regular-file,build/js/node_modules/karma/lib/executor.js,3076,
b4ec01d29edf7a77b837b098a57a4a7189482f51,DELETE,regular-file,build/js/node_modules/karma/lib/file-list.js,6910,
698aca7dcf03ac9fe5f02eede56caee284020cfa,DELETE,regular-file,build/js/node_modules/karma/lib/file.js,1130,
9be119378e30dc12fad5095df2320271b9fd6157,DELETE,regular-file,build/js/node_modules/karma/lib/helper.js,4337,
d07e96ef678b1fd54dc45d872f99db071fa9c83a,DELETE,regular-file,build/js/node_modules/karma/lib/index.js,487,
f55f94e949891e3126a9e73170fa45de2fb3487e,DELETE,executable,build/js/node_modules/karma/lib/init.js,7855,
5f265a871a3687cefad7c1e0b4acea203be9644f,DELETE,regular-file,build/js/node_modules/karma/lib/init/color_schemes.js,516,
dc398b0dfd9ca9519ceb7acbe2b1fc0e9e32e9f9,DELETE,regular-file,build/js/node_modules/karma/lib/init/formatters.js,2846,
feeb29f43a743112986370444385646e89347804,DELETE,regular-file,build/js/node_modules/karma/lib/init/log-queue.js,211,
4097bee6a8420509e9c975c3476c1d53b2fdcc23,DELETE,regular-file,build/js/node_modules/karma/lib/init/state_machine.js,3301,
e374fbbd19291f2c381c2a3d31f55eade6a1e341,DELETE,regular-file,build/js/node_modules/karma/lib/launcher.js,5470,
e4a562aed72d950761e75906633b9348671f06c7,DELETE,regular-file,build/js/node_modules/karma/lib/launchers/base.js,3273,
56df771aa4e3a3e51a9994fae6bccbc350b3e73f,DELETE,regular-file,build/js/node_modules/karma/lib/launchers/capture_timeout.js,1075,
9fa859fc370128eddcb77195965f9e92fb97c9d1,DELETE,regular-file,build/js/node_modules/karma/lib/launchers/process.js,5462,
cc3644fffe3610801ac6e825ddd870026ec85208,DELETE,regular-file,build/js/node_modules/karma/lib/launchers/retry.js,840,
da06d0eea0e4e188c7983979521265ef937a12e6,DELETE,regular-file,build/js/node_modules/karma/lib/logger.js,3540,
3c84fbc9d1d193475079b928f4cff43cc43a0d87,DELETE,regular-file,build/js/node_modules/karma/lib/middleware/common.js,3364,
355a9b63bc1338d1cb3b3f738a40f3f0b017adc5,DELETE,regular-file,build/js/node_modules/karma/lib/middleware/karma.js,10162,
b2e0e7f63854319b9df82e6fc55ab4af7d3b72b2,DELETE,regular-file,build/js/node_modules/karma/lib/middleware/proxy.js,4344,
45b5a208bda93075557d140566582c8fe0fd595b,DELETE,regular-file,build/js/node_modules/karma/lib/middleware/runner.js,3961,
e44ae021d944da972edac72d6d28a3b962a354f6,DELETE,regular-file,build/js/node_modules/karma/lib/middleware/source_files.js,2409,
784a7d443cff3693a6b7726ed5e83737905d2ddb,DELETE,regular-file,build/js/node_modules/karma/lib/middleware/stopper.js,517,
539be0aad7bd9b12e994e22aa24856d38b98afcf,DELETE,regular-file,build/js/node_modules/karma/lib/middleware/strip_host.js,280,
8805a288d0379aaa5951656220a9b50375b12522,DELETE,regular-file,build/js/node_modules/karma/lib/plugin.js,3256,
b6bf756950e8b98304d0c57982af0927920f6508,DELETE,regular-file,build/js/node_modules/karma/lib/preprocessor.js,3425,
88fd00c4d7409d7058166ed73430d4ac9b42e281,DELETE,regular-file,build/js/node_modules/karma/lib/reporter.js,5573,
6377e1ff5436cc29e47bc7da7230990364bf0571,DELETE,regular-file,build/js/node_modules/karma/lib/reporters/base.js,4740,
9ae379dfbf1eebca3e6a65b6161a51fdd194dff1,DELETE,regular-file,build/js/node_modules/karma/lib/reporters/base_color.js,724,
2adc76006f030bb53ac349096661cc3c557a78f6,DELETE,regular-file,build/js/node_modules/karma/lib/reporters/dots.js,1212,
4a8924e795a0d68b6e6bef1818915c85f8e6c030,DELETE,regular-file,build/js/node_modules/karma/lib/reporters/dots_color.js,387,
482b1a4aa9214e4f5eb4f74aef88ec761fa00695,DELETE,regular-file,build/js/node_modules/karma/lib/reporters/multi.js,399,
9e0f62510d771509f76cd5f541e6d80df8f1db2f,DELETE,regular-file,build/js/node_modules/karma/lib/reporters/progress.js,1291,
78a460f3b6229c549a0b04f3ceb906a2a50853f6,DELETE,regular-file,build/js/node_modules/karma/lib/reporters/progress_color.js,407,
fb67ebe926046975f8f204a35fe47e569d611194,DELETE,regular-file,build/js/node_modules/karma/lib/runner.js,3312,
31b5306e0c89af0554b17d7c62906a9cd3124d0f,DELETE,regular-file,build/js/node_modules/karma/lib/server.js,16331,
386fa5d833c00577124f7888c310b1232bd61863,DELETE,regular-file,build/js/node_modules/karma/lib/stopper.js,2008,
225059bbf08c967e6452869700987bc2d0584a36,DELETE,regular-file,build/js/node_modules/karma/lib/temp_dir.js,594,
fce5bd1d36fa6ad3d998df4a486ebf3213e8d9fe,DELETE,regular-file,build/js/node_modules/karma/lib/url.js,611,
9dc9a073d95e44800c973553481e201f467f344e,DELETE,regular-file,build/js/node_modules/karma/lib/utils/crypto-utils.js,207,
5d281ed6f5a44d312efe9a00334c6fad4ef38437,DELETE,regular-file,build/js/node_modules/karma/lib/utils/dns-utils.js,704,
423905dc819000d9392602824f4d23b0ec10be7c,DELETE,regular-file,build/js/node_modules/karma/lib/utils/file-utils.js,419,
097455485a14a0275808676706af3abd4f415344,DELETE,regular-file,build/js/node_modules/karma/lib/utils/net-utils.js,647,
5fd062a263ad0c2896f7bcfa2cb59d6a3c240535,DELETE,regular-file,build/js/node_modules/karma/lib/utils/path-utils.js,331,
5921473e942df4dc8ad00c47341c552fc6171e13,DELETE,regular-file,build/js/node_modules/karma/lib/utils/pattern-utils.js,376,
7a16667e7083ad37400e1dd6618201762ac19758,DELETE,regular-file,build/js/node_modules/karma/lib/watcher.js,2359,
394066b7b867fe6f447d8ef44e8460afea8f39f0,DELETE,regular-file,build/js/node_modules/karma/lib/web-server.js,3618,
7442431e09e50c0eb444d305be7c4e371d624108,DELETE,regular-file,build/js/node_modules/karma/release.config.js,1630,
d05eeeafd25e414d999d99dbb74f151a46d6bc19,DELETE,regular-file,build/js/node_modules/karma/requirejs.config.tpl.js,782,
be4400f13831f135df00b64ab36265660a5ba167,DELETE,regular-file,build/js/node_modules/karma/scripts/client.js,2268,
aa8d39ea22f00693331ab45dd8c5f1635390cb66,DELETE,regular-file,build/js/node_modules/karma/static/context.js,67460,
cc9c7c965aa811117bc23eaf1771ea73d9d6ce4f,DELETE,regular-file,build/js/node_modules/karma/static/debug.js,856,
f72f024edd29c840800b01abcd53c5f5cf09fd77,DELETE,regular-file,build/js/node_modules/karma/static/karma.js,75879,
cc45815b7a58e1a76b3c62f651533a1cb3ab2175,DELETE,regular-file,build/js/node_modules/karma/wallaby.js,1620,
dfa799b78497595043d0c8a72ac82d0eb918b7a4,DELETE,regular-file,build/js/node_modules/kind-of/index.js,3562,
ef82d685f14692beee5869474e1ab1df4b63f39e,DELETE,regular-file,build/js/node_modules/kotlin-web-helpers/dist/karma-debug-framework.js,1427,
5df09b03a14e28fb17cf80158d2afe1db5c69fa5,DELETE,regular-file,build/js/node_modules/kotlin-web-helpers/dist/karma-debug-runner.js,3760,
e077f0ec52a26dcc4f6468fd10f4eb54181ffeb2,DELETE,regular-file,build/js/node_modules/kotlin-web-helpers/dist/karma-kotlin-debug-plugin.js,305,
8430faacd69d5fa5153a0c49d1f756225ec5a47d,DELETE,regular-file,build/js/node_modules/kotlin-web-helpers/dist/karma-kotlin-reporter.js,11778,
b9c6951ffe6c2fc9330874465769934e2e9f3687,DELETE,regular-file,build/js/node_modules/kotlin-web-helpers/dist/karma-webpack-output.js,1189,
04a5b82b94161965befe289e6d45fbb24c353821,DELETE,regular-file,build/js/node_modules/kotlin-web-helpers/dist/kotlin-test-karma-runner.js,7108,
58ce50c65aec83a944ebe9f7838bc8a9319211f3,DELETE,regular-file,build/js/node_modules/kotlin-web-helpers/dist/kotlin-test-nodejs-empty-runner.js,276,
070a421fb517eb73d58b47d42f6eb437cbf8ff5b,DELETE,regular-file,build/js/node_modules/kotlin-web-helpers/dist/kotlin-test-nodejs-runner.js,6848,
c05763d72ce7d76aebb4d5ab8490144b99025a2b,DELETE,regular-file,build/js/node_modules/kotlin-web-helpers/dist/mocha-kotlin-reporter.js,6534,
066379b6cbca33d1df2e286f6473febe20682137,DELETE,regular-file,build/js/node_modules/kotlin-web-helpers/dist/tc-log-appender.js,2292,
479ed9f4159115a109a5adc380635b9a581f69c5,DELETE,regular-file,build/js/node_modules/kotlin-web-helpers/dist/tc-log-error-webpack.js,3447,
04e6f8bc8ddab681593ddcd3aaf96b99ef1a4cfe,DELETE,regular-file,build/js/node_modules/kotlin-web-helpers/dist/webpack-5-debug.js,922,
a4cbbbc9862200f358f35e723eb69bd780c613a2,DELETE,regular-file,build/js/node_modules/launch-editor/editor-info/linux.js,559,
8faeb537d7bd19b32c0841713a5cab33f5043828,DELETE,regular-file,build/js/node_modules/launch-editor/editor-info/macos.js,2615,
8de58a37b172e4db8503b93f0f50ac44d4fec1ed,DELETE,regular-file,build/js/node_modules/launch-editor/editor-info/windows.js,444,
b27a1143fdc49cb29eed821ba49a1320effdf19a,DELETE,regular-file,build/js/node_modules/launch-editor/get-args.js,1964,
3f57ead2c7aa0c2df94bf5c0b082a2564c920b5e,DELETE,regular-file,build/js/node_modules/launch-editor/guess.js,3914,
6e27b1bb879b6bd6cbf118c103f3d7b09c8ec860,DELETE,regular-file,build/js/node_modules/launch-editor/index.js,6166,
fa1e54dfd92e22de19f6108a3baf6f3454c6da37,DELETE,regular-file,build/js/node_modules/loader-runner/lib/LoaderLoadingError.js,227,
5909261cd3230035d03df3fdb6f0efe74f44d791,DELETE,regular-file,build/js/node_modules/loader-runner/lib/LoaderRunner.js,12652,
121035345b7151d44f10245b200acc699a7da89a,DELETE,regular-file,build/js/node_modules/loader-runner/lib/loadLoader.js,1684,
a6358e546a29c67f92863b07c71c88ff53279cf0,DELETE,regular-file,build/js/node_modules/locate-path/index.js,1329,
ac2d57ca67c9cb2a49a8c7ca377338d436902b0b,DELETE,regular-file,build/js/node_modules/lodash/_DataView.js,210,
b504fe34078eb97f6f672985e747eb3706cfc4b5,DELETE,regular-file,build/js/node_modules/lodash/_Hash.js,747,
81786c7f1e4940e8685fbabbca2f3991ad7f820b,DELETE,regular-file,build/js/node_modules/lodash/_LazyWrapper.js,773,
26895c3a8d2410d56dcde0c054d3bf2a31305414,DELETE,regular-file,build/js/node_modules/lodash/_ListCache.js,869,
c1e4d9df762b40b0c225fd6c837eb2e26b944a36,DELETE,regular-file,build/js/node_modules/lodash/_LodashWrapper.js,611,
b73f29a0f9da60ee0e6fcdb06ad0e57aa17982f7,DELETE,regular-file,build/js/node_modules/lodash/_Map.js,195,
4a4eea7bf93c485869eb8bf910a54aa43b1f9e29,DELETE,regular-file,build/js/node_modules/lodash/_MapCache.js,869,
247b9e1bacac641265a88eb53c714281910ba2d7,DELETE,regular-file,build/js/node_modules/lodash/_Promise.js,207,
b3c8dcbf036bf48a4da8e0c4791ed8af872b677c,DELETE,regular-file,build/js/node_modules/lodash/_Set.js,195,
6468b0647f7dbd3b14c3f16bcf05d5dfe7c6f433,DELETE,regular-file,build/js/node_modules/lodash/_SetCache.js,632,
80b2cf1b0cc12ab5524593aed35d92df96c2478a,DELETE,regular-file,build/js/node_modules/lodash/_Stack.js,734,
a013f7c5b7640869d2d9466ac11348a7f2b405b9,DELETE,regular-file,build/js/node_modules/lodash/_Symbol.js,118,
2fb30e15737cc0bad4af00d649d95ede5aba956a,DELETE,regular-file,build/js/node_modules/lodash/_Uint8Array.js,130,
567f86c61e0983523bbb59ec6cdd43272faf9f4f,DELETE,regular-file,build/js/node_modules/lodash/_WeakMap.js,207,
36436dda5052669fdb4d115071b9dec854d75324,DELETE,regular-file,build/js/node_modules/lodash/_apply.js,714,
d96c3ca47c4cbf2d2c9dd9de018a108e6dd8dfdc,DELETE,regular-file,build/js/node_modules/lodash/_arrayAggregator.js,684,
2c5f57968858e95201bd749cfd9bb0abada884aa,DELETE,regular-file,build/js/node_modules/lodash/_arrayEach.js,537,
976ca5c29bca49b924dc39d5fcbfb6f3a1c100ac,DELETE,regular-file,build/js/node_modules/lodash/_arrayEachRight.js,528,
e26a9184507ac77b7bb7ab2a09c6327b940ac6a4,DELETE,regular-file,build/js/node_modules/lodash/_arrayEvery.js,597,
75ea2544592cb57dba3eebb5d88d333af530a136,DELETE,regular-file,build/js/node_modules/lodash/_arrayFilter.js,632,
3737a6d9eb057de623038cf1d7fda3b1bcf9b444,DELETE,regular-file,build/js/node_modules/lodash/_arrayIncludes.js,526,
235fd975807c61a89ff9deeea9cd98ca2c7119d9,DELETE,regular-file,build/js/node_modules/lodash/_arrayIncludesWith.js,615,
b2ec9ce7863e515f1197fc85cccae4f503b7cf24,DELETE,regular-file,build/js/node_modules/lodash/_arrayLikeKeys.js,1778,
22b22464e21feeaf81cc3652d2fa26483332de99,DELETE,regular-file,build/js/node_modules/lodash/_arrayMap.js,556,
7d742b383e5a9af920d7d2f73b67277670268abb,DELETE,regular-file,build/js/node_modules/lodash/_arrayPush.js,437,
de8b79b28799586a3a324e9edc48e93dd3ee8fdf,DELETE,regular-file,build/js/node_modules/lodash/_arrayReduce.js,787,
22d8976deb7fd9e8ee681b65f7eb0f2c493a3c99,DELETE,regular-file,build/js/node_modules/lodash/_arrayReduceRight.js,777,
fcab0105e8e66c0ab96b55f1d97203352f4287df,DELETE,regular-file,build/js/node_modules/lodash/_arraySample.js,363,
8c7e364f51a8aae31c6aa5379b757458ba18f2a3,DELETE,regular-file,build/js/node_modules/lodash/_arraySampleSize.js,500,
46313a39b7e79685decfc2045687bc6ba9b124a2,DELETE,regular-file,build/js/node_modules/lodash/_arrayShuffle.js,365,
6fd02fd4ae94612f6a7ce2c7221430838bd9a3b8,DELETE,regular-file,build/js/node_modules/lodash/_arraySome.js,594,
11d29c33ada4776df8c924c8cf203c149d8bd93a,DELETE,regular-file,build/js/node_modules/lodash/_asciiSize.js,271,
8e3dd5b47fef4505602fb97e8882709929b2bd39,DELETE,regular-file,build/js/node_modules/lodash/_asciiToArray.js,257,
d765f0f763aa0e8a3b6b1e08e882a13f2a42fab7,DELETE,regular-file,build/js/node_modules/lodash/_asciiWords.js,404,
cb1185e9923197517a0480f4d7c361b5843742da,DELETE,regular-file,build/js/node_modules/lodash/_assignMergeValue.js,582,
40839575b5c011a38afe609d6d5742036e266b9f,DELETE,regular-file,build/js/node_modules/lodash/_assignValue.js,899,
5b77a2bdd368ea443eeb9ef3637eff81327e0f23,DELETE,regular-file,build/js/node_modules/lodash/_assocIndexOf.js,487,
4bc9e91f41883afacaf50a2a1725446a1ddcfc3d,DELETE,regular-file,build/js/node_modules/lodash/_baseAggregator.js,746,
e5c4a1a5b051593e80cf8988d53872b28063305d,DELETE,regular-file,build/js/node_modules/lodash/_baseAssign.js,470,
6624f900672fc16aa5ea78f5ce20139ff16c5dea,DELETE,regular-file,build/js/node_modules/lodash/_baseAssignIn.js,482,
d6f66ef3a54b2510a223201b8051da44dfe79eb1,DELETE,regular-file,build/js/node_modules/lodash/_baseAssignValue.js,625,
90e4237a06720a1b0268c6e0ce39f0e1e3d0e061,DELETE,regular-file,build/js/node_modules/lodash/_baseAt.js,569,
a1c5692927764cfb228e83d5a8c324ac8661855d,DELETE,regular-file,build/js/node_modules/lodash/_baseClamp.js,571,
69f87054c56611000f389ca7b51f9080187f3e86,DELETE,regular-file,build/js/node_modules/lodash/_baseClone.js,5609,
947e20d409b683279a0dd030509d3ca6d9b2b11f,DELETE,regular-file,build/js/node_modules/lodash/_baseConforms.js,484,
e449cb84bd573548eed0fa616bb332dc2c18df8b,DELETE,regular-file,build/js/node_modules/lodash/_baseConformsTo.js,718,
ffa6a52acd8617ae35ffd2bb2721e2f3a4c8bc9d,DELETE,regular-file,build/js/node_modules/lodash/_baseCreate.js,686,
1486d697e318556ca1803555b939c72d543e495b,DELETE,regular-file,build/js/node_modules/lodash/_baseDelay.js,672,
343ac19f02224509f9a184d60828551f22e90d2a,DELETE,regular-file,build/js/node_modules/lodash/_baseDifference.js,1917,
512c0676827c9aaf8c689216d64859ef8c7e839a,DELETE,regular-file,build/js/node_modules/lodash/_baseEach.js,455,
0a8feeca44617e8d3f66315d59517c9b0cb28f43,DELETE,regular-file,build/js/node_modules/lodash/_baseEachRight.js,491,
fa52f7bc7d6b77652516f440ed177d00e55b7cb7,DELETE,regular-file,build/js/node_modules/lodash/_baseEvery.js,625,
9d6aa77edba62c323f18bc1cb3b52a941d84a72e,DELETE,regular-file,build/js/node_modules/lodash/_baseExtremum.js,897,
46ef9c761a6bf790d2cf32b6596d3028f4aece28,DELETE,regular-file,build/js/node_modules/lodash/_baseFill.js,843,
467847736a6fb2e8644f7cb6e087d27f54694613,DELETE,regular-file,build/js/node_modules/lodash/_baseFilter.js,590,
e3f5d8aa2b838966489988ba8e1386f414ee7d48,DELETE,regular-file,build/js/node_modules/lodash/_baseFindIndex.js,766,
2e430f3a215da77ab80782f8a11e97d0b17882cd,DELETE,regular-file,build/js/node_modules/lodash/_baseFindKey.js,747,
4b1e009b150cbf8a52d99d661192d664a1b1c009,DELETE,regular-file,build/js/node_modules/lodash/_baseFlatten.js,1201,
d946590f8adf7012b1be7fea8c40dfda752646b0,DELETE,regular-file,build/js/node_modules/lodash/_baseFor.js,593,
503d523441076f668811ea653a5965d7ba4c4d29,DELETE,regular-file,build/js/node_modules/lodash/_baseForOwn.js,456,
a4b10e6c593ff9a009e17f4e02cca09235d38dbe,DELETE,regular-file,build/js/node_modules/lodash/_baseForOwnRight.js,486,
32842cd8179179d2d31bbd9e852843a65ffbaedf,DELETE,regular-file,build/js/node_modules/lodash/_baseForRight.js,477,
d23bc9b4752a8d24842ea4247d222f78e28a8276,DELETE,regular-file,build/js/node_modules/lodash/_baseFunctions.js,552,
a194913d2172c2a7269329be49495250ee6ddcbf,DELETE,regular-file,build/js/node_modules/lodash/_baseGet.js,616,
8ad204ea41a50568b41f9d69b5a6f0c9f6e427fd,DELETE,regular-file,build/js/node_modules/lodash/_baseGetAllKeys.js,739,
b927ccc172f38bb358f9b1f2cc68953e961aca3a,DELETE,regular-file,build/js/node_modules/lodash/_baseGetTag.js,792,
502d273ca855b45c798b8683e04cf73478c90699,DELETE,regular-file,build/js/node_modules/lodash/_baseGt.js,357,
1b730321c218f2e0a5b20638d231da07147410f9,DELETE,regular-file,build/js/node_modules/lodash/_baseHas.js,559,
2e0d04269f16e84fbef5d08ed7bce0b10b597341,DELETE,regular-file,build/js/node_modules/lodash/_baseHasIn.js,374,
ec95666187548660837774666dce08dde5281dff,DELETE,regular-file,build/js/node_modules/lodash/_baseInRange.js,612,
167e706e793861020b4f6611a8470a4e262bf9c1,DELETE,regular-file,build/js/node_modules/lodash/_baseIndexOf.js,659,
f815fe0ddae3bf27b7c2d51193dd211f73f79830,DELETE,regular-file,build/js/node_modules/lodash/_baseIndexOfWith.js,660,
c1d250c2aa2a367c7131abc1d74aca4c57b987be,DELETE,regular-file,build/js/node_modules/lodash/_baseIntersection.js,2262,
fbc337f01e77d7a14f8683c9a81fdb71f40298b0,DELETE,regular-file,build/js/node_modules/lodash/_baseInverter.js,736,
49bcf3c3532cc220decbc32618cff72739a2b89f,DELETE,regular-file,build/js/node_modules/lodash/_baseInvoke.js,789,
b3562cca2c61ebff0c077b193d0711c3b0f620ff,DELETE,regular-file,build/js/node_modules/lodash/_baseIsArguments.js,488,
a2c4f30a82850fdf4bbe8822dd68ba8f33e2a076,DELETE,regular-file,build/js/node_modules/lodash/_baseIsArrayBuffer.js,504,
ba67c7857fa75264bacb44652be30931fc188f16,DELETE,regular-file,build/js/node_modules/lodash/_baseIsDate.js,504,
00a68a4f51e4071d9d9b50144e541d44edfc989c,DELETE,regular-file,build/js/node_modules/lodash/_baseIsEqual.js,1019,
e3cfd6a8d0a314fa1ddf60a466aa4188d6bf4673,DELETE,regular-file,build/js/node_modules/lodash/_baseIsEqualDeep.js,3010,
02a4021cab1d7f94b0aed729882589199618efec,DELETE,regular-file,build/js/node_modules/lodash/_baseIsMap.js,478,
72494bed40833bbe29ef834d070570d3bc2eb84d,DELETE,regular-file,build/js/node_modules/lodash/_baseIsMatch.js,1765,
316f1eb1ef09fbf3974928ab898ba5209c4759e0,DELETE,regular-file,build/js/node_modules/lodash/_baseIsNaN.js,296,
87023304952020e18126f4394435d20f1268e880,DELETE,regular-file,build/js/node_modules/lodash/_baseIsNative.js,1417,
6cd7c1aee733cd186ba5835bc8e7d94f763ca9db,DELETE,regular-file,build/js/node_modules/lodash/_baseIsRegExp.js,511,
6dee36716e74087ad2b2b438f861d3c4f4005cfb,DELETE,regular-file,build/js/node_modules/lodash/_baseIsSet.js,478,
1edb32ff3f283efca1e1bea08eece3f850dfb84e,DELETE,regular-file,build/js/node_modules/lodash/_baseIsTypedArray.js,2222,
995c2575672c85aba72dbb8cc09b6de222a600f7,DELETE,regular-file,build/js/node_modules/lodash/_baseIteratee.js,895,
45e9e6f39f510b777e974bbc775fde6389d44166,DELETE,regular-file,build/js/node_modules/lodash/_baseKeys.js,776,
ea8a0a17422c4d40d362e14418eb346d41d1ebad,DELETE,regular-file,build/js/node_modules/lodash/_baseKeysIn.js,870,
f76c790e2e119626bb0a2f97cab526ade36c6fe8,DELETE,regular-file,build/js/node_modules/lodash/_baseLodash.js,178,
8674d2946a5054a0cc1144fa7213bcc7c85ce46e,DELETE,regular-file,build/js/node_modules/lodash/_baseLt.js,354,
0bf5cead5c60bf3c72d38be894b098785b83ecd9,DELETE,regular-file,build/js/node_modules/lodash/_baseMap.js,668,
e56582ad887bec182fc63a90960058600d26ecbd,DELETE,regular-file,build/js/node_modules/lodash/_baseMatches.js,710,
24afd893d2c641451cb4d26eee33bf2ffaea03a7,DELETE,regular-file,build/js/node_modules/lodash/_baseMatchesProperty.js,1129,
fa9e00a0a24bf4bffc3f45fd68e114cfd1e57f13,DELETE,regular-file,build/js/node_modules/lodash/_baseMean.js,568,
c98b5eb0b6acc0a83eef368942c702de228dfe65,DELETE,regular-file,build/js/node_modules/lodash/_baseMerge.js,1328,
4679e8dce4b605afa18b263aee715d667c3e1c80,DELETE,regular-file,build/js/node_modules/lodash/_baseMergeDeep.js,3069,
0403c2a3684eb00202e32f05f8dd16fbf81b7d3d,DELETE,regular-file,build/js/node_modules/lodash/_baseNth.js,483,
775a01741ede2047912ffd92c93eeff0c56e4dff,DELETE,regular-file,build/js/node_modules/lodash/_baseOrderBy.js,1558,
09b458a600da0db291f31fdc71341d54e1e06b92,DELETE,regular-file,build/js/node_modules/lodash/_basePick.js,501,
85be68c84f65d6d319a6f08a6a2e80095d775b04,DELETE,regular-file,build/js/node_modules/lodash/_basePickBy.js,791,
496281ec40848933342b9728b91d9ba5b0b9cad9,DELETE,regular-file,build/js/node_modules/lodash/_baseProperty.js,360,
1e5aae50c4bdda273d3201a1849fa62e37d545c3,DELETE,regular-file,build/js/node_modules/lodash/_basePropertyDeep.js,391,
461739990825bf777e0ed7f81fe49881e0448695,DELETE,regular-file,build/js/node_modules/lodash/_basePropertyOf.js,358,
305720edea31ab7172b6aed7cfec6700c8d3093f,DELETE,regular-file,build/js/node_modules/lodash/_basePullAll.js,1459,
c3e9e7102395732bc88306da083da3ff29189ca4,DELETE,regular-file,build/js/node_modules/lodash/_basePullAt.js,939,
94f76a76636764a0571af25d4d9af814c7c3eb10,DELETE,regular-file,build/js/node_modules/lodash/_baseRandom.js,541,
0fb8e419fbc9b7a7d43cce83a4e079a9204eec4f,DELETE,regular-file,build/js/node_modules/lodash/_baseRange.js,850,
5a1f8b57f1f86ac02f1c2a540303d6826a92422f,DELETE,regular-file,build/js/node_modules/lodash/_baseReduce.js,909,
ee44c31ab0c4b171b6ba8be43989c8e205ef4ff6,DELETE,regular-file,build/js/node_modules/lodash/_baseRepeat.js,952,
d0dc4bdd1f9691559af3b5448e00af26c840c1c5,DELETE,regular-file,build/js/node_modules/lodash/_baseRest.js,559,
58582b9112730b224788c1a7c79e939b636bb107,DELETE,regular-file,build/js/node_modules/lodash/_baseSample.js,359,
5c90ec51816938fd7099fad7c96ab5d341ff94cb,DELETE,regular-file,build/js/node_modules/lodash/_baseSampleSize.js,548,
99f4fbf9c347a74594f975df62ee353d06c85c55,DELETE,regular-file,build/js/node_modules/lodash/_baseSet.js,1385,
c409947ddb724cc9019c5bbbedbbca2a50970fb8,DELETE,regular-file,build/js/node_modules/lodash/_baseSetData.js,456,
89eaca38dfe8ce696ee55bafc60ef699ceb90737,DELETE,regular-file,build/js/node_modules/lodash/_baseSetToString.js,641,
023077ac4e825cdbdaff6893ef3caff9a474f600,DELETE,regular-file,build/js/node_modules/lodash/_baseShuffle.js,371,
786f6c99e9068edcc28fcf8d34052c35bea27201,DELETE,regular-file,build/js/node_modules/lodash/_baseSlice.js,756,
58f3f447a34ecc58962a629b52211cfbe9c19fa1,DELETE,regular-file,build/js/node_modules/lodash/_baseSome.js,619,
a25c92eda6ebd2d2ef05d8d026698d2886031998,DELETE,regular-file,build/js/node_modules/lodash/_baseSortBy.js,543,
638c366c772bbce04031aa34ad8d34754126c77f,DELETE,regular-file,build/js/node_modules/lodash/_baseSortedIndex.js,1429,
c247b377ff5b1a2a6887724d3dc749a5555e5d18,DELETE,regular-file,build/js/node_modules/lodash/_baseSortedIndexBy.js,2259,
802159a3dbd3cd18bdc8183476849130d27c92bf,DELETE,regular-file,build/js/node_modules/lodash/_baseSortedUniq.js,758,
a9e84c13c9098c5859db227889b62e96f53eb2ee,DELETE,regular-file,build/js/node_modules/lodash/_baseSum.js,600,
0603fc37eabef8e55357ceec7951deac717d5dba,DELETE,regular-file,build/js/node_modules/lodash/_baseTimes.js,504,
04859f391f91caf1491b804bf8192fade6883c44,DELETE,regular-file,build/js/node_modules/lodash/_baseToNumber.js,539,
bff199128f899e22ed6594b93c941f557c32082b,DELETE,regular-file,build/js/node_modules/lodash/_baseToPairs.js,537,
ada6ad298cc15a919b7ece45015785f493f2ae4c,DELETE,regular-file,build/js/node_modules/lodash/_baseToString.js,1154,
3e2797d990d0eec02a2a1040bc5a5aa247ba05c7,DELETE,regular-file,build/js/node_modules/lodash/_baseTrim.js,444,
98639e92f6472ede18447356d57b359c43468e43,DELETE,regular-file,build/js/node_modules/lodash/_baseUnary.js,332,
aea459dc712cb5f3641fd13ea7259128465b81ff,DELETE,regular-file,build/js/node_modules/lodash/_baseUniq.js,1909,
eefc6e37d38fcef2c43b808f5180dc492eb361c2,DELETE,regular-file,build/js/node_modules/lodash/_baseUnset.js,580,
92a623777cf17eef6ee3df3ac306fd99ac068fb3,DELETE,regular-file,build/js/node_modules/lodash/_baseUpdate.js,605,
b95faadcfeab566e5efcf63af5efa80f2e4b9894,DELETE,regular-file,build/js/node_modules/lodash/_baseValues.js,534,
07eac61b9893bd238fd931d19f9f71ec469f1fd1,DELETE,regular-file,build/js/node_modules/lodash/_baseWhile.js,933,
443e0df5e0d38a11119d6781f393bf5b3d4530c6,DELETE,regular-file,build/js/node_modules/lodash/_baseWrapperValue.js,857,
8e69338bf924c6a7c4c8baf7857d7bcf3744f3ce,DELETE,regular-file,build/js/node_modules/lodash/_baseXor.js,1099,
401f85be20b458ae6af854cfa42a06bda45f5f4e,DELETE,regular-file,build/js/node_modules/lodash/_baseZipObject.js,660,
2dec892689260577dad93993d057c1cb299a523b,DELETE,regular-file,build/js/node_modules/lodash/_cacheHas.js,337,
92c75fa1a9151aa7dde87df082692ff7446aede3,DELETE,regular-file,build/js/node_modules/lodash/_castArrayLikeObject.js,381,
98c91ae6378b98e60ce76eed1b80eeccac7eff0e,DELETE,regular-file,build/js/node_modules/lodash/_castFunction.js,326,
017e4c1b45d6c5f87678f649f36fcd1328aa9067,DELETE,regular-file,build/js/node_modules/lodash/_castPath.js,569,
213c66f19f37ccd995f43b296b8f18410f19ad28,DELETE,regular-file,build/js/node_modules/lodash/_castRest.js,348,
071faeba525380c249ad867d3ddf0a97402cee79,DELETE,regular-file,build/js/node_modules/lodash/_castSlice.js,517,
07908ff3aa1973c76737cc6b9a1578fa2884b148,DELETE,regular-file,build/js/node_modules/lodash/_charsEndIndex.js,600,
b17afd2547171b26c520fdc34fa50bcaed9341e6,DELETE,regular-file,build/js/node_modules/lodash/_charsStartIndex.js,636,
c3d8f6e39a61adc004b18dc3f4b2fe8e1509399b,DELETE,regular-file,build/js/node_modules/lodash/_cloneArrayBuffer.js,449,
27c48109b4f368f54c463084f0a05347672ba4e0,DELETE,regular-file,build/js/node_modules/lodash/_cloneBuffer.js,1056,
9c9b7b054d5e2c3109ea15680c13e470ae73747c,DELETE,regular-file,build/js/node_modules/lodash/_cloneDataView.js,507,
64a30dfb4ac39a215148c4efbfd3309489a6b668,DELETE,regular-file,build/js/node_modules/lodash/_cloneRegExp.js,439,
bede39f50a6fcd3a95cee902ca217a46a25ebe37,DELETE,regular-file,build/js/node_modules/lodash/_cloneSymbol.js,524,
7aad84d4fec4bce4dab8017aea89092354ecd48a,DELETE,regular-file,build/js/node_modules/lodash/_cloneTypedArray.js,527,
8dc279108825babf7c46cc918a285ab1a86b06c8,DELETE,regular-file,build/js/node_modules/lodash/_compareAscending.js,1343,
ad61f0fbcaa404ef37311d845cfb4f4a38938872,DELETE,regular-file,build/js/node_modules/lodash/_compareMultiple.js,1599,
1ce40f4f93b712db161c34f32fc7711d7508a6b3,DELETE,regular-file,build/js/node_modules/lodash/_composeArgs.js,1323,
8dc588d0a921b703f210b177a006e9af470fdf26,DELETE,regular-file,build/js/node_modules/lodash/_composeArgsRight.js,1388,
cd94d5d09a10dd9f14d2657fe52026c555795f57,DELETE,regular-file,build/js/node_modules/lodash/_copyArray.js,454,
2f2a5c23b76af8f82606126159ca74b920b939a1,DELETE,regular-file,build/js/node_modules/lodash/_copyObject.js,1044,
c35944ab5e70829560bbf70b7ffaf4e0f15101a5,DELETE,regular-file,build/js/node_modules/lodash/_copySymbols.js,446,
fdf20a73c2bf7551044589adc11ac9dfa4275944,DELETE,regular-file,build/js/node_modules/lodash/_copySymbolsIn.js,470,
f8e5b4e34900e51ba740b6412e5dfd080bc6912f,DELETE,regular-file,build/js/node_modules/lodash/_coreJsData.js,157,
718fcdaa8d9613e580337988c5a8895b64ffa864,DELETE,regular-file,build/js/node_modules/lodash/_countHolders.js,469,
0be42c41cdeaf8cdd9e0fc076828f9275053b14c,DELETE,regular-file,build/js/node_modules/lodash/_createAggregator.js,789,
1f904c51bd2654ac174a7a12e3356c001154183e,DELETE,regular-file,build/js/node_modules/lodash/_createAssigner.js,1042,
d24fdd1bbcb6d0a1243a077118b60d32dc774598,DELETE,regular-file,build/js/node_modules/lodash/_createBaseEach.js,886,
94cbf297aa2031512acdb5d3a525f7b4f3c8a722,DELETE,regular-file,build/js/node_modules/lodash/_createBaseFor.js,648,
07cb99f4db2360dda7aa42e7186fb90b73652c7e,DELETE,regular-file,build/js/node_modules/lodash/_createBind.js,853,
fe8ea4830315d4637ded8c8fd20de7971eacad09,DELETE,regular-file,build/js/node_modules/lodash/_createCaseFirst.js,811,
8d4cee2cd3e3881ef65ee7df00bc0df56071ba07,DELETE,regular-file,build/js/node_modules/lodash/_createCompounder.js,635,
9047aa5fac6624fd56d560429a6be4f443ccfd9c,DELETE,regular-file,build/js/node_modules/lodash/_createCtor.js,1482,
f06c2cdd85ecfaa89ed5a65ae4dffe0f13db38f4,DELETE,regular-file,build/js/node_modules/lodash/_createCurry.js,1447,
8859ff89f463101f7281ee969f5ba07450dba267,DELETE,regular-file,build/js/node_modules/lodash/_createFind.js,853,
baaddbf5e888d8151f7fd92185f617d84b69219a,DELETE,regular-file,build/js/node_modules/lodash/_createFlow.js,2249,
b671bd11f651faca95dfc2202a24d7f091c559c2,DELETE,regular-file,build/js/node_modules/lodash/_createHybrid.js,3252,
6c0c56299bdf89d9d71ed08afa372c82bdbe81a2,DELETE,regular-file,build/js/node_modules/lodash/_createInverter.js,497,
f1e238ac0af86900518486dac4fb727a804e7b4c,DELETE,regular-file,build/js/node_modules/lodash/_createMathOperation.js,1104,
3b9455161bbedf715a39977f0b35b0185805e544,DELETE,regular-file,build/js/node_modules/lodash/_createOver.js,780,
2124612b810f9c3a1d86e7445fcf5af19aa19338,DELETE,regular-file,build/js/node_modules/lodash/_createPadding.js,1153,
e16c248b5e81ab5f70db2d12a024c7814ee42a39,DELETE,regular-file,build/js/node_modules/lodash/_createPartial.js,1382,
9f52c77932c00b06b511208da9ea427eafafe7dd,DELETE,regular-file,build/js/node_modules/lodash/_createRange.js,864,
eb29fb24c0ae95b02c6a68601bc1f2ba7034b0ab,DELETE,regular-file,build/js/node_modules/lodash/_createRecurry.js,2117,
a17c6b5e72f7ec04a8f8ecb663af10f12ea968ce,DELETE,regular-file,build/js/node_modules/lodash/_createRelationalOperation.js,578,
88be5df396b61c2911732fea60d865cccf994b7a,DELETE,regular-file,build/js/node_modules/lodash/_createRound.js,1193,
0f644eeae67084ae042d436f76f7b3c1687ce856,DELETE,regular-file,build/js/node_modules/lodash/_createSet.js,501,
568417afda98a37c7c1e39655c2102558a417701,DELETE,regular-file,build/js/node_modules/lodash/_createToPairs.js,789,
33f0633e40ee394c5268b29d1777ccfa44efddb7,DELETE,regular-file,build/js/node_modules/lodash/_createWrap.js,3714,
1f49e6fc4f14bcdb299bb899efab2064f53b9f32,DELETE,regular-file,build/js/node_modules/lodash/_customDefaultsAssignIn.js,934,
4cab31751bf5cc931720b2a87659893434bf0d9b,DELETE,regular-file,build/js/node_modules/lodash/_customDefaultsMerge.js,1049,
968db2ef3e3c87425d3dd7d2e118f8727c97409d,DELETE,regular-file,build/js/node_modules/lodash/_customOmitClone.js,475,
3e531edcf3b2af9e21d8fb0e08eba5203632fa46,DELETE,regular-file,build/js/node_modules/lodash/_deburrLetter.js,3411,
b6116d92abe289c10fd69c6b226f823e97b58e57,DELETE,regular-file,build/js/node_modules/lodash/_defineProperty.js,233,
824228c78cb8ab33a5a1ae930bcd9537bf72ef63,DELETE,regular-file,build/js/node_modules/lodash/_equalArrays.js,2662,
71919e8673bd9d314ff8025720beb886d2d4bc3c,DELETE,regular-file,build/js/node_modules/lodash/_equalByTag.js,3746,
cdaacd2dfd88958c8dfe6a3dbec0773b15bf4c4b,DELETE,regular-file,build/js/node_modules/lodash/_equalObjects.js,2971,
7ca68ee6257c628e81a4ca01eec861bdc508a968,DELETE,regular-file,build/js/node_modules/lodash/_escapeHtmlChar.js,479,
44eca96ca8c95638f5d8cbc25bd23b4f1248ef9d,DELETE,regular-file,build/js/node_modules/lodash/_escapeStringChar.js,521,
94ab6cca775fc19504f20e662fd0c881235fd532,DELETE,regular-file,build/js/node_modules/lodash/_flatRest.js,457,
bbec998fc8cbaaeec1f848017aa8e232d4d419eb,DELETE,regular-file,build/js/node_modules/lodash/_freeGlobal.js,173,
a9ce6995a6ad277b226fc2fa0be324c22febd59b,DELETE,regular-file,build/js/node_modules/lodash/_getAllKeys.js,455,
1b4667841db49ae1c2b0dac4200cf933079d3948,DELETE,regular-file,build/js/node_modules/lodash/_getAllKeysIn.js,488,
a1fe7b7790ded66e46affdc4f35ede118c95759e,DELETE,regular-file,build/js/node_modules/lodash/_getData.js,325,
21e15b3377dcfb434698e48e2bc526d3e2a80205,DELETE,regular-file,build/js/node_modules/lodash/_getFuncName.js,756,
65e94b5c249fd3f5c0a9fd2d9fd021a4c1ed1a1b,DELETE,regular-file,build/js/node_modules/lodash/_getHolder.js,280,
17f63032e1a52b5f3437af26e5ce56d8c3c85d83,DELETE,regular-file,build/js/node_modules/lodash/_getMapData.js,400,
2cc70f917f2fd0418a0cc747ec2bfef01bde2c5f,DELETE,regular-file,build/js/node_modules/lodash/_getMatchData.js,573,
97a622b83aeb92494fb3c67872f16182b2748bb7,DELETE,regular-file,build/js/node_modules/lodash/_getNative.js,483,
e808612129409af16c5173eeb69d88a9191a3f66,DELETE,regular-file,build/js/node_modules/lodash/_getPrototype.js,163,
49a95c9c65a17148911124bf9e51ac8982769a45,DELETE,regular-file,build/js/node_modules/lodash/_getRawTag.js,1139,
7d6eafebb35ce8ddc98de7b8682d3eebf3211f80,DELETE,regular-file,build/js/node_modules/lodash/_getSymbols.js,886,
cec0855a4a46816ebe5996e0a1eb15513f9c2ca0,DELETE,regular-file,build/js/node_modules/lodash/_getSymbolsIn.js,754,
deaf89d582d4638cf8db20e9dbacb454705dbaed,DELETE,regular-file,build/js/node_modules/lodash/_getTag.js,1838,
5f7d773673b9747459c042005e336b78003d0ca3,DELETE,regular-file,build/js/node_modules/lodash/_getValue.js,325,
df1e5d44b5ee7241a0e62728a042cd45e571fbba,DELETE,regular-file,build/js/node_modules/lodash/_getView.js,1024,
3bcc6e48a37451046d4c271c94ffdc3bcbc9dff9,DELETE,regular-file,build/js/node_modules/lodash/_getWrapDetails.js,479,
93dbde152e6eec1d1c3a8e465b835b93f07000f0,DELETE,regular-file,build/js/node_modules/lodash/_hasPath.js,1085,
cb6ca15f6660f1fc9e5702f011520de7ebc85e85,DELETE,regular-file,build/js/node_modules/lodash/_hasUnicode.js,949,
95d52c444ce28072ad72de69e6f2d48dbd366f82,DELETE,regular-file,build/js/node_modules/lodash/_hasUnicodeWord.js,491,
5d4b70cc46c64de744979bf4a21d71d5d4efe20d,DELETE,regular-file,build/js/node_modules/lodash/_hashClear.js,281,
ea9dabf131edfb0e6ef2a7a2a482a067a323830d,DELETE,regular-file,build/js/node_modules/lodash/_hashDelete.js,445,
1fc2f34b10065ef863daaddde13401ae4561a2f9,DELETE,regular-file,build/js/node_modules/lodash/_hashGet.js,772,
281a5517c6dae85fd5c2969227ad5baf803aa43c,DELETE,regular-file,build/js/node_modules/lodash/_hashHas.js,626,
e1055283e4dbe8ab97a3e8043237ef4beffb77db,DELETE,regular-file,build/js/node_modules/lodash/_hashSet.js,598,
078c15af98fffee3677993915b6ed12ca08c6f48,DELETE,regular-file,build/js/node_modules/lodash/_initCloneArray.js,692,
f69a008ca3da288bb077e8f0f145efd3cf976204,DELETE,regular-file,build/js/node_modules/lodash/_initCloneByTag.js,2261,
5a13e64a5266d7a6e155fa8c42129a675de8dda2,DELETE,regular-file,build/js/node_modules/lodash/_initCloneObject.js,486,
e790808646d12892f54f890c6e17326945ae474d,DELETE,regular-file,build/js/node_modules/lodash/_insertWrapDetails.js,748,
4cc2c249ccb9419293311c595e9703658a0a37da,DELETE,regular-file,build/js/node_modules/lodash/_isFlattenable.js,608,
061cd390c3e5559265af262783297c33705d1041,DELETE,regular-file,build/js/node_modules/lodash/_isIndex.js,759,
a0bb5a9cf60533df874447bf6592af04a4c7d88b,DELETE,regular-file,build/js/node_modules/lodash/_isIterateeCall.js,877,
ff08b0680833395a34ec96f5169e5bd6d5f495f7,DELETE,regular-file,build/js/node_modules/lodash/_isKey.js,880,
39f1828d4ae334aab7d5d24f92167f9408a4c2c9,DELETE,regular-file,build/js/node_modules/lodash/_isKeyable.js,430,
a57c4f2dc72b57d812eea22bba7fe7d1cd08d28e,DELETE,regular-file,build/js/node_modules/lodash/_isLaziable.js,712,
eb98d09f31377ac5467f7c6af6d7ab5423ed0b99,DELETE,regular-file,build/js/node_modules/lodash/_isMaskable.js,395,
4b0f21ba89813422e028c618ca9ea5881fb1f3d5,DELETE,regular-file,build/js/node_modules/lodash/_isMasked.js,564,
0f29498d47313925293e5d0f00c5be8d7f04d761,DELETE,regular-file,build/js/node_modules/lodash/_isPrototype.js,480,
b59f40b8574a9c4a6b2c8169877b417c3295529e,DELETE,regular-file,build/js/node_modules/lodash/_isStrictComparable.js,414,
476856647c66d06d0175c0c52af15a654b0c2cdf,DELETE,regular-file,build/js/node_modules/lodash/_iteratorToArray.js,360,
d8a51f870322e999c8b8b993187d5b1a098a2bde,DELETE,regular-file,build/js/node_modules/lodash/_lazyClone.js,657,
c5b52190f4dcc5986850eaec5f36195cc8a2e42f,DELETE,regular-file,build/js/node_modules/lodash/_lazyReverse.js,491,
371ca8d22321e94d82ef7b0aab59bbf0dd1a2db4,DELETE,regular-file,build/js/node_modules/lodash/_lazyValue.js,1790,
acbe39a597cf48078399c9e0b7218f21f402721d,DELETE,regular-file,build/js/node_modules/lodash/_listCacheClear.js,218,
b1384ade97e562c2134d00b18adfc437e0f15693,DELETE,regular-file,build/js/node_modules/lodash/_listCacheDelete.js,775,
f8192fc38410d9e2b9be767d21ba87215ee7ece8,DELETE,regular-file,build/js/node_modules/lodash/_listCacheGet.js,420,
2adf67146fba6774ddf2bfb008650ceda7058178,DELETE,regular-file,build/js/node_modules/lodash/_listCacheHas.js,403,
5855c95e409a4151d908415652ef7abd5be60398,DELETE,regular-file,build/js/node_modules/lodash/_listCacheSet.js,553,
bc9ca204aebf7cf9cade901e54cb44a0483f17d2,DELETE,regular-file,build/js/node_modules/lodash/_mapCacheClear.js,393,
946ca3c9395506049b4cf63c661033e8e59fd797,DELETE,regular-file,build/js/node_modules/lodash/_mapCacheDelete.js,450,
f29f55cfdd533f952931e684df1957b417afecb3,DELETE,regular-file,build/js/node_modules/lodash/_mapCacheGet.js,330,
a1214c028bdb7a38cc23cd933a2f33ffdca3d0fd,DELETE,regular-file,build/js/node_modules/lodash/_mapCacheHas.js,382,
73468492733a7121d673f567d2b068e6b26fd474,DELETE,regular-file,build/js/node_modules/lodash/_mapCacheSet.js,489,
fe3dd531a3413587af31263e8d755e1af92db6df,DELETE,regular-file,build/js/node_modules/lodash/_mapToArray.js,363,
f608af9ec499ea7fc936924037f36927ee3d7553,DELETE,regular-file,build/js/node_modules/lodash/_matchesStrictComparable.js,574,
7f71c8fbae3334386cbc7e4d972b7f655032a1ca,DELETE,regular-file,build/js/node_modules/lodash/_memoizeCapped.js,633,
cb570f97677a6bdf96246674cc07fb6e5605ebc9,DELETE,regular-file,build/js/node_modules/lodash/_mergeData.js,3135,
0157a0b095650e5a83895e7504dfb5664231cb87,DELETE,regular-file,build/js/node_modules/lodash/_metaMap.js,143,
c7aede85b3fb77a735f4d5a0f313cf850e537550,DELETE,regular-file,build/js/node_modules/lodash/_nativeCreate.js,187,
479a104a1c5b5c4fe150a863d34b7dbcd7236d38,DELETE,regular-file,build/js/node_modules/lodash/_nativeKeys.js,204,
00ee505947418c3aec9dc19a43ca772d12cfe57e,DELETE,regular-file,build/js/node_modules/lodash/_nativeKeysIn.js,490,
983d78f75b45d9fe75bccba29a65de5ac25d4fca,DELETE,regular-file,build/js/node_modules/lodash/_nodeUtil.js,995,
c614ec09b381fa2bd028f8a3693e77f08232d9a2,DELETE,regular-file,build/js/node_modules/lodash/_objectToString.js,565,
651c5c55f27c780df8eebb08344ef4554d63a29d,DELETE,regular-file,build/js/node_modules/lodash/_overArg.js,382,
c7cdef3399bd98986e3be9f4648ccc1f9eee9fcd,DELETE,regular-file,build/js/node_modules/lodash/_overRest.js,1096,
f174328fcfb4e388d81dbc80207f5fa1cabd7565,DELETE,regular-file,build/js/node_modules/lodash/_parent.js,436,
7f47eda68f41e26360191095214ebcd8b4f7bb79,DELETE,regular-file,build/js/node_modules/lodash/_reEscape.js,105,
6adfc312c8f388b4947218e5b521de776b093d43,DELETE,regular-file,build/js/node_modules/lodash/_reEvaluate.js,108,
d02ff0b29a33ae50c56a564781015f7f962b9059,DELETE,regular-file,build/js/node_modules/lodash/_reInterpolate.js,115,
aa0d5292612835249a036b6134f1a0884b898983,DELETE,regular-file,build/js/node_modules/lodash/_realNames.js,98,
a3502b051791445ccdc3754bce39cfa5b167fa88,DELETE,regular-file,build/js/node_modules/lodash/_reorder.js,900,
74360ec4d3bbf88632ba69f7fe96bedcf77caa78,DELETE,regular-file,build/js/node_modules/lodash/_replaceHolders.js,785,
d2852bed4d2e469b3b87ed31df2350047e005ff4,DELETE,regular-file,build/js/node_modules/lodash/_root.js,300,
b070897db29cacda78f26f03a97d02ccf5b2364f,DELETE,regular-file,build/js/node_modules/lodash/_safeGet.js,456,
1081a744263fc0accc53bc12d47487a003780d13,DELETE,regular-file,build/js/node_modules/lodash/_setCacheAdd.js,424,
9a492556e0a4cbc394b4a96236dae7d892914760,DELETE,regular-file,build/js/node_modules/lodash/_setCacheHas.js,316,
e5cf3eb96ac8e67b4f7d8abb1014498434db2b62,DELETE,regular-file,build/js/node_modules/lodash/_setData.js,645,
b87f07418c328c7e92aeb9a731ea0329a75a9abe,DELETE,regular-file,build/js/node_modules/lodash/_setToArray.js,345,
36ad37a058362ee204280ac591f330fcc167d8f5,DELETE,regular-file,build/js/node_modules/lodash/_setToPairs.js,364,
6ca8419678fb443f9437ce9b88c962b1c1da0dff,DELETE,regular-file,build/js/node_modules/lodash/_setToString.js,392,
decdc44998948f75f719be142d7a1eaf7f7bc7c0,DELETE,regular-file,build/js/node_modules/lodash/_setWrapToString.js,847,
3300a079691488138b4443d8a8b72677ddccd253,DELETE,regular-file,build/js/node_modules/lodash/_shortOut.js,941,
8bcc4f5c32c783a44975c94850d98a06e987b303,DELETE,regular-file,build/js/node_modules/lodash/_shuffleSelf.js,689,
ce8e5a92ffff8dc695376f0fcfd48c25aafc2327,DELETE,regular-file,build/js/node_modules/lodash/_stackClear.js,254,
ff9887ab640b44fdbd43ec078cc3e28cca8b7391,DELETE,regular-file,build/js/node_modules/lodash/_stackDelete.js,405,
1cdf004091b7eec9b64603d9eb3d7bc33ab70c39,DELETE,regular-file,build/js/node_modules/lodash/_stackGet.js,271,
16a3ad11b964c49f1390440b9ab6c928dc3c11cf,DELETE,regular-file,build/js/node_modules/lodash/_stackHas.js,323,
b790ac5f418c6e85734fe37b7dad4964ef47a61f,DELETE,regular-file,build/js/node_modules/lodash/_stackSet.js,853,
0486a4956b7ba39ab24762c670e3166bffc3d537,DELETE,regular-file,build/js/node_modules/lodash/_strictIndexOf.js,600,
d7310dcc23629ce1550043095f6b4c54d4ab640b,DELETE,regular-file,build/js/node_modules/lodash/_strictLastIndexOf.js,576,
17ef462a682734bea3d352bd10780365ec0d1e17,DELETE,regular-file,build/js/node_modules/lodash/_stringSize.js,432,
d161158c6f4a7bbcc633abfbe74f824100ee8aba,DELETE,regular-file,build/js/node_modules/lodash/_stringToArray.js,450,
8f39f8a29b2a2a353818870f2ce706317a43b7af,DELETE,regular-file,build/js/node_modules/lodash/_stringToPath.js,840,
c6d645c4d008137b59801ab758249afb60eba891,DELETE,regular-file,build/js/node_modules/lodash/_toKey.js,523,
a020b386ca3137fea6823ce29e5c360bff78e799,DELETE,regular-file,build/js/node_modules/lodash/_toSource.js,556,
139439ad473620b3b953d8937bc4e6ff3bd03e9e,DELETE,regular-file,build/js/node_modules/lodash/_trimmedEndIndex.js,515,
a71fecb3f659da94c7c947aa73ab38ba9850dc8a,DELETE,regular-file,build/js/node_modules/lodash/_unescapeHtmlChar.js,493,
68137ec2c54dbeb01ef003f974c5d987d944275f,DELETE,regular-file,build/js/node_modules/lodash/_unicodeSize.js,1642,
2a725c062ec7689a22bc095fe7bfe5cb56aa872c,DELETE,regular-file,build/js/node_modules/lodash/_unicodeToArray.js,1588,
e72e6e0f93f310296178e56e9994d337ce9ebad9,DELETE,regular-file,build/js/node_modules/lodash/_unicodeWords.js,3060,
8759fbdf79b035f42d878f2d59cdbfe27ea5b539,DELETE,regular-file,build/js/node_modules/lodash/_updateWrapDetails.js,1310,
7bb58a2e88bfce5de8ad6c3992b639fa90321f17,DELETE,regular-file,build/js/node_modules/lodash/_wrapperClone.js,658,
f0695156472b35cba3ff88872a600060a6dd30fd,DELETE,regular-file,build/js/node_modules/lodash/add.js,469,
3900c979a11e518cc1f1939bf5f4aeddf2ab8a99,DELETE,regular-file,build/js/node_modules/lodash/after.js,1060,
af688d3ee6f4a81fedfe4ef4cfc7d39f418dc18d,DELETE,regular-file,build/js/node_modules/lodash/array.js,2490,
70c87d094c095fc2e5a4ae253aa0f2756b95c520,DELETE,regular-file,build/js/node_modules/lodash/ary.js,857,
909db26a344edf53a70405f433d8da31881f232f,DELETE,regular-file,build/js/node_modules/lodash/assign.js,1566,
e663473a0cfd06237cc5ffb390c051ef30835216,DELETE,regular-file,build/js/node_modules/lodash/assignIn.js,906,
68fcc0b03a013f955bb94c11b60509f26c6775f1,DELETE,regular-file,build/js/node_modules/lodash/assignInWith.js,1256,
7dc6c761b8fd27ec379cb9f68d89d3c91100faea,DELETE,regular-file,build/js/node_modules/lodash/assignWith.js,1223,
781ee9e5f18d44e4f2c5350b2ff87c6579273618,DELETE,regular-file,build/js/node_modules/lodash/at.js,559,
624d01524d24ebebb8ce49d66fb27600dbf3c94a,DELETE,regular-file,build/js/node_modules/lodash/attempt.js,931,
a3e0a16c7a7004442e2959b309fb88c37e3e9336,DELETE,regular-file,build/js/node_modules/lodash/before.js,1090,
b1076e93e6262e8728834b2ec1a930c6f4406cd5,DELETE,regular-file,build/js/node_modules/lodash/bind.js,1694,
a35706deed1f71454a577b0d0da16ed6a397b918,DELETE,regular-file,build/js/node_modules/lodash/bindAll.js,1125,
f7fd64cd4e0bb61636579907548c9001762a1e5b,DELETE,regular-file,build/js/node_modules/lodash/bindKey.js,2071,
d7390def558f674506ded132624b92420b4b907d,DELETE,regular-file,build/js/node_modules/lodash/camelCase.js,701,
3e1600e7d9e919af2673d95526ab5cd8fc4ccf16,DELETE,regular-file,build/js/node_modules/lodash/capitalize.js,529,
e470bdb9b9156a850928e776f362487316d6d39b,DELETE,regular-file,build/js/node_modules/lodash/castArray.js,768,
56c8722cfc7cec98015667559fa8083c81a74d72,DELETE,regular-file,build/js/node_modules/lodash/ceil.js,507,
f6cd6475ffdf173248012dec143605d0b60e4164,DELETE,regular-file,build/js/node_modules/lodash/chain.js,851,
5b562fef3ce0017df61c8654c66c4a3e83fe322f,DELETE,regular-file,build/js/node_modules/lodash/chunk.js,1411,
91a72c9782dc923f2138bdb9acddd674e9b19e9b,DELETE,regular-file,build/js/node_modules/lodash/clamp.js,890,
dd439d63967b5fbc474631065364503c5f2d302d,DELETE,regular-file,build/js/node_modules/lodash/clone.js,1065,
4425fbe8b9bb4007b3eca466a999ab1c030f1357,DELETE,regular-file,build/js/node_modules/lodash/cloneDeep.js,679,
fd9c6c050cdfa7a8c97bc7d937049d80565831e1,DELETE,regular-file,build/js/node_modules/lodash/cloneDeepWith.js,1046,
d2f4e756d52a17755dcab6d33f5de260fd4f6125,DELETE,regular-file,build/js/node_modules/lodash/cloneWith.js,1194,
77fe837f32051919908039c1a594a407d4d71a27,DELETE,regular-file,build/js/node_modules/lodash/collection.js,1009,
fe4db71783bd9924d5802aff83b692fbb0fa58a3,DELETE,regular-file,build/js/node_modules/lodash/commit.js,641,
031fab4e6d5915caa188c714a115985a22acd9c1,DELETE,regular-file,build/js/node_modules/lodash/compact.js,681,
1da48a4fc781528b67420047fca7060d3b788fa4,DELETE,regular-file,build/js/node_modules/lodash/concat.js,1007,
64555986aadb1720a28cd9847785eabe6f821063,DELETE,regular-file,build/js/node_modules/lodash/cond.js,1613,
5501a949a961d354e9038f08c5fbc93cf98ede06,DELETE,regular-file,build/js/node_modules/lodash/conforms.js,978,
b8a93ebf4513ee759576a9773155164fdc65f315,DELETE,regular-file,build/js/node_modules/lodash/conformsTo.js,954,
655ece3fb305adc68452fef568960b969d8d30a7,DELETE,regular-file,build/js/node_modules/lodash/constant.js,528,
be1d567d629fdfda05efcaa6adfb480d93702889,DELETE,regular-file,build/js/node_modules/lodash/core.js,115957,
e425e4d4f5a69698cbbdda1b89acd450609826b4,DELETE,regular-file,build/js/node_modules/lodash/core.min.js,12684,
0e88abc276bdead3741cc5d14053617eb45ab4ac,DELETE,regular-file,build/js/node_modules/lodash/countBy.js,1262,
919edb850f18d720ba2a0a762982a7d49ca21f8d,DELETE,regular-file,build/js/node_modules/lodash/create.js,1032,
918db1a4a75d28a58fe22bf6d3986519bdfd9552,DELETE,regular-file,build/js/node_modules/lodash/curry.js,1644,
c85b6f339ba13f48dafb6535ccfada9fe7b945c9,DELETE,regular-file,build/js/node_modules/lodash/curryRight.js,1499,
cbf5b41098f117b80e195bfe01b548d4439a75b4,DELETE,regular-file,build/js/node_modules/lodash/date.js,48,
8f751d53d11886b7a3a5796a62dcb8855530e60a,DELETE,regular-file,build/js/node_modules/lodash/debounce.js,6100,
f85e314a0c14c2cd22fe15b4fd9439a71e6cb473,DELETE,regular-file,build/js/node_modules/lodash/deburr.js,1617,
5b333592e93ba466f69088ad5de67cbb378c7df1,DELETE,regular-file,build/js/node_modules/lodash/defaultTo.js,608,
c74df044c415b645167c83a691c4507cc399674f,DELETE,regular-file,build/js/node_modules/lodash/defaults.js,1754,
9b5fa3ee220b2946fc1683ade67330d94609a86f,DELETE,regular-file,build/js/node_modules/lodash/defaultsDeep.js,839,
f6d6c6fa678611a32ccb88a1b0c1532b097aa2f4,DELETE,regular-file,build/js/node_modules/lodash/defer.js,693,
bd554796fd00b785b6fe95471e74a0ddce24ba3e,DELETE,regular-file,build/js/node_modules/lodash/delay.js,795,
fa28bb301f768fff142a11f1f8e8ee9a5a4517fb,DELETE,regular-file,build/js/node_modules/lodash/difference.js,1063,
2cd63e7ec01cd175c68604e70ab5c5b141772a60,DELETE,regular-file,build/js/node_modules/lodash/differenceBy.js,1527,
c0233f4b9c9c79a4f12a0e8f626347de64c8736e,DELETE,regular-file,build/js/node_modules/lodash/differenceWith.js,1395,
8cae0cd1b02d46ec2f124f2ceace9496024a501e,DELETE,regular-file,build/js/node_modules/lodash/divide.js,491,
d5c3cbaa4e0c3fd50dfdabf28b9044edbc412f9f,DELETE,regular-file,build/js/node_modules/lodash/drop.js,890,
441fe9968119928ad9faa6291886f342e9935e01,DELETE,regular-file,build/js/node_modules/lodash/dropRight.js,927,
9ad36a044502162d55520d183e6a5ae6fe1d82dd,DELETE,regular-file,build/js/node_modules/lodash/dropRightWhile.js,1412,
903ef568c955b70c1fea3d28c000150fbfa446c4,DELETE,regular-file,build/js/node_modules/lodash/dropWhile.js,1384,
8800f42046e3ed9e2843388b2816e304b0ae3668,DELETE,regular-file,build/js/node_modules/lodash/each.js,39,
3252b2aba320f356c44d338a7eb39e6227100749,DELETE,regular-file,build/js/node_modules/lodash/eachRight.js,44,
76fc866e3efd7f61681ff1ae0d7eb0960b5a4229,DELETE,regular-file,build/js/node_modules/lodash/endsWith.js,1098,
7a88df2044638cf666c108d77091ba901ef10145,DELETE,regular-file,build/js/node_modules/lodash/entries.js,39,
f6c6331c1de93fbdedb3a5ef0e01798495e2ef3f,DELETE,regular-file,build/js/node_modules/lodash/entriesIn.js,41,
a940688053d0279f11b7e1983102b1952f677537,DELETE,regular-file,build/js/node_modules/lodash/eq.js,799,
9247e0029bbd2ef70f1ffeb6618be06399509c78,DELETE,regular-file,build/js/node_modules/lodash/escape.js,1444,
0a58c69fc8eb8d0a36f0759dfae9b93dabbab19e,DELETE,regular-file,build/js/node_modules/lodash/escapeRegExp.js,871,
25080dac4985229bb1f0220809a746711d6ee05f,DELETE,regular-file,build/js/node_modules/lodash/every.js,1869,
e00166c206c610aac78f792ec4afc7cc362b94f5,DELETE,regular-file,build/js/node_modules/lodash/extend.js,40,
dbdcb3b4e457d340888f369b452e6cab9e8d72c9,DELETE,regular-file,build/js/node_modules/lodash/extendWith.js,44,
ae13aa1c996f1dd5c39089b6155a0c70a40777de,DELETE,regular-file,build/js/node_modules/lodash/fill.js,1081,
89e0c8c481b518a90faae40bf2733ec38348a8bb,DELETE,regular-file,build/js/node_modules/lodash/filter.js,1683,
de732ccb49cabad0b8c97af880fc6225f4f06e5c,DELETE,regular-file,build/js/node_modules/lodash/find.js,1304,
4689069f81e9b5d16a2d408d54c2d67ce932ab29,DELETE,regular-file,build/js/node_modules/lodash/findIndex.js,1654,
cac0248a9d2a3dfc3b70880ded63d8b2311d1969,DELETE,regular-file,build/js/node_modules/lodash/findKey.js,1329,
70b4271dc365ff2ea2c7190252be369e8f886fb4,DELETE,regular-file,build/js/node_modules/lodash/findLast.js,730,
7da3431f6d2cd769d4774e5209603c40c2e0cac9,DELETE,regular-file,build/js/node_modules/lodash/findLastIndex.js,1761,
66fb9fbceceb460aa3fa3342bedae15775025b77,DELETE,regular-file,build/js/node_modules/lodash/findLastKey.js,1346,
53f4ad13eee61d4429ad6c3e094d2488e8378e8c,DELETE,regular-file,build/js/node_modules/lodash/first.js,36,
e6685068f52e0ab2bcdf2d214ff6c8185f39c9b4,DELETE,regular-file,build/js/node_modules/lodash/flatMap.js,812,
4653d603330bafe8bd3858da638495635c8f3e92,DELETE,regular-file,build/js/node_modules/lodash/flatMapDeep.js,796,
6d72005c9707727b3ad2b4971802e2ac28d0564b,DELETE,regular-file,build/js/node_modules/lodash/flatMapDepth.js,901,
3f09f7f770e2143b0a37c63339ea39bbc88a5b53,DELETE,regular-file,build/js/node_modules/lodash/flatten.js,489,
8ad585cf49da2742c7ee72f3d7c10d6a4c8b78cf,DELETE,regular-file,build/js/node_modules/lodash/flattenDeep.js,577,
441fdcc224382ca0771465b53fedba7cbdfa83e9,DELETE,regular-file,build/js/node_modules/lodash/flattenDepth.js,787,
c28dd7896fb70a34308fac24e95ccef07e24f033,DELETE,regular-file,build/js/node_modules/lodash/flip.js,636,
ab6dfa28a4c591b8c05cb12489620352716e8b23,DELETE,regular-file,build/js/node_modules/lodash/floor.js,521,
74b6b62d4012180c7b5fe8f8b0f065073346ed17,DELETE,regular-file,build/js/node_modules/lodash/flow.js,666,
1146141059cbca28fd8bf1f2c1db923fae08093a,DELETE,regular-file,build/js/node_modules/lodash/flowRight.js,590,
c64eaa73f175f49ef44001687c0a97c6c0c696be,DELETE,regular-file,build/js/node_modules/lodash/forEach.js,1355,
7390ebaf85572d007d5afce71b09dd4cc7556cac,DELETE,regular-file,build/js/node_modules/lodash/forEachRight.js,924,
583a59638f8165b21136d975aac28cb2f0079e18,DELETE,regular-file,build/js/node_modules/lodash/forIn.js,1065,
4aedf58af56c81808e8a9e6baf66262e4e638804,DELETE,regular-file,build/js/node_modules/lodash/forInRight.js,929,
94eed8402a481708422c730933108fafe981e48b,DELETE,regular-file,build/js/node_modules/lodash/forOwn.js,992,
86f338f0329d1d0431a6d407b2d765b38830c365,DELETE,regular-file,build/js/node_modules/lodash/forOwnRight.js,866,
e372dbbdf6d5393fdf59fd453a5bbab63c058e6d,DELETE,regular-file,build/js/node_modules/lodash/fp.js,101,
a05a63ad9cf255d1cd943e06ab79c6e35520e019,DELETE,regular-file,build/js/node_modules/lodash/fp/F.js,41,
e2ba8ea56900e5c81e2d0b1d4534032cfdd25519,DELETE,regular-file,build/js/node_modules/lodash/fp/T.js,40,
4af98deb4e9cca363e75d13e6710549a70dede3a,DELETE,regular-file,build/js/node_modules/lodash/fp/__.js,43,
9baf8e19022440fe98743a358aa204f246215dc8,DELETE,regular-file,build/js/node_modules/lodash/fp/_baseConvert.js,16414,
bde030dc084b8de16312dfc75ccc24394b19e313,DELETE,regular-file,build/js/node_modules/lodash/fp/_convertBrowser.js,615,
773235e343729620da2fdf4c1975606d68713b03,DELETE,regular-file,build/js/node_modules/lodash/fp/_falseOptions.js,113,
a642ec05846947f1b2955ae84ff28f360aab2093,DELETE,regular-file,build/js/node_modules/lodash/fp/_mapping.js,9955,
1dbf36f5d2dcff0facd847b47f4cb9ece69c8a66,DELETE,regular-file,build/js/node_modules/lodash/fp/_util.js,524,
816eeece34bf250d3de1db3bea87cc04fc4ca1c2,DELETE,regular-file,build/js/node_modules/lodash/fp/add.js,151,
21a0167ab2dba572d01a8691b04a59c5bc7a39d9,DELETE,regular-file,build/js/node_modules/lodash/fp/after.js,155,
d0839f77ed712becffda9f8b620d087d6d2ba02b,DELETE,regular-file,build/js/node_modules/lodash/fp/all.js,37,
79b73ef84573da5dd45a5051f1eeec4b4e0b20ae,DELETE,regular-file,build/js/node_modules/lodash/fp/allPass.js,41,
988770307bc639d49f4af1ea0664d02837f3fa6d,DELETE,regular-file,build/js/node_modules/lodash/fp/always.js,40,
900ac25e836b2c9596c8685a8405e3560c49a70c,DELETE,regular-file,build/js/node_modules/lodash/fp/any.js,36,
2774ab37a4082a5c970550a874c98a02df88a569,DELETE,regular-file,build/js/node_modules/lodash/fp/anyPass.js,40,
2b757129620c07ceee85a1c0caf53cf05c9b0ab9,DELETE,regular-file,build/js/node_modules/lodash/fp/apply.js,38,
fe939c2c26a6c41b762afff94f1c3a31e08d83ef,DELETE,regular-file,build/js/node_modules/lodash/fp/array.js,83,
8edf18778da3da3a8602d4db694fbdc3e1b9a40d,DELETE,regular-file,build/js/node_modules/lodash/fp/ary.js,151,
23f47af17e13f9c8b5b73cffd7dd29bec4db4ab8,DELETE,regular-file,build/js/node_modules/lodash/fp/assign.js,157,
b1d36c7ef8b43783d682d5f3b642505cdc974ce4,DELETE,regular-file,build/js/node_modules/lodash/fp/assignAll.js,160,
21e836e6f0fe403c9e009a0ff341eebd7b667156,DELETE,regular-file,build/js/node_modules/lodash/fp/assignAllWith.js,168,
6e7c65fad8e31267ead8f237ab88ebe0c4ac7d7b,DELETE,regular-file,build/js/node_modules/lodash/fp/assignIn.js,161,
7ba75dba1110175a4ec6ccb42616a346e389a83b,DELETE,regular-file,build/js/node_modules/lodash/fp/assignInAll.js,164,
e766903d4cfab5858fbf2f82e5717f20c3772ed1,DELETE,regular-file,build/js/node_modules/lodash/fp/assignInAllWith.js,172,
acb5923675eed702eae1cf202020383820cebf1f,DELETE,regular-file,build/js/node_modules/lodash/fp/assignInWith.js,169,
eb925212d522b583181229a8f37e35c0670eb476,DELETE,regular-file,build/js/node_modules/lodash/fp/assignWith.js,165,
7648820c991259b0726c8f6c302e1d532b479496,DELETE,regular-file,build/js/node_modules/lodash/fp/assoc.js,35,
7648820c991259b0726c8f6c302e1d532b479496,DELETE,regular-file,build/js/node_modules/lodash/fp/assocPath.js,35,
cc39d257c6bf88aef2ae89193d16a7c3b2edf823,DELETE,regular-file,build/js/node_modules/lodash/fp/at.js,149,
26ca42ea04d3549be329731a1bb4e4637e58ff84,DELETE,regular-file,build/js/node_modules/lodash/fp/attempt.js,159,
7a2de65d27ecc1eee0a25b33ff7912f23ba3f537,DELETE,regular-file,build/js/node_modules/lodash/fp/before.js,157,
5cbe4f302fed07df36d70be6cf73338a6290177c,DELETE,regular-file,build/js/node_modules/lodash/fp/bind.js,153,
6b4a4a0f2702668ce9748403e0ad5801d0304c71,DELETE,regular-file,build/js/node_modules/lodash/fp/bindAll.js,159,
6a46c6b19c5b75534de6ec25974dfd6746934f04,DELETE,regular-file,build/js/node_modules/lodash/fp/bindKey.js,159,
87b77b49376e32e9aa0a6a275e778e92d3b96a3b,DELETE,regular-file,build/js/node_modules/lodash/fp/camelCase.js,191,
cac74e14f8ac5815b80ad8a4ff94c84c18d767a0,DELETE,regular-file,build/js/node_modules/lodash/fp/capitalize.js,193,
8681c099eaded1d46c642df4a83490200f66a85e,DELETE,regular-file,build/js/node_modules/lodash/fp/castArray.js,163,
f416b7294c453ca9cce559fc72183d13b3096bd6,DELETE,regular-file,build/js/node_modules/lodash/fp/ceil.js,153,
604fe398b100c6995b61833a84a0c8c7c8cbcac3,DELETE,regular-file,build/js/node_modules/lodash/fp/chain.js,183,
871ab08580b35e002714f9cf8a1546dd88a8cfba,DELETE,regular-file,build/js/node_modules/lodash/fp/chunk.js,155,
3b06c01ce139aaa3a2457cf55f34d4baba07b0c0,DELETE,regular-file,build/js/node_modules/lodash/fp/clamp.js,155,
cadb59c917f86c8d17fe4c82bd4a149368b3b08b,DELETE,regular-file,build/js/node_modules/lodash/fp/clone.js,183,
a6107aac9480c3e5ba955581e8f48eb5c7bb4f0c,DELETE,regular-file,build/js/node_modules/lodash/fp/cloneDeep.js,191,
6f01e44a346d705686d933b725404a7e24e65758,DELETE,regular-file,build/js/node_modules/lodash/fp/cloneDeepWith.js,171,
aa8857810e783d1da4028499d018b0cb4215476d,DELETE,regular-file,build/js/node_modules/lodash/fp/cloneWith.js,163,
fc8b328a0db9f298db4b511b5612be11dc770cc4,DELETE,regular-file,build/js/node_modules/lodash/fp/collection.js,88,
130a894f89412a9734d524810dafa7944172192c,DELETE,regular-file,build/js/node_modules/lodash/fp/commit.js,185,
ce8f7a1ac3e823f50b3bacf0d9c7cff2cdb82383,DELETE,regular-file,build/js/node_modules/lodash/fp/compact.js,187,
93eb462b353923c9171c3f0131c7a57466f1e967,DELETE,regular-file,build/js/node_modules/lodash/fp/complement.js,38,
1954e942397b7fa4af626b7f50d1dc4563dc6f36,DELETE,regular-file,build/js/node_modules/lodash/fp/compose.js,41,
e59346ad9834ffdf95090c6186eded9510f0040f,DELETE,regular-file,build/js/node_modules/lodash/fp/concat.js,157,
6a0120efd408d058efb63654fa055c918042a58e,DELETE,regular-file,build/js/node_modules/lodash/fp/cond.js,181,
3247f64a8c296c260cf1b6e9da72a292b6d0eec4,DELETE,regular-file,build/js/node_modules/lodash/fp/conforms.js,42,
aa7f41ec095f9b611b28fd74df5f0806e7043e40,DELETE,regular-file,build/js/node_modules/lodash/fp/conformsTo.js,165,
9e406fc09c1b101860e4f6cfdfb348586f8da842,DELETE,regular-file,build/js/node_modules/lodash/fp/constant.js,189,
594722af59a7070c45eae666c4e6fedb9029c85e,DELETE,regular-file,build/js/node_modules/lodash/fp/contains.js,40,
4795dc42460855877f3fa6cd0ed92a3655e50f67,DELETE,regular-file,build/js/node_modules/lodash/fp/convert.js,657,
dfa464326fe8dc2aaa19186a498035dc4608426f,DELETE,regular-file,build/js/node_modules/lodash/fp/countBy.js,159,
752025fb83bb4ca559d63c5330d4962f2a0cfa5c,DELETE,regular-file,build/js/node_modules/lodash/fp/create.js,157,
b0b4168c500134e6e2dcb93ff8a15ee7b7473825,DELETE,regular-file,build/js/node_modules/lodash/fp/curry.js,155,
2ae7d00a62a57873beec88f43a2470da6f8859f6,DELETE,regular-file,build/js/node_modules/lodash/fp/curryN.js,156,
cb619eb5d98b94b8efc574cdbfa56294517fafb8,DELETE,regular-file,build/js/node_modules/lodash/fp/curryRight.js,165,
2495afc89c3fce48f24cc5e0b44304c94eea0ea5,DELETE,regular-file,build/js/node_modules/lodash/fp/curryRightN.js,166,
82cb952bc4c40eccab861386ee71fe589cfe7cc0,DELETE,regular-file,build/js/node_modules/lodash/fp/date.js,82,
26122293af3a6fe0bf64a52d726c6d3c5673704a,DELETE,regular-file,build/js/node_modules/lodash/fp/debounce.js,161,
96463ab88e7e5a4aa8e2621c5856d91e98191276,DELETE,regular-file,build/js/node_modules/lodash/fp/deburr.js,185,
d6b52a444799865b157041fb68d40384e38f9001,DELETE,regular-file,build/js/node_modules/lodash/fp/defaultTo.js,163,
e1a8e6e7dbe936579d2f6aa1c5894fe272481ac8,DELETE,regular-file,build/js/node_modules/lodash/fp/defaults.js,161,
238fcc3c2f5d0aeef2ed23da0183b45d0c56067f,DELETE,regular-file,build/js/node_modules/lodash/fp/defaultsAll.js,164,
1f172ff9442840f683949f2ae5780545c8c1d988,DELETE,regular-file,build/js/node_modules/lodash/fp/defaultsDeep.js,169,
6835f2f079a80c902524afd54fbf04b7323fa31e,DELETE,regular-file,build/js/node_modules/lodash/fp/defaultsDeepAll.js,172,
ec7990fe22428109b57612180a6da1c40ff641db,DELETE,regular-file,build/js/node_modules/lodash/fp/defer.js,183,
556dbd568ee475482cdf68199e419c3d5bcd33ee,DELETE,regular-file,build/js/node_modules/lodash/fp/delay.js,155,
2d0376542a7c2479ea3ecac47be959b64ff632bf,DELETE,regular-file,build/js/node_modules/lodash/fp/difference.js,165,
2f914910a987dacf2941b6b3b1921a9e784ea01f,DELETE,regular-file,build/js/node_modules/lodash/fp/differenceBy.js,169,
bcf5ad2e1192c8c6806de3a1bf103cc5ee29a766,DELETE,regular-file,build/js/node_modules/lodash/fp/differenceWith.js,173,
7ec7be190bc4cf563fd9bfe6d96eceb9d0e1f274,DELETE,regular-file,build/js/node_modules/lodash/fp/dissoc.js,37,
7ec7be190bc4cf563fd9bfe6d96eceb9d0e1f274,DELETE,regular-file,build/js/node_modules/lodash/fp/dissocPath.js,37,
82048c5e02a2eacacfc90c51e401cc9f046ece1a,DELETE,regular-file,build/js/node_modules/lodash/fp/divide.js,157,
2fa9b4faa587f02b26786d403457e6db97c6ffb7,DELETE,regular-file,build/js/node_modules/lodash/fp/drop.js,153,
174e52551247e512621c71e4b1cb621681a6bc12,DELETE,regular-file,build/js/node_modules/lodash/fp/dropLast.js,41,
be2a9d24aedfaf94e7d180b946da41ab698b6b47,DELETE,regular-file,build/js/node_modules/lodash/fp/dropLastWhile.js,46,
e98881fcd4479f1cb9b22feea12c9cf4f5a559a4,DELETE,regular-file,build/js/node_modules/lodash/fp/dropRight.js,163,
cacaa7019106cb0f71740a573876b5cc1ee5dde3,DELETE,regular-file,build/js/node_modules/lodash/fp/dropRightWhile.js,173,
285f864d127a251d01e7884fe0739dd3739987cf,DELETE,regular-file,build/js/node_modules/lodash/fp/dropWhile.js,163,
8800f42046e3ed9e2843388b2816e304b0ae3668,DELETE,regular-file,build/js/node_modules/lodash/fp/each.js,39,
3252b2aba320f356c44d338a7eb39e6227100749,DELETE,regular-file,build/js/node_modules/lodash/fp/eachRight.js,44,
17dc2a49511b3bf7817d6016c395d83c747b2da1,DELETE,regular-file,build/js/node_modules/lodash/fp/endsWith.js,161,
7a88df2044638cf666c108d77091ba901ef10145,DELETE,regular-file,build/js/node_modules/lodash/fp/entries.js,39,
f6c6331c1de93fbdedb3a5ef0e01798495e2ef3f,DELETE,regular-file,build/js/node_modules/lodash/fp/entriesIn.js,41,
9a3d21bf1d1114237f56be24fdd460c3daf17b84,DELETE,regular-file,build/js/node_modules/lodash/fp/eq.js,149,
e6a5ce0caf7be220ea43257f07852a8ffee8f3a8,DELETE,regular-file,build/js/node_modules/lodash/fp/equals.js,39,
52c1fbba6090364d162371e360706f55a130baca,DELETE,regular-file,build/js/node_modules/lodash/fp/escape.js,185,
369b2eff6e1216066d5038c171d4b63b4ef21c27,DELETE,regular-file,build/js/node_modules/lodash/fp/escapeRegExp.js,197,
95c2776c33e06c50e8278b4fb5dafab6f0509233,DELETE,regular-file,build/js/node_modules/lodash/fp/every.js,155,
e00166c206c610aac78f792ec4afc7cc362b94f5,DELETE,regular-file,build/js/node_modules/lodash/fp/extend.js,40,
cc55b64fcc0b3177c53d0626c2ec940abb39fc0d,DELETE,regular-file,build/js/node_modules/lodash/fp/extendAll.js,43,
6679d208bc704d14a3a9dd0a3d806c851d422a28,DELETE,regular-file,build/js/node_modules/lodash/fp/extendAllWith.js,47,
dbdcb3b4e457d340888f369b452e6cab9e8d72c9,DELETE,regular-file,build/js/node_modules/lodash/fp/extendWith.js,44,
b2d47e84eb159b501d3f48304e2a0dfad00d66ff,DELETE,regular-file,build/js/node_modules/lodash/fp/fill.js,153,
796d501ce827caeb80a536600a67b6f4170d175e,DELETE,regular-file,build/js/node_modules/lodash/fp/filter.js,157,
f805d336aa148ea6f9768c00200a5a7322366fb3,DELETE,regular-file,build/js/node_modules/lodash/fp/find.js,153,
da8275e8407b2148bd170291b989492d63a318cb,DELETE,regular-file,build/js/node_modules/lodash/fp/findFrom.js,157,
8c15fd11606166df05025a2f0f4d32db3c5bd6cf,DELETE,regular-file,build/js/node_modules/lodash/fp/findIndex.js,163,
32e98cb9530eb4de50cf3541c0b9722024438bc6,DELETE,regular-file,build/js/node_modules/lodash/fp/findIndexFrom.js,167,
475bcfa8a5bc02ce5c71257aa95e3581cea68f0e,DELETE,regular-file,build/js/node_modules/lodash/fp/findKey.js,159,
093fe94e745e764a93d4233e9cfd78971a12ee18,DELETE,regular-file,build/js/node_modules/lodash/fp/findLast.js,161,
76c38fbad2a8453bd31715c11849d03f71332d3a,DELETE,regular-file,build/js/node_modules/lodash/fp/findLastFrom.js,165,
36986df0b8ae62202bcb7a5bb2a3c0e63e9b8738,DELETE,regular-file,build/js/node_modules/lodash/fp/findLastIndex.js,171,
34c8176cf19499743741e31d1837a0978a9d917f,DELETE,regular-file,build/js/node_modules/lodash/fp/findLastIndexFrom.js,175,
5f81b604e8174b60a0128fe23b832dad154a427b,DELETE,regular-file,build/js/node_modules/lodash/fp/findLastKey.js,167,
53f4ad13eee61d4429ad6c3e094d2488e8378e8c,DELETE,regular-file,build/js/node_modules/lodash/fp/first.js,36,
d01dc4d0481c5b9111cc9cbadb9101dcc33a7cbb,DELETE,regular-file,build/js/node_modules/lodash/fp/flatMap.js,159,
569c42eb9fa565ee2890a1504a68f166fd047deb,DELETE,regular-file,build/js/node_modules/lodash/fp/flatMapDeep.js,167,
6eb68fdeed81fede51bd734104e363ef76a97d22,DELETE,regular-file,build/js/node_modules/lodash/fp/flatMapDepth.js,169,
30425d896232d74421ae3336965a0c6530b9e20b,DELETE,regular-file,build/js/node_modules/lodash/fp/flatten.js,187,
aed5db27c09f37a1aca9d6fcc5e79521574b2104,DELETE,regular-file,build/js/node_modules/lodash/fp/flattenDeep.js,195,
ad65e378eff98d60d8f8081754c70918a88d5462,DELETE,regular-file,build/js/node_modules/lodash/fp/flattenDepth.js,169,
0547e7b4eade187fa40dc41efffe4f954f5b98bb,DELETE,regular-file,build/js/node_modules/lodash/fp/flip.js,181,
a6cf3358ed315a23734b28e1ec08a1cd2ecc6c47,DELETE,regular-file,build/js/node_modules/lodash/fp/floor.js,155,
cd83677a62ca36b6e8e123a0069bbd25e7a0315b,DELETE,regular-file,build/js/node_modules/lodash/fp/flow.js,153,
972a5b9b1c2c063dae5ed524f94ab8756eaae067,DELETE,regular-file,build/js/node_modules/lodash/fp/flowRight.js,163,
2f494521c86f4240a2d15573b11e40ddbf505598,DELETE,regular-file,build/js/node_modules/lodash/fp/forEach.js,159,
3ff97336bbf2b943066c0497076d1731a3149fa7,DELETE,regular-file,build/js/node_modules/lodash/fp/forEachRight.js,169,
9341749b1f7198a104662b884aa40b6e462f9ab5,DELETE,regular-file,build/js/node_modules/lodash/fp/forIn.js,155,
cecf8bbfa6cf82b569423fe6f69e92a911261c5f,DELETE,regular-file,build/js/node_modules/lodash/fp/forInRight.js,165,
246449e9a832df1193d29f447907a18acb7609ed,DELETE,regular-file,build/js/node_modules/lodash/fp/forOwn.js,157,
c5e826e0d7dc8f4bdc99683d9dd1df6759cdb22a,DELETE,regular-file,build/js/node_modules/lodash/fp/forOwnRight.js,167,
f8cc5968cd2cff521d8dd460aa622b55a0724978,DELETE,regular-file,build/js/node_modules/lodash/fp/fromPairs.js,163,
dfe69b1fa034643c0743fb704ff1db8063792959,DELETE,regular-file,build/js/node_modules/lodash/fp/function.js,86,
09d1bb1baaebfe4a60c5747c1c21571856f3eff4,DELETE,regular-file,build/js/node_modules/lodash/fp/functions.js,191,
2cfeb83ebbc8e25c25955b6a4c51b081fbb6475f,DELETE,regular-file,build/js/node_modules/lodash/fp/functionsIn.js,195,
6d3a32863e72b535efe15f0175fe76054747ed7d,DELETE,regular-file,build/js/node_modules/lodash/fp/get.js,151,
7dbf771f0c6b09368aa1b0e7ef4bd3544fd4baa3,DELETE,regular-file,build/js/node_modules/lodash/fp/getOr.js,153,
fc0bc78a57b930d97265c2828feb2cbefcddcb6f,DELETE,regular-file,build/js/node_modules/lodash/fp/groupBy.js,159,
9e57c8085a05e4e6cc81ffbe4bae294e55190331,DELETE,regular-file,build/js/node_modules/lodash/fp/gt.js,149,
45847863894a295fb322d6d85da2ddd3cfa0aa12,DELETE,regular-file,build/js/node_modules/lodash/fp/gte.js,151,
b901298398e4f75231dc7f7accfb95a8c9d8d5f3,DELETE,regular-file,build/js/node_modules/lodash/fp/has.js,151,
b3c3d1a3f3b37587bb5a68cc46aa7fd4bc146d0b,DELETE,regular-file,build/js/node_modules/lodash/fp/hasIn.js,155,
2694f0a21d681e91f1e05027f3aeb00143011027,DELETE,regular-file,build/js/node_modules/lodash/fp/head.js,181,
85563f4a4699645bbc0673828af8b79329402dc8,DELETE,regular-file,build/js/node_modules/lodash/fp/identical.js,34,
096415a5dec4a6bd5543d0d2614324fd7096b2fb,DELETE,regular-file,build/js/node_modules/lodash/fp/identity.js,189,
202d940bae8d83417f185851f03ab3ba6efbb6df,DELETE,regular-file,build/js/node_modules/lodash/fp/inRange.js,159,
11467805ce1e723584eac7533f622fe6d548db64,DELETE,regular-file,build/js/node_modules/lodash/fp/includes.js,161,
683afdb463a6ab39d7c4f73bf06181b91cece95a,DELETE,regular-file,build/js/node_modules/lodash/fp/includesFrom.js,165,
7e64bc0fcdbde004f7aae3749100ad52cd94072d,DELETE,regular-file,build/js/node_modules/lodash/fp/indexBy.js,37,
524658eb95f983f54664dce125af73401b757d39,DELETE,regular-file,build/js/node_modules/lodash/fp/indexOf.js,159,
d99c822f461ce9cefc743a3db5c8d43432b9f74b,DELETE,regular-file,build/js/node_modules/lodash/fp/indexOfFrom.js,163,
2f88d8b0e10013a7fc5141f9bc578a3e56ea40ef,DELETE,regular-file,build/js/node_modules/lodash/fp/init.js,39,
b732ba0bd69f24796328e731f45107a554ce386e,DELETE,regular-file,build/js/node_modules/lodash/fp/initial.js,187,
52936d560c7cb6e792762fb40361c9334df6d7d3,DELETE,regular-file,build/js/node_modules/lodash/fp/intersection.js,169,
72629f277d7f829691e05fa9c10e583a7d06a992,DELETE,regular-file,build/js/node_modules/lodash/fp/intersectionBy.js,173,
e064f400f88bcc8647646b64056ab943967bac3f,DELETE,regular-file,build/js/node_modules/lodash/fp/intersectionWith.js,177,
2d5d1f0d45ba0350abee99396255a26628960144,DELETE,regular-file,build/js/node_modules/lodash/fp/invert.js,157,
63ca97ecb28ab7e92065ee9d7c706de0bc666ee3,DELETE,regular-file,build/js/node_modules/lodash/fp/invertBy.js,161,
f1d842e49b8edac0b89ec8f6da5766d233578326,DELETE,regular-file,build/js/node_modules/lodash/fp/invertObj.js,38,
fcf17f0d5721b888513fd0ed7db72e034f081b98,DELETE,regular-file,build/js/node_modules/lodash/fp/invoke.js,157,
d3f2953fa3b921da54ec39057dd5093ce9f5a806,DELETE,regular-file,build/js/node_modules/lodash/fp/invokeArgs.js,161,
eaa9f84ffbb7f0d66e9a52d54d7d1f0e6d607438,DELETE,regular-file,build/js/node_modules/lodash/fp/invokeArgsMap.js,167,
6515fd73f16e75906e2b3dbdb710a56c710567f4,DELETE,regular-file,build/js/node_modules/lodash/fp/invokeMap.js,163,
1d93c9e5994c86c97122de567d057c3bdd21b56c,DELETE,regular-file,build/js/node_modules/lodash/fp/isArguments.js,195,
ba7ade8ddc0a13320a72c5cad08b7510f4628652,DELETE,regular-file,build/js/node_modules/lodash/fp/isArray.js,187,
5088513faf3e837fc1a9be8c46257eacf6906a68,DELETE,regular-file,build/js/node_modules/lodash/fp/isArrayBuffer.js,199,
8f1856bf6f6b381ab8595f827d8ad9c7c07f4846,DELETE,regular-file,build/js/node_modules/lodash/fp/isArrayLike.js,195,
21084984bcecdd537018f860ce29f98214f019b5,DELETE,regular-file,build/js/node_modules/lodash/fp/isArrayLikeObject.js,207,
9339f75b1f198a661b28f02460c980a454f2bd2d,DELETE,regular-file,build/js/node_modules/lodash/fp/isBoolean.js,191,
e60b123818d12c442bde02cd7887c790fd6763e2,DELETE,regular-file,build/js/node_modules/lodash/fp/isBuffer.js,189,
dc41d089ec8b84a9cc79b49549d467a2217a2611,DELETE,regular-file,build/js/node_modules/lodash/fp/isDate.js,185,
18ee039a2da96f505d1aa8500a01c66a80fae49e,DELETE,regular-file,build/js/node_modules/lodash/fp/isElement.js,191,
0f4ae841e214f33c23a2b9e36b62a45813600883,DELETE,regular-file,build/js/node_modules/lodash/fp/isEmpty.js,187,
41383865f28757da89682234bae1af714d8962c4,DELETE,regular-file,build/js/node_modules/lodash/fp/isEqual.js,159,
029ff5cdaa0f334a646adca0f4bc86e9b70296a1,DELETE,regular-file,build/js/node_modules/lodash/fp/isEqualWith.js,167,
3dfd81ccc211cb5a11999cfdb622cb57d33f422f,DELETE,regular-file,build/js/node_modules/lodash/fp/isError.js,187,
0b647b841ecc1787370e8244a4cae75e479b8bd1,DELETE,regular-file,build/js/node_modules/lodash/fp/isFinite.js,189,
ff8e5c45853aba003737d492ae22766acb5b1572,DELETE,regular-file,build/js/node_modules/lodash/fp/isFunction.js,193,
67af4ff6dbb05ebf1b804f50e3f152b1c6b393c7,DELETE,regular-file,build/js/node_modules/lodash/fp/isInteger.js,191,
fc101c5a64b4e8bb1904a5d421c912bed6a31efb,DELETE,regular-file,build/js/node_modules/lodash/fp/isLength.js,189,
a209aa66fcbae50719da4e260d903fa44cf49c73,DELETE,regular-file,build/js/node_modules/lodash/fp/isMap.js,183,
6264ca17fac37a8c6698858eb42176a52dc90c78,DELETE,regular-file,build/js/node_modules/lodash/fp/isMatch.js,159,
d95f319353fb809699082b12bd02719d5b3a4d55,DELETE,regular-file,build/js/node_modules/lodash/fp/isMatchWith.js,167,
66a978f11194fce572f2fad0315e292c19142532,DELETE,regular-file,build/js/node_modules/lodash/fp/isNaN.js,183,
3d775ba953152e6f66ce7dbdb56ad038e2285740,DELETE,regular-file,build/js/node_modules/lodash/fp/isNative.js,189,
5952c028a9bcdd25bd9947678b81bf634f49231e,DELETE,regular-file,build/js/node_modules/lodash/fp/isNil.js,183,
f201a354b43789363a29db8b0ea11c196eb307c0,DELETE,regular-file,build/js/node_modules/lodash/fp/isNull.js,185,
a2b5fa049fe9f7dd53551ac9c740a4ea84dbf789,DELETE,regular-file,build/js/node_modules/lodash/fp/isNumber.js,189,
231ace03bc50ed818e02a7af1a32524768a4c422,DELETE,regular-file,build/js/node_modules/lodash/fp/isObject.js,189,
f16082e6fee9ee89daee8037ea7b6640cc16f96c,DELETE,regular-file,build/js/node_modules/lodash/fp/isObjectLike.js,197,
b5bea90d3a7f264ac487fa7339967821d70eb44b,DELETE,regular-file,build/js/node_modules/lodash/fp/isPlainObject.js,199,
12a1a3d71852e9a0064b32bab1c24659e1b32ab8,DELETE,regular-file,build/js/node_modules/lodash/fp/isRegExp.js,189,
7230f5520aa776ea53eed5326d719361d575f300,DELETE,regular-file,build/js/node_modules/lodash/fp/isSafeInteger.js,199,
35c01f6fa193381c5cdcb69d5276765d3e1e0fc3,DELETE,regular-file,build/js/node_modules/lodash/fp/isSet.js,183,
1fd0679ef865e9fd87ba24d770b06e5086b3992e,DELETE,regular-file,build/js/node_modules/lodash/fp/isString.js,189,
38676956dac9ddb94618963462668899c30ea08c,DELETE,regular-file,build/js/node_modules/lodash/fp/isSymbol.js,189,
8567953875ffc45dffcee224bf970e742bbca9eb,DELETE,regular-file,build/js/node_modules/lodash/fp/isTypedArray.js,197,
ddbca31ca70f09a96cd12d741e9a9c9fbe382d47,DELETE,regular-file,build/js/node_modules/lodash/fp/isUndefined.js,195,
ef60c613c4bdc9a2e531c6752b84ff789d82575e,DELETE,regular-file,build/js/node_modules/lodash/fp/isWeakMap.js,191,
c99bfaa6d9d2886a85eb6f08c18d6a5e76abace4,DELETE,regular-file,build/js/node_modules/lodash/fp/isWeakSet.js,191,
9f0f71738a01ba31e6e10a6a0da9a3ddd9812564,DELETE,regular-file,build/js/node_modules/lodash/fp/iteratee.js,161,
a220e003c4009f5e387dff57aec5d206581edaf1,DELETE,regular-file,build/js/node_modules/lodash/fp/join.js,153,
f71e04e00028f5027326fc9e3ed21bffbdcee690,DELETE,regular-file,build/js/node_modules/lodash/fp/juxt.js,36,
60737f17cdbc85d8936fdaaea50fb2c309f469ee,DELETE,regular-file,build/js/node_modules/lodash/fp/kebabCase.js,191,
9a6a85d4226045ee1a85eaf50273eeb6ee5d98fb,DELETE,regular-file,build/js/node_modules/lodash/fp/keyBy.js,155,
e12bb07f13022ecd42842e68b1e4f00662381273,DELETE,regular-file,build/js/node_modules/lodash/fp/keys.js,181,
f3eb36a8d20d6ccb9cf50d075c593103e99081fe,DELETE,regular-file,build/js/node_modules/lodash/fp/keysIn.js,185,
08cc9c14bdd379d39ba3fb6653d6d6a8166d2e49,DELETE,regular-file,build/js/node_modules/lodash/fp/lang.js,82,
0f716993fc80d9f4843d0fe5ce98ab051044500d,DELETE,regular-file,build/js/node_modules/lodash/fp/last.js,181,
ddf39c30135edd64fd64661524112800ad4ab89e,DELETE,regular-file,build/js/node_modules/lodash/fp/lastIndexOf.js,167,
1ff6a0b5ad5648c620f859bcc1cbda22055cf38f,DELETE,regular-file,build/js/node_modules/lodash/fp/lastIndexOfFrom.js,171,
ea64bc15d6f337c93b58bde0177fb6b413e38e77,DELETE,regular-file,build/js/node_modules/lodash/fp/lowerCase.js,191,
539720a3da3e0e6780a7d1ec1dc029fa596eb15e,DELETE,regular-file,build/js/node_modules/lodash/fp/lowerFirst.js,193,
a31d21ecc660da0926c5a0a899478b5055dca9a3,DELETE,regular-file,build/js/node_modules/lodash/fp/lt.js,149,
d795d10ee7c78f000ceeecf719f6bdb86a581f0e,DELETE,regular-file,build/js/node_modules/lodash/fp/lte.js,151,
cf98794362808b3d002222233af3965ca7de6ab0,DELETE,regular-file,build/js/node_modules/lodash/fp/map.js,151,
1684587099e281c2aee1dc6cde72a8212b2251ed,DELETE,regular-file,build/js/node_modules/lodash/fp/mapKeys.js,159,
4004972751db886f3eb1ff26c076e4d8a097aee9,DELETE,regular-file,build/js/node_modules/lodash/fp/mapValues.js,163,
29d1e1e4f13b243e9a7c1fa06f973c818a00d572,DELETE,regular-file,build/js/node_modules/lodash/fp/matches.js,39,
4575bd2431b7e418084917d072ea566da125ae81,DELETE,regular-file,build/js/node_modules/lodash/fp/matchesProperty.js,175,
e8f50f79271e1c383c78b74671d94398e110ceb0,DELETE,regular-file,build/js/node_modules/lodash/fp/math.js,82,
a66acac220717a6c5b3b41815c459aa4ec2cc8ba,DELETE,regular-file,build/js/node_modules/lodash/fp/max.js,179,
d083fd64fd2d595c311ecc6fd19f864567609f8d,DELETE,regular-file,build/js/node_modules/lodash/fp/maxBy.js,155,
31172460c3b44aeb388811b8f9fdf403b72bd604,DELETE,regular-file,build/js/node_modules/lodash/fp/mean.js,181,
556f25edfe912f23a4ffb2e00103812a926e5e9f,DELETE,regular-file,build/js/node_modules/lodash/fp/meanBy.js,157,
638eec63bad1bbe9e6e80daf6916eb294e0d596d,DELETE,regular-file,build/js/node_modules/lodash/fp/memoize.js,159,
ac66adde1221e686b9945fac21e3f370bbe18234,DELETE,regular-file,build/js/node_modules/lodash/fp/merge.js,155,
a3674d6716554e02cbd94fd244fbbadfd1724ca0,DELETE,regular-file,build/js/node_modules/lodash/fp/mergeAll.js,158,
4bd4206dc7d4095c6943812bc8d1fc089c986410,DELETE,regular-file,build/js/node_modules/lodash/fp/mergeAllWith.js,166,
00d44d5e1a271159dbe74bf60b4dd20e96bd36d6,DELETE,regular-file,build/js/node_modules/lodash/fp/mergeWith.js,163,
f4060c6878e9bea32a92464bd5a8f57daaac8a08,DELETE,regular-file,build/js/node_modules/lodash/fp/method.js,157,
61399056f36858731637dc5be21778febb10bcce,DELETE,regular-file,build/js/node_modules/lodash/fp/methodOf.js,161,
d12c6b40d382850a5bac5fcf5a50cd22c2cf45d5,DELETE,regular-file,build/js/node_modules/lodash/fp/min.js,179,
fdb9e24d8adcf1b01d598a953579ee1de6d7bdf6,DELETE,regular-file,build/js/node_modules/lodash/fp/minBy.js,155,
332e6fbfddadf14b2559ec4dffda722e8baefbca,DELETE,regular-file,build/js/node_modules/lodash/fp/mixin.js,155,
4dcf0b0d4afb64097d8a291366e66b4a82a9e824,DELETE,regular-file,build/js/node_modules/lodash/fp/multiply.js,161,
f262a76ccdc8a9703afb6cf76a1b74f65f3c27a1,DELETE,regular-file,build/js/node_modules/lodash/fp/nAry.js,35,
8b6dc7c5b882c339f12532008833ae1edca5dd89,DELETE,regular-file,build/js/node_modules/lodash/fp/negate.js,185,
140155e2321f8ba5f30b9928be018c491d131b41,DELETE,regular-file,build/js/node_modules/lodash/fp/next.js,181,
b9e32cc8cd87297baeac013d142d93995a4c66cb,DELETE,regular-file,build/js/node_modules/lodash/fp/noop.js,181,
6de2068aacc53be7cc080cc4f02cfee294b4382d,DELETE,regular-file,build/js/node_modules/lodash/fp/now.js,179,
da4fda7409256339a68277533957e73b3762d093,DELETE,regular-file,build/js/node_modules/lodash/fp/nth.js,151,
fce31659429617eb22284211cbadb72ac081c6de,DELETE,regular-file,build/js/node_modules/lodash/fp/nthArg.js,157,
5c10b8842d27131d9483ee00635dfcacb0c2c632,DELETE,regular-file,build/js/node_modules/lodash/fp/number.js,84,
ae39a1346c9b3fbed9362b6b8aaffbca0acfd2c7,DELETE,regular-file,build/js/node_modules/lodash/fp/object.js,84,
fd685291e64e2991aa5a7b43d2eaf621684e3231,DELETE,regular-file,build/js/node_modules/lodash/fp/omit.js,153,
144cf4b96e8e91e555f06d1c89aa53dda28e23e8,DELETE,regular-file,build/js/node_modules/lodash/fp/omitAll.js,36,
90df7380269d9b9bbfc22981279d579c55c529e8,DELETE,regular-file,build/js/node_modules/lodash/fp/omitBy.js,157,
f8f0a5c73ecf0c8a8afaa11394d63e6820bb2c31,DELETE,regular-file,build/js/node_modules/lodash/fp/once.js,181,
848e210754641ab0288e2cce204b905ca02929af,DELETE,regular-file,build/js/node_modules/lodash/fp/orderBy.js,159,
01eba7b9847805058e0b4c1a3a094110832e2929,DELETE,regular-file,build/js/node_modules/lodash/fp/over.js,153,
738556f0c0da92a0b5918250c431b67d69a06d05,DELETE,regular-file,build/js/node_modules/lodash/fp/overArgs.js,161,
9f5a032dc7782c54de9698c5765272cdbd4c8719,DELETE,regular-file,build/js/node_modules/lodash/fp/overEvery.js,163,
15939d5865a2b474915ee61ecc45f88b83743b42,DELETE,regular-file,build/js/node_modules/lodash/fp/overSome.js,161,
f1dea4a98f644788e963c653318a96bfcd979b1f,DELETE,regular-file,build/js/node_modules/lodash/fp/pad.js,151,
d6e0804cd6ca96940688e53ce29710efdb10384c,DELETE,regular-file,build/js/node_modules/lodash/fp/padChars.js,156,
d4ab79ad305f58e74142e6d5639939a323a39f57,DELETE,regular-file,build/js/node_modules/lodash/fp/padCharsEnd.js,162,
a08a30000a6617b9f47378a39680a69a935f3757,DELETE,regular-file,build/js/node_modules/lodash/fp/padCharsStart.js,166,
a8522ec36a5fb61f5215386dd2ec3e9f237396d4,DELETE,regular-file,build/js/node_modules/lodash/fp/padEnd.js,157,
f4ca79d4af8ebd766af8693807553eb2e5dc344f,DELETE,regular-file,build/js/node_modules/lodash/fp/padStart.js,161,
27314ccbca67b4f6829d3427518587fedc758040,DELETE,regular-file,build/js/node_modules/lodash/fp/parseInt.js,161,
5d4601598bf83c07bbeafcecc5d0ca5f2cf9f056,DELETE,regular-file,build/js/node_modules/lodash/fp/partial.js,159,
7f05fed0ab3bb80a6eeaaa13fbe0cfb2120ad056,DELETE,regular-file,build/js/node_modules/lodash/fp/partialRight.js,169,
2ebcacc1f4d5f30e767587546d17e4a0f9ec7fd0,DELETE,regular-file,build/js/node_modules/lodash/fp/partition.js,163,
b29cfb2139c1cd890f49a150998aff92771782fb,DELETE,regular-file,build/js/node_modules/lodash/fp/path.js,35,
36c027a38343f09b8a8ad791b1c3974ed69b291d,DELETE,regular-file,build/js/node_modules/lodash/fp/pathEq.js,47,
4ab582091bc39dd6b890aafd6687d310fbd8e65e,DELETE,regular-file,build/js/node_modules/lodash/fp/pathOr.js,37,
1eb7950ac0a6fefb76629c60b2f1477f8eaba4ea,DELETE,regular-file,build/js/node_modules/lodash/fp/paths.js,34,
197393de1d224106a47c99e621df04b00082b338,DELETE,regular-file,build/js/node_modules/lodash/fp/pick.js,153,
a8ecd461311a4fd63e86a7ceae288fd595f5c83c,DELETE,regular-file,build/js/node_modules/lodash/fp/pickAll.js,36,
d832d16b6c2b0434e1dd134a75768d62670f1840,DELETE,regular-file,build/js/node_modules/lodash/fp/pickBy.js,157,
b2e1e2cc8dc61a47d476d3528c315b5072158222,DELETE,regular-file,build/js/node_modules/lodash/fp/pipe.js,36,
1ce17393b99c34e4cc205a3996a2b29bdc0f98ad,DELETE,regular-file,build/js/node_modules/lodash/fp/placeholder.js,105,
eca8f32b4afa9f4d39111118d27365ba9ad0fe3b,DELETE,regular-file,build/js/node_modules/lodash/fp/plant.js,183,
0d1e1abfaf97001826c4aa7ce6ccc05d8c361b9a,DELETE,regular-file,build/js/node_modules/lodash/fp/pluck.js,35,
b29cfb2139c1cd890f49a150998aff92771782fb,DELETE,regular-file,build/js/node_modules/lodash/fp/prop.js,35,
36c027a38343f09b8a8ad791b1c3974ed69b291d,DELETE,regular-file,build/js/node_modules/lodash/fp/propEq.js,47,
4ab582091bc39dd6b890aafd6687d310fbd8e65e,DELETE,regular-file,build/js/node_modules/lodash/fp/propOr.js,37,
b29cfb2139c1cd890f49a150998aff92771782fb,DELETE,regular-file,build/js/node_modules/lodash/fp/property.js,35,
f6273ee47a134dc57a11626644be3da9edbba6c9,DELETE,regular-file,build/js/node_modules/lodash/fp/propertyOf.js,158,
1eb7950ac0a6fefb76629c60b2f1477f8eaba4ea,DELETE,regular-file,build/js/node_modules/lodash/fp/props.js,34,
8d7084f0795aca021780eac888ded9774a290ff8,DELETE,regular-file,build/js/node_modules/lodash/fp/pull.js,153,
98d5c9a73a9c038bb7852be039081b2fda07cfb6,DELETE,regular-file,build/js/node_modules/lodash/fp/pullAll.js,159,
876bc3bf1cda84d9a87c43ed8831a7351877571d,DELETE,regular-file,build/js/node_modules/lodash/fp/pullAllBy.js,163,
f71ba4d73db312939b2cbcc0d36143ee34c275a6,DELETE,regular-file,build/js/node_modules/lodash/fp/pullAllWith.js,167,
e8b3bb6125965d805ac56fd01d01e832e8469bf2,DELETE,regular-file,build/js/node_modules/lodash/fp/pullAt.js,157,
99d852e4ab24360172d2e4f2c1abd06e0f4a6587,DELETE,regular-file,build/js/node_modules/lodash/fp/random.js,157,
a6bb59118b449016c3d65dc1ba12d864662a386e,DELETE,regular-file,build/js/node_modules/lodash/fp/range.js,155,
fdb712f94e1e9a0e3ef8bd32b6e396436798c1cc,DELETE,regular-file,build/js/node_modules/lodash/fp/rangeRight.js,165,
d72dfc200c99f4f3c81c6e090dae3e9aa9b6609d,DELETE,regular-file,build/js/node_modules/lodash/fp/rangeStep.js,159,
8b2a67bc65dcd9a3d057eb7f4ae708df39f38b07,DELETE,regular-file,build/js/node_modules/lodash/fp/rangeStepRight.js,169,
678e02a32a8941d2b420e92694830b5f3678e28b,DELETE,regular-file,build/js/node_modules/lodash/fp/rearg.js,155,
4cef0a0083ca58ed46d5e04b53facd20e6d453fa,DELETE,regular-file,build/js/node_modules/lodash/fp/reduce.js,157,
caf5bb5155d9f7edb1045c4b749bca647b3c85d1,DELETE,regular-file,build/js/node_modules/lodash/fp/reduceRight.js,167,
c1632738619eae4b2e83db5c34d34ba047c95722,DELETE,regular-file,build/js/node_modules/lodash/fp/reject.js,157,
e9d13273680413ece0d36943c14c193a4706978b,DELETE,regular-file,build/js/node_modules/lodash/fp/remove.js,157,
08470f247a36a30080dc750b7929953570f99c80,DELETE,regular-file,build/js/node_modules/lodash/fp/repeat.js,157,
2227db62571126b442ff07fc54597d1413b6813a,DELETE,regular-file,build/js/node_modules/lodash/fp/replace.js,159,
c1f3d64bdceee03ab1d2ba501516d8fa3d45c814,DELETE,regular-file,build/js/node_modules/lodash/fp/rest.js,153,
714e42b5d6632a670aa0f5ad6bb2c041ef10845d,DELETE,regular-file,build/js/node_modules/lodash/fp/restFrom.js,157,
f86ce0712642481a496f3ebee5d034e3e6139442,DELETE,regular-file,build/js/node_modules/lodash/fp/result.js,157,
07c9f5e49330564c64f4ebb239196cde846ef2f3,DELETE,regular-file,build/js/node_modules/lodash/fp/reverse.js,159,
4c0e5c829983d15d518ded4ac964e55f611d15d7,DELETE,regular-file,build/js/node_modules/lodash/fp/round.js,155,
6bea1254de60697643b4e3b6dbdfb3f891c304da,DELETE,regular-file,build/js/node_modules/lodash/fp/sample.js,185,
359ed6fcda1501834afac7d146486dc59ba0b447,DELETE,regular-file,build/js/node_modules/lodash/fp/sampleSize.js,165,
d8f42b0a4daadcc167712d877e763b81ed7561af,DELETE,regular-file,build/js/node_modules/lodash/fp/seq.js,81,
0b56a56c8a8d3ca5b2541831f0ca37d0b0ffff12,DELETE,regular-file,build/js/node_modules/lodash/fp/set.js,151,
0b584952b6c4690a5937da4bbf5c10c585133fe1,DELETE,regular-file,build/js/node_modules/lodash/fp/setWith.js,159,
aa3a1ca5be95d86028bfdc5396d76603cdc0327a,DELETE,regular-file,build/js/node_modules/lodash/fp/shuffle.js,187,
7490136e1cb4d87d8fc04183196730e8d66f38c5,DELETE,regular-file,build/js/node_modules/lodash/fp/size.js,181,
15945d321f78d263cc9df0df60be06876220bd43,DELETE,regular-file,build/js/node_modules/lodash/fp/slice.js,155,
a0ff7808eb92231b56a5df0c5f872f90edde5baf,DELETE,regular-file,build/js/node_modules/lodash/fp/snakeCase.js,191,
a4fa2d00602861732de6466e15869993b1c5c8aa,DELETE,regular-file,build/js/node_modules/lodash/fp/some.js,153,
e0790ad5b70ff99938d8aa83047b9004f5ac302c,DELETE,regular-file,build/js/node_modules/lodash/fp/sortBy.js,157,
364a05435e7714866d65067fee70d75287104c58,DELETE,regular-file,build/js/node_modules/lodash/fp/sortedIndex.js,167,
9593dbd13d6fd2f92c89cdfb8771430c801464db,DELETE,regular-file,build/js/node_modules/lodash/fp/sortedIndexBy.js,171,
c9084cab6a031993f03492ff54fd0058ef8b5d4f,DELETE,regular-file,build/js/node_modules/lodash/fp/sortedIndexOf.js,171,
47fe241af7d98911f06504e9e52ec78a53964ee2,DELETE,regular-file,build/js/node_modules/lodash/fp/sortedLastIndex.js,175,
0f9a3473267398f7e2b27a8ab1baa3a7599a1b60,DELETE,regular-file,build/js/node_modules/lodash/fp/sortedLastIndexBy.js,179,
0d4d93278f906ec04e6fb2a056b02e83b92432e3,DELETE,regular-file,build/js/node_modules/lodash/fp/sortedLastIndexOf.js,179,
882d283702cd2f3707ba1c3c29a1bfb880f0d87f,DELETE,regular-file,build/js/node_modules/lodash/fp/sortedUniq.js,193,
033db91ca9de2593c8c2e60dd266717d3fe6abe2,DELETE,regular-file,build/js/node_modules/lodash/fp/sortedUniqBy.js,169,
14de1a7efda4ed6eb7b0e42fa63eb86244023b33,DELETE,regular-file,build/js/node_modules/lodash/fp/split.js,155,
2d11b70722dc83110db3895e043668c7abc57e93,DELETE,regular-file,build/js/node_modules/lodash/fp/spread.js,157,
0b630df1b38befaad611e5fd012625b37e3592a8,DELETE,regular-file,build/js/node_modules/lodash/fp/spreadFrom.js,161,
ada98c943dee83cc8ded31ec89e23d27b583e17a,DELETE,regular-file,build/js/node_modules/lodash/fp/startCase.js,191,
985e2f2948ca3429276c8cac32a7713875004eb8,DELETE,regular-file,build/js/node_modules/lodash/fp/startsWith.js,165,
773b037048e1555c052f704caf0b1c1bf3f6aeff,DELETE,regular-file,build/js/node_modules/lodash/fp/string.js,84,
cd604cb49301b8f643539ede749f2fa232169473,DELETE,regular-file,build/js/node_modules/lodash/fp/stubArray.js,191,
3296664544badee8e189a55fe039d003ce33e5f6,DELETE,regular-file,build/js/node_modules/lodash/fp/stubFalse.js,191,
c6c8ec472cb4f9db7e70a5eda5d4df6c996806b0,DELETE,regular-file,build/js/node_modules/lodash/fp/stubObject.js,193,
701051e8b3f950925400d2906766f228fb03a10f,DELETE,regular-file,build/js/node_modules/lodash/fp/stubString.js,193,
9249082ce9411604a2f6d3768cdfa95c587c4f95,DELETE,regular-file,build/js/node_modules/lodash/fp/stubTrue.js,189,
d32b16d4797310ad64d9d1dc98b231bae3c166f7,DELETE,regular-file,build/js/node_modules/lodash/fp/subtract.js,161,
5cce12b325c41c7ee707fccefe82e68219c9e6c0,DELETE,regular-file,build/js/node_modules/lodash/fp/sum.js,179,
c8826565f988d63280d32061d50dd8d10f64a1fe,DELETE,regular-file,build/js/node_modules/lodash/fp/sumBy.js,155,
78c16add622d2342fe85a7f0c2f97834b2bdf998,DELETE,regular-file,build/js/node_modules/lodash/fp/symmetricDifference.js,35,
298fc7ff681eb02a6db26d86211777ab6f15194a,DELETE,regular-file,build/js/node_modules/lodash/fp/symmetricDifferenceBy.js,37,
70bc6faf2826067cd30be1bca236eb4af7b9fc91,DELETE,regular-file,build/js/node_modules/lodash/fp/symmetricDifferenceWith.js,39,
f122f0ac3476e6d46170f6b0c43d4c7fe6f1b0fb,DELETE,regular-file,build/js/node_modules/lodash/fp/tail.js,181,
9af98a7bdb6dd99128a6b24b990d3d638c092702,DELETE,regular-file,build/js/node_modules/lodash/fp/take.js,153,
e98c84a162d9dd51e143e2f9d40ed542dd9ae1e7,DELETE,regular-file,build/js/node_modules/lodash/fp/takeLast.js,41,
5367968a3d4c698017b0262981e2bbc7dca95c95,DELETE,regular-file,build/js/node_modules/lodash/fp/takeLastWhile.js,46,
b82950a696ca125c9a331dcab85b42905df58f63,DELETE,regular-file,build/js/node_modules/lodash/fp/takeRight.js,163,
8ffb0a285768e06f5a0642e3b094018ac448c58a,DELETE,regular-file,build/js/node_modules/lodash/fp/takeRightWhile.js,173,
28136644fe6ac28952f32f35e7d1acf94b15f73c,DELETE,regular-file,build/js/node_modules/lodash/fp/takeWhile.js,163,
d33ad6ec1e2a4ea0097ccfdab9dc4d567e38c5cd,DELETE,regular-file,build/js/node_modules/lodash/fp/tap.js,151,
74857e1c8411b50cce5db6f1e433dbb051e0fb9f,DELETE,regular-file,build/js/node_modules/lodash/fp/template.js,161,
7bcc0a82b908fbe405ecbcffde74510864a62524,DELETE,regular-file,build/js/node_modules/lodash/fp/templateSettings.js,205,
77fff142840d7457df9eba08c14f8bffb0f73787,DELETE,regular-file,build/js/node_modules/lodash/fp/throttle.js,161,
d42b3b1d8404d9baf271a2a9be08782b76263aa6,DELETE,regular-file,build/js/node_modules/lodash/fp/thru.js,153,
0dab06dad16c866ebc4ddf2730386bde949fed56,DELETE,regular-file,build/js/node_modules/lodash/fp/times.js,155,
f0c360aca317da23c856d2fca67735de20911c4c,DELETE,regular-file,build/js/node_modules/lodash/fp/toArray.js,187,
3a47687d6b4a60343d3f76a381c88d9871ab28a2,DELETE,regular-file,build/js/node_modules/lodash/fp/toFinite.js,189,
e0af6a750e3963817c867fc781480b1c0edb9c9e,DELETE,regular-file,build/js/node_modules/lodash/fp/toInteger.js,191,
65e6baa9ddedf827757f43f4c333ad5b92e86864,DELETE,regular-file,build/js/node_modules/lodash/fp/toIterator.js,193,
2d718d0bc1beae5d73f20fe8325b47a0e1fe5e88,DELETE,regular-file,build/js/node_modules/lodash/fp/toJSON.js,185,
b97cdd935144be5326e91c10183026b2eab117ff,DELETE,regular-file,build/js/node_modules/lodash/fp/toLength.js,189,
616ef36ada145ad1442ca2a662289114aa4f7630,DELETE,regular-file,build/js/node_modules/lodash/fp/toLower.js,187,
d0c6f4d3d6449f2f089b64d91b03455d779b48b8,DELETE,regular-file,build/js/node_modules/lodash/fp/toNumber.js,189,
af783786ee1d6d1c6311b37a17bf9b7b512b1795,DELETE,regular-file,build/js/node_modules/lodash/fp/toPairs.js,187,
66504abf1f196cb9f90acc6a40eed4702d767e9a,DELETE,regular-file,build/js/node_modules/lodash/fp/toPairsIn.js,191,
b4d5e50fb70249a091b38acb3ae189436600e800,DELETE,regular-file,build/js/node_modules/lodash/fp/toPath.js,185,
278bb86398d020c7f4d621f9d2dea0537a68b261,DELETE,regular-file,build/js/node_modules/lodash/fp/toPlainObject.js,199,
367a26fddc741146c5f31999dad743181a764f7a,DELETE,regular-file,build/js/node_modules/lodash/fp/toSafeInteger.js,199,
cec4f8e22332619212967ce6d5930b1020b51e70,DELETE,regular-file,build/js/node_modules/lodash/fp/toString.js,189,
54f9a560585561ed0acd199189678a9e16365a21,DELETE,regular-file,build/js/node_modules/lodash/fp/toUpper.js,187,
759d088f1a35f099281f61c81f5b9bdd24a9afdd,DELETE,regular-file,build/js/node_modules/lodash/fp/transform.js,163,
e6319a741c768918d5e3c3b84824411a576196e9,DELETE,regular-file,build/js/node_modules/lodash/fp/trim.js,153,
c9294de48c756f1f53815251eee8e2744aff2744,DELETE,regular-file,build/js/node_modules/lodash/fp/trimChars.js,158,
284bc2f813e89768e063d7ee1fa0a83b9562f892,DELETE,regular-file,build/js/node_modules/lodash/fp/trimCharsEnd.js,164,
ff0ee65dfbadc7ad6926ffd457b2ba0e181738ee,DELETE,regular-file,build/js/node_modules/lodash/fp/trimCharsStart.js,168,
71908805fceeee18d05400a2c3736d93cbe02142,DELETE,regular-file,build/js/node_modules/lodash/fp/trimEnd.js,159,
fda902c3893a8bde0f660e41d9d087549494d896,DELETE,regular-file,build/js/node_modules/lodash/fp/trimStart.js,163,
d265c1decb397d266b0fae272f3b190e346a21ce,DELETE,regular-file,build/js/node_modules/lodash/fp/truncate.js,161,
c5dfe779d6f762dd50871b6a09a7b10f6d4b15f4,DELETE,regular-file,build/js/node_modules/lodash/fp/unapply.js,36,
286c945fb638dd8606fe992cd13e3178dbc6d6d2,DELETE,regular-file,build/js/node_modules/lodash/fp/unary.js,183,
fddcb46e2ddb93bdace4fe03b958e06aa6e01851,DELETE,regular-file,build/js/node_modules/lodash/fp/unescape.js,189,
ef8228d74c751cdaf65e9fc1e044b3375c92a74b,DELETE,regular-file,build/js/node_modules/lodash/fp/union.js,155,
603687a188edb25b321c9341f8459a4f12708908,DELETE,regular-file,build/js/node_modules/lodash/fp/unionBy.js,159,
65bb3a792870318c3b5716f0f6c9cb6e269dc277,DELETE,regular-file,build/js/node_modules/lodash/fp/unionWith.js,163,
bc1852490ba9d1c812ead7d09212ff6f77f41e10,DELETE,regular-file,build/js/node_modules/lodash/fp/uniq.js,181,
634c6a8bb3d7aafdb28aa833dd8ee92c1afd688d,DELETE,regular-file,build/js/node_modules/lodash/fp/uniqBy.js,157,
0ec601a910f5f0de45c167c442daba67b01238b4,DELETE,regular-file,build/js/node_modules/lodash/fp/uniqWith.js,161,
aa8fc2f73980d95a8f5cee582b432518400974d6,DELETE,regular-file,build/js/node_modules/lodash/fp/uniqueId.js,161,
5d34060aa75a57c5c257b56708fda84f3d00c133,DELETE,regular-file,build/js/node_modules/lodash/fp/unnest.js,39,
ea203a0f39fb59d6115dbc6c80c543089b48b28c,DELETE,regular-file,build/js/node_modules/lodash/fp/unset.js,155,
cc364b3c5a40ad2943082a740e690d487b066468,DELETE,regular-file,build/js/node_modules/lodash/fp/unzip.js,183,
182eaa10424f3e3e93a6ab01ed69613d948521d2,DELETE,regular-file,build/js/node_modules/lodash/fp/unzipWith.js,163,
b8ce2cc9e1fcc43e9a269226d133e21b7e3fd133,DELETE,regular-file,build/js/node_modules/lodash/fp/update.js,157,
d5e8282d94fdcdeb84987ff7474b198baae8ecb7,DELETE,regular-file,build/js/node_modules/lodash/fp/updateWith.js,165,
c886f202162a09862cd5b05259b9aef2870f677c,DELETE,regular-file,build/js/node_modules/lodash/fp/upperCase.js,191,
d8c04df54bb33b09e7d1d22afdc910b813c909e9,DELETE,regular-file,build/js/node_modules/lodash/fp/upperFirst.js,193,
d8b3df5a4e8ce3c7ea3e1457d0b947935c1c6565,DELETE,regular-file,build/js/node_modules/lodash/fp/useWith.js,40,
18c00baed46bd415a791eddab346a7fffa76fe11,DELETE,regular-file,build/js/node_modules/lodash/fp/util.js,82,
555eec7a38db215180774911ae4724617fcc4cb4,DELETE,regular-file,build/js/node_modules/lodash/fp/value.js,183,
f968807d701e9762669dc568e516c8a264aa6fc2,DELETE,regular-file,build/js/node_modules/lodash/fp/valueOf.js,187,
2dfc56136b6ee1c10690b800f876b3ea31c6541e,DELETE,regular-file,build/js/node_modules/lodash/fp/values.js,185,
a1b2bb8725e3e948b655f42d94b776edca816a05,DELETE,regular-file,build/js/node_modules/lodash/fp/valuesIn.js,189,
3247f64a8c296c260cf1b6e9da72a292b6d0eec4,DELETE,regular-file,build/js/node_modules/lodash/fp/where.js,42,
29d1e1e4f13b243e9a7c1fa06f973c818a00d572,DELETE,regular-file,build/js/node_modules/lodash/fp/whereEq.js,39,
bad9e125bc93a2ae7521e7e6308e23d2e5de6914,DELETE,regular-file,build/js/node_modules/lodash/fp/without.js,159,
4a901414b8e0ade50d3f3b19894fa198b62d2e97,DELETE,regular-file,build/js/node_modules/lodash/fp/words.js,155,
e93bd8a1de6f41f38307f906cc73becc25715488,DELETE,regular-file,build/js/node_modules/lodash/fp/wrap.js,153,
8f0a310feacb1f26e5ea1a508aa139cb47c2d209,DELETE,regular-file,build/js/node_modules/lodash/fp/wrapperAt.js,191,
2a48ea2b5b7dfadd82011f0306d3d7abe3e9be03,DELETE,regular-file,build/js/node_modules/lodash/fp/wrapperChain.js,197,
a7162d084c884fa14975bbed8b46b59ac8eb50aa,DELETE,regular-file,build/js/node_modules/lodash/fp/wrapperLodash.js,199,
e1481aab9171a57acf73fa85c6eecdd49203144e,DELETE,regular-file,build/js/node_modules/lodash/fp/wrapperReverse.js,201,
8eb9112f613785ba3933e842d13b9e4d895efdd8,DELETE,regular-file,build/js/node_modules/lodash/fp/wrapperValue.js,197,
29e2819489386c5e200c2ae5ff47722fc4a9fff5,DELETE,regular-file,build/js/node_modules/lodash/fp/xor.js,151,
b355686db652c1fc2285236d0e3ec72c2dbea5f0,DELETE,regular-file,build/js/node_modules/lodash/fp/xorBy.js,155,
8e05739ad36d82ccc1f4b4e5a879db3de1b9be7d,DELETE,regular-file,build/js/node_modules/lodash/fp/xorWith.js,159,
69e147a441da7478bd92e5e40281909a55bd76ae,DELETE,regular-file,build/js/node_modules/lodash/fp/zip.js,151,
efa8ccbfbb2dc004368d511c66def993be686cb9,DELETE,regular-file,build/js/node_modules/lodash/fp/zipAll.js,154,
f4a34531b139f9eff00f16d2db263b1c3b5cc23e,DELETE,regular-file,build/js/node_modules/lodash/fp/zipObj.js,41,
462dbb68cb333b52c1b1ad47569844e72757f5dc,DELETE,regular-file,build/js/node_modules/lodash/fp/zipObject.js,163,
53a5d3380735e69ea89cc08f04fbf9b6939f527a,DELETE,regular-file,build/js/node_modules/lodash/fp/zipObjectDeep.js,171,
c5cf9e212823175e0c326867e8c55030d77db04c,DELETE,regular-file,build/js/node_modules/lodash/fp/zipWith.js,159,
ee7940d2405508d466ee6a072a6e00c8dac4b30d,DELETE,regular-file,build/js/node_modules/lodash/fromPairs.js,596,
b0fc6d93e3ab9e2980fabc95bf54e642e7dd4b67,DELETE,regular-file,build/js/node_modules/lodash/function.js,780,
9722928f50ee34efc87888f0828b9b70f7c9e663,DELETE,regular-file,build/js/node_modules/lodash/functions.js,685,
f00345d0668163e5f7a3cd47701f02949e718d24,DELETE,regular-file,build/js/node_modules/lodash/functionsIn.js,714,
8805ff92c19d89bf2247ab7e48b403b1b6e0be65,DELETE,regular-file,build/js/node_modules/lodash/get.js,884,
babf4f6baa837dd55947bfc1d51ae7cfb4829588,DELETE,regular-file,build/js/node_modules/lodash/groupBy.js,1399,
3a662828801bd87cd8943f46ee495e6c4c8e7b27,DELETE,regular-file,build/js/node_modules/lodash/gt.js,596,
4180a687d746c9a61f20679f214c4ffd844991bb,DELETE,regular-file,build/js/node_modules/lodash/gte.js,635,
34df55e8e2df6178d687b42daf0f2b3529b12215,DELETE,regular-file,build/js/node_modules/lodash/has.js,757,
06a3686542e6726047d48ec303d0494cf6838c1e,DELETE,regular-file,build/js/node_modules/lodash/hasIn.js,753,
dee9d1f1e7f6c6fbf19d7e5d2197db11311f0519,DELETE,regular-file,build/js/node_modules/lodash/head.js,415,
2d5d963cd29cbbaa2872e2dfe2b5d6e791124673,DELETE,regular-file,build/js/node_modules/lodash/identity.js,370,
f20728d92054791fa793b61d08b6f6b466c5f7bb,DELETE,regular-file,build/js/node_modules/lodash/inRange.js,1245,
ae0deedc9067477c56b240a90a0c39bbd0608307,DELETE,regular-file,build/js/node_modules/lodash/includes.js,1772,
5d063e21f339b48d9780806bcb02940b5ddbf413,DELETE,regular-file,build/js/node_modules/lodash/index.js,37,
3c644af2efcab16e03bcf8ed5dc6541fa112ba48,DELETE,regular-file,build/js/node_modules/lodash/indexOf.js,1240,
f47fc509285134341b45ffbddf47a6dfc2f4a370,DELETE,regular-file,build/js/node_modules/lodash/initial.js,461,
a94c13512a947b8255c9f47b5c94d117354ac7bd,DELETE,regular-file,build/js/node_modules/lodash/intersection.js,953,
31461aae5399ee26b2c0d5f3fa88ac5abb428d25,DELETE,regular-file,build/js/node_modules/lodash/intersectionBy.js,1467,
63cabfaa403dda404bb1415747d89f9db19cd27a,DELETE,regular-file,build/js/node_modules/lodash/intersectionWith.js,1388,
8c4795097bb25cc099a5e30631878b08f362e37d,DELETE,regular-file,build/js/node_modules/lodash/invert.js,1128,
3f4f7e532ca16ad824440fdea11cf68b62ccd3b2,DELETE,regular-file,build/js/node_modules/lodash/invertBy.js,1651,
97d51eb5bcc4e3e860deebc9029f19dc3ff59dcd,DELETE,regular-file,build/js/node_modules/lodash/invoke.js,634,
8da5126c6130ee4524ff00a9199b39c1bd4c7683,DELETE,regular-file,build/js/node_modules/lodash/invokeMap.js,1440,
8b9ed66cdde48e7e5500ebae5a04971a8f04d257,DELETE,regular-file,build/js/node_modules/lodash/isArguments.js,1026,
88ab55fd0aec2ed26d0cc56422a9cb9cda6d1aa2,DELETE,regular-file,build/js/node_modules/lodash/isArray.js,488,
12904a64b4cbf3bc84a89098aaf63e5150e35706,DELETE,regular-file,build/js/node_modules/lodash/isArrayBuffer.js,732,
0f9668056e5e95eb6fcd0823fa56cef3ab43651d,DELETE,regular-file,build/js/node_modules/lodash/isArrayLike.js,830,
6c4812a8d862d307ab0e58b8c91ca0d1ad64de1b,DELETE,regular-file,build/js/node_modules/lodash/isArrayLikeObject.js,742,
a43ed4b8fcff50042ea7d32e8325d19cfdab1577,DELETE,regular-file,build/js/node_modules/lodash/isBoolean.js,681,
c103cc74e792e7cf9d739d5e5f512e50882865ba,DELETE,regular-file,build/js/node_modules/lodash/isBuffer.js,1114,
7f0209fca768a4cc0a00b8ff5e75381369b3ec06,DELETE,regular-file,build/js/node_modules/lodash/isDate.js,642,
76ae29c3bfab6a2351129753e5657dc37ff785b9,DELETE,regular-file,build/js/node_modules/lodash/isElement.js,574,
3597294a477cd42f83ddfea74765f5036b7c0014,DELETE,regular-file,build/js/node_modules/lodash/isEmpty.js,2000,
5e23e76c942aa04df6446a0d246bfd9435769235,DELETE,regular-file,build/js/node_modules/lodash/isEqual.js,986,
21bdc7ffe361fb44d091649479484207c43ffdc3,DELETE,regular-file,build/js/node_modules/lodash/isEqualWith.js,1352,
b4f41e000dbef4b4b18a14d42ba2b1ff914419c1,DELETE,regular-file,build/js/node_modules/lodash/isError.js,961,
601842bc406e684a86922a16df99bb23da3fe252,DELETE,regular-file,build/js/node_modules/lodash/isFinite.js,793,
907a8cd8bf305f8e8907c16d0da77a3acbf701b6,DELETE,regular-file,build/js/node_modules/lodash/isFunction.js,993,
66aa87d573d71750b7cdd5b004df389b052cbf50,DELETE,regular-file,build/js/node_modules/lodash/isInteger.js,669,
3a95caa962554dfd35654d297e507200da1eaef2,DELETE,regular-file,build/js/node_modules/lodash/isLength.js,802,
44f8517eee7d7f4d03772b1293f712daf84a34f2,DELETE,regular-file,build/js/node_modules/lodash/isMap.js,613,
9773a18cd78b9aa39555cd762d6ba890efe281a3,DELETE,regular-file,build/js/node_modules/lodash/isMatch.js,1078,
187b6a61de55d0d6e24c8f2361bf75ce8a26a506,DELETE,regular-file,build/js/node_modules/lodash/isMatchWith.js,1329,
7d0d783bada2ce51046feb667b14b2d8011b20a2,DELETE,regular-file,build/js/node_modules/lodash/isNaN.js,911,
f0cb8d5800197a3012af8c7e3a31931da4161dd1,DELETE,regular-file,build/js/node_modules/lodash/isNative.js,1221,
79f05052c5ed9cb96f06515430ad4e490a0aa285,DELETE,regular-file,build/js/node_modules/lodash/isNil.js,426,
c0a374d7dc178a5b0c988b14ccfd6dff9c5d8b04,DELETE,regular-file,build/js/node_modules/lodash/isNull.js,381,
cd34ee4641081cb6ff21da4450d44cdc9109e744,DELETE,regular-file,build/js/node_modules/lodash/isNumber.js,886,
1dc893918b805e935dd995491de7b2d9144e9ee9,DELETE,regular-file,build/js/node_modules/lodash/isObject.js,733,
301716b5a5540c4654eee8cad7ba836361d189a9,DELETE,regular-file,build/js/node_modules/lodash/isObjectLike.js,614,
238737313f41f173f20c4c04112370b922e842db,DELETE,regular-file,build/js/node_modules/lodash/isPlainObject.js,1650,
76c9b6e9c3d442108dc4d3e2a6681c5a2080ecd3,DELETE,regular-file,build/js/node_modules/lodash/isRegExp.js,646,
2a48526e10d4a18db2981e0754cd6e99428a936a,DELETE,regular-file,build/js/node_modules/lodash/isSafeInteger.js,949,
ab88bdf81ad4ecfe5c55bf97165f88803c37d247,DELETE,regular-file,build/js/node_modules/lodash/isSet.js,613,
627eb9c384d1fcc0f00da194d2ea5bdbafbaaaa7,DELETE,regular-file,build/js/node_modules/lodash/isString.js,723,
dfb60b97f6623443f1f80f5d82de1867ff96ef0b,DELETE,regular-file,build/js/node_modules/lodash/isSymbol.js,682,
da3f8dd1982c742c840de8ee2a356d224e76f7b0,DELETE,regular-file,build/js/node_modules/lodash/isTypedArray.js,695,
377d121ab8e93d73cd135728ae20d478c89c4999,DELETE,regular-file,build/js/node_modules/lodash/isUndefined.js,416,
8d36f6638f380a1c8c1acf4e3d294fd6611c3af0,DELETE,regular-file,build/js/node_modules/lodash/isWeakMap.js,631,
e628b261cf68bc0f7bddae713874818c01c8d0ce,DELETE,regular-file,build/js/node_modules/lodash/isWeakSet.js,643,
61b73a8c050b5d4e8d453b783b2798c4386305ce,DELETE,regular-file,build/js/node_modules/lodash/iteratee.js,1700,
45de079ff27549ed81ef1a7b9fdd7fda35b4b68f,DELETE,regular-file,build/js/node_modules/lodash/join.js,693,
8a52be645556380fe01045cdb84782619bc640c8,DELETE,regular-file,build/js/node_modules/lodash/kebabCase.js,659,
acc007a0abfc03e6a12659df8f6446adc0233117,DELETE,regular-file,build/js/node_modules/lodash/keyBy.js,1194,
d143c7186f5efbf0525249f6fdc0d4833085cc42,DELETE,regular-file,build/js/node_modules/lodash/keys.js,884,
a62308f2c5b2d91881512dab6e5da9ea7490a25e,DELETE,regular-file,build/js/node_modules/lodash/keysIn.js,778,
a3962169abdc16e2da068366885dc543a994082a,DELETE,regular-file,build/js/node_modules/lodash/lang.js,2137,
cad1eafafa3bd0e4df1305e00801909f1e497221,DELETE,regular-file,build/js/node_modules/lodash/last.js,401,
dabfb613a5dd15fe42e82310f3dd80541824d6b8,DELETE,regular-file,build/js/node_modules/lodash/lastIndexOf.js,1358,
4131e936cd1e0521ac7be3a9d4bfb9f1fdb35462,DELETE,regular-file,build/js/node_modules/lodash/lodash.js,544098,
4219da738cbb17f96c30aeac5885ebef94ced1e4,DELETE,regular-file,build/js/node_modules/lodash/lodash.min.js,73015,
66c1f499f4151a34bbfae471c3c85c5c8274f9b3,DELETE,regular-file,build/js/node_modules/lodash/lowerCase.js,622,
c08f082b139af2f79d97ba8c2eda87712a90da60,DELETE,regular-file,build/js/node_modules/lodash/lowerFirst.js,470,
813866e4a0d49022603baad32937faa6e12ebcba,DELETE,regular-file,build/js/node_modules/lodash/lt.js,590,
382f6610d29185c5d3167c19aaa78eb6804fc462,DELETE,regular-file,build/js/node_modules/lodash/lte.js,629,
22efee7b356d88cbe6404faf049f79d61d91a5cd,DELETE,regular-file,build/js/node_modules/lodash/map.js,1621,
3b68797db0bb747459f51941e393e03533e94fa1,DELETE,regular-file,build/js/node_modules/lodash/mapKeys.js,1097,
4ec082514ef2b7c5180b63d1bf92d635019c2b35,DELETE,regular-file,build/js/node_modules/lodash/mapValues.js,1338,
e10b35198b851776bdf2b175327b31a9d1a5c7e7,DELETE,regular-file,build/js/node_modules/lodash/matches.js,1441,
e6f1a882d610a8de346f0538c6309d7e050a2514,DELETE,regular-file,build/js/node_modules/lodash/matchesProperty.js,1454,
596688748e02f9b998c45a56792082351c0f4a91,DELETE,regular-file,build/js/node_modules/lodash/math.js,482,
142ad8cfb1b55cf9531fd0fd61cafd1cdbd33a5a,DELETE,regular-file,build/js/node_modules/lodash/max.js,614,
2eba9c06ff34103a5dde960e340e682a633c0799,DELETE,regular-file,build/js/node_modules/lodash/maxBy.js,991,
e3ffff67c79b05dcd1d339b62679c0472163ba99,DELETE,regular-file,build/js/node_modules/lodash/mean.js,422,
b0316716fe4fcb7baf973e9b8d3172b88b1d736a,DELETE,regular-file,build/js/node_modules/lodash/meanBy.js,879,
d6035af1721e3bdaaeb6251faf555760bbedf3e0,DELETE,regular-file,build/js/node_modules/lodash/memoize.js,2224,
4bbc3a181ef064191857287cf53bcb59bf194020,DELETE,regular-file,build/js/node_modules/lodash/merge.js,1220,
1b43a2c4a30cedbd2fd86bd054f734e95d5bf12a,DELETE,regular-file,build/js/node_modules/lodash/mergeWith.js,1247,
23ec32d5570a365d1ef4a5c7b169ca80ce58bec1,DELETE,regular-file,build/js/node_modules/lodash/method.js,860,
df59b57f318a5450786b95aba12cc5e1f41df018,DELETE,regular-file,build/js/node_modules/lodash/methodOf.js,912,
428f571d741001e81ecc8eb621726f9573cd5a91,DELETE,regular-file,build/js/node_modules/lodash/min.js,614,
b2697e49a44d9f8dd1538a1f85c455476d7ffd29,DELETE,regular-file,build/js/node_modules/lodash/minBy.js,991,
6dc9674671851785f5ec8b77692f0f8cb69f4061,DELETE,regular-file,build/js/node_modules/lodash/mixin.js,2236,
d7876e1391a41428f979da797bdf3c74d7c65732,DELETE,regular-file,build/js/node_modules/lodash/multiply.js,530,
5a65cd1fb2f3ca2eda29b2e03ca07329872716e0,DELETE,regular-file,build/js/node_modules/lodash/negate.js,1079,
55f949c8cd5bfb55ec450315e4319828fbabaaae,DELETE,regular-file,build/js/node_modules/lodash/next.js,836,
3c0862ee62f072c084b3664555b42eac8c45622e,DELETE,regular-file,build/js/node_modules/lodash/noop.js,250,
44a05623f232912d7b3a1eb2a5ec78da400fbf5c,DELETE,regular-file,build/js/node_modules/lodash/now.js,520,
8a344dee560f1d5a255d2a2725def813657dc0e3,DELETE,regular-file,build/js/node_modules/lodash/nth.js,671,
09406ddf49af84cc34c4f39ad0a4ccb4b59948de,DELETE,regular-file,build/js/node_modules/lodash/nthArg.js,730,
c3b01008a67aa2a93a224e810e9e97cb3210e439,DELETE,regular-file,build/js/node_modules/lodash/number.js,120,
f046b05f758fc816113b7b7b9f737ed994bb3e2e,DELETE,regular-file,build/js/node_modules/lodash/object.js,1674,
97f5f546f816b87ad6b504d6799c34b3d36dc18b,DELETE,regular-file,build/js/node_modules/lodash/omit.js,1629,
a064036ebaf1b838a8d890809a4dbcc3c0fa2d25,DELETE,regular-file,build/js/node_modules/lodash/omitBy.js,854,
0706fc3cbb63a74eaecc61e675192655fe8b43a0,DELETE,regular-file,build/js/node_modules/lodash/once.js,665,
7195c8c737f2fbe937ef5d3c7ee5003c521415d1,DELETE,regular-file,build/js/node_modules/lodash/orderBy.js,1620,
bea2f91f8bbed91ffd462e28f5bc12e68ee31d0d,DELETE,regular-file,build/js/node_modules/lodash/over.js,558,
f0067dbd32f4dbc5f8d6bab944efcd77d1120ee9,DELETE,regular-file,build/js/node_modules/lodash/overArgs.js,1620,
fb19d13ed987e100a77c0cbeaf205b21aef7aee9,DELETE,regular-file,build/js/node_modules/lodash/overEvery.js,920,
414ab66b925d1aca98116d2c45b5d948e647def8,DELETE,regular-file,build/js/node_modules/lodash/overSome.js,1036,
77e1f1c1ab6c7a8582e83393adbdf1f0473da9b4,DELETE,regular-file,build/js/node_modules/lodash/pad.js,1289,
224eb80e99e1681af20db6d8f64c48a3f510182f,DELETE,regular-file,build/js/node_modules/lodash/padEnd.js,1017,
f991866bf36afce88464478e71cc1209e4dcb06b,DELETE,regular-file,build/js/node_modules/lodash/padStart.js,1026,
b89ac6394488f6a2ca0f4f8129d2bca9fe062985,DELETE,regular-file,build/js/node_modules/lodash/parseInt.js,1256,
05fe8d3c8ec6b1b1f98a342baa523bab9345566a,DELETE,regular-file,build/js/node_modules/lodash/partial.js,1566,
eee031f6d0f6453c4ba8f6aba7b30c8aecda8a55,DELETE,regular-file,build/js/node_modules/lodash/partialRight.js,1552,
6b814a9f2d1bda7d23e0118141567f35e7a3a566,DELETE,regular-file,build/js/node_modules/lodash/partition.js,1518,
3160199f0c87d094dc9e3b29662615b0f86f9a51,DELETE,regular-file,build/js/node_modules/lodash/pick.js,629,
ae7c271eacb3dafbd512d8317500acc8da519b11,DELETE,regular-file,build/js/node_modules/lodash/pickBy.js,1032,
23776f3238bd3798f0faa9c711477895d60c88c5,DELETE,regular-file,build/js/node_modules/lodash/plant.js,1016,
ca8202ff454baaf11708ae3869b1f19f892b8d28,DELETE,regular-file,build/js/node_modules/lodash/property.js,793,
384044d3f0f329d0d3898f4c2d73f3b03c8b4430,DELETE,regular-file,build/js/node_modules/lodash/propertyOf.js,732,
a2efcb5e10fc085b5656b1e0409663d721c42f97,DELETE,regular-file,build/js/node_modules/lodash/pull.js,758,
f4605c212ef8b1302ddd339c29be38f20a26510d,DELETE,regular-file,build/js/node_modules/lodash/pullAll.js,710,
74025e8f0e1071fc1d510339c7cb72e31ae59a59,DELETE,regular-file,build/js/node_modules/lodash/pullAllBy.js,1071,
1d2fd9f941cb0e50a59eb9ef18090dfac7ddc845,DELETE,regular-file,build/js/node_modules/lodash/pullAllWith.js,1029,
6ed84e064dd079c40211bfc0e5e4ee4b9d912237,DELETE,regular-file,build/js/node_modules/lodash/pullAt.js,1182,
8067711c2355e7c6da4b0b976be9857d8b49bf52,DELETE,regular-file,build/js/node_modules/lodash/random.js,2371,
fa63b091805e5446fbf1d21a18981f3f26e0467f,DELETE,regular-file,build/js/node_modules/lodash/range.js,1151,
271fafc98215b4f55360e3345b1395972b3c21af,DELETE,regular-file,build/js/node_modules/lodash/rangeRight.js,862,
a3e1970b8c30e3f4c5e1c1050039628db8907640,DELETE,regular-file,build/js/node_modules/lodash/rearg.js,1023,
5a1df4d041ac97d60e125e733dae16d9e68c54dd,DELETE,regular-file,build/js/node_modules/lodash/reduce.js,1806,
e06a7cb7b099fac7f0fe6cdbe8df1f31f1b381db,DELETE,regular-file,build/js/node_modules/lodash/reduceRight.js,1156,
a13e554740773192a7fe70aad71dab19eec85a55,DELETE,regular-file,build/js/node_modules/lodash/reject.js,1417,
87b1898e35d793df22a9c1212a8054be95a2ea72,DELETE,regular-file,build/js/node_modules/lodash/remove.js,1332,
f4d8c69a0553db19294b29c454f7f25badb89944,DELETE,regular-file,build/js/node_modules/lodash/repeat.js,893,
6e26ecd8273a3ac7799f8e84d9dfe768bdea5af3,DELETE,regular-file,build/js/node_modules/lodash/replace.js,754,
eaaad00b7bb7a4d29d033c852d4481d264ca4010,DELETE,regular-file,build/js/node_modules/lodash/rest.js,1182,
eae12500b41d87374ccbe626fbb99a4d4a17fe46,DELETE,regular-file,build/js/node_modules/lodash/result.js,1464,
21764afd665b80816f58e525ce30846ef5578ea6,DELETE,regular-file,build/js/node_modules/lodash/reverse.js,844,
fccc83101e79b15f6fdd32437450c95e2fde3d1a,DELETE,regular-file,build/js/node_modules/lodash/round.js,501,
39c356042a90fb284b846978820e518f574fa864,DELETE,regular-file,build/js/node_modules/lodash/sample.js,551,
a30368675192785c97194c809ce6e605c1e39812,DELETE,regular-file,build/js/node_modules/lodash/sampleSize.js,1068,
1570c2db7b3843e3791486b1f798b8bc59fdbdea,DELETE,regular-file,build/js/node_modules/lodash/seq.js,507,
d6630027f1296473d08683c6eada1696e8559c95,DELETE,regular-file,build/js/node_modules/lodash/set.js,960,
fb3e0f65a7e1be92cd9d40344ed8fa7530822e08,DELETE,regular-file,build/js/node_modules/lodash/setWith.js,1055,
2b72da7cd6dc634ea9e9175fdd28ac556173a427,DELETE,regular-file,build/js/node_modules/lodash/shuffle.js,678,
3561fc1010dce286306be36684cba8cd4ed70056,DELETE,regular-file,build/js/node_modules/lodash/size.js,1137,
f7324426a06b589ffe2feec2c2b184f564ad0b56,DELETE,regular-file,build/js/node_modules/lodash/slice.js,1032,
27f2a76764767b196ac9261741a51264eeec959d,DELETE,regular-file,build/js/node_modules/lodash/snakeCase.js,638,
9c1d08cc848ee7cfcdbd305c619f7aca197828e9,DELETE,regular-file,build/js/node_modules/lodash/some.js,1608,
d756aba6c5ebd3892532b53f825cf7b51e60ef24,DELETE,regular-file,build/js/node_modules/lodash/sortBy.js,1668,
e763473ac4ccd3fa7f69806fa3a9c643ed69ce68,DELETE,regular-file,build/js/node_modules/lodash/sortedIndex.js,626,
945f23cb0ac017fca26f28e981c266336eeeae0b,DELETE,regular-file,build/js/node_modules/lodash/sortedIndexBy.js,1060,
e2d3b7a3ddb5d09bab08442f46d7c666e31b426c,DELETE,regular-file,build/js/node_modules/lodash/sortedIndexOf.js,762,
9380cb9cbc6d65eed6f9d674076766a83e8435dd,DELETE,regular-file,build/js/node_modules/lodash/sortedLastIndex.js,679,
9225eeb3634d12ae62da46b2640e4120e2792673,DELETE,regular-file,build/js/node_modules/lodash/sortedLastIndexBy.js,1086,
18bc4c5d529467863f29d8e91219449fddaf7a48,DELETE,regular-file,build/js/node_modules/lodash/sortedLastIndexOf.js,770,
866db311e4e96831fbbffd89ed99bffa4e412827,DELETE,regular-file,build/js/node_modules/lodash/sortedUniq.js,513,
4f05ebe91b6ba07f90763f1fe83c09d2e958eab7,DELETE,regular-file,build/js/node_modules/lodash/sortedUniqBy.js,698,
956b48a15aa4be4d2a6bab3b17d28e68b4d817a4,DELETE,regular-file,build/js/node_modules/lodash/split.js,1550,
60a08e22e41338a5f2279db75697d052a499d5f0,DELETE,regular-file,build/js/node_modules/lodash/spread.js,1734,
a48f21ce9b3ddf44f699ad0bc45e9a3164f91c24,DELETE,regular-file,build/js/node_modules/lodash/startCase.js,714,
956c098a0cfcf2c42fdfce4e514e12b239d7e54a,DELETE,regular-file,build/js/node_modules/lodash/startsWith.js,1017,
2c829c16a1b66b8128945bbe414b3203772daf2d,DELETE,regular-file,build/js/node_modules/lodash/string.js,1168,
f460c15e323bf2cac824e4106be72d9555ecdc97,DELETE,regular-file,build/js/node_modules/lodash/stubArray.js,390,
9b346fce50a13673659b1b9440facc2e98b9cfc1,DELETE,regular-file,build/js/node_modules/lodash/stubFalse.js,280,
1d190a1d06217e20db490fdc22ed5ff0da6c4cc4,DELETE,regular-file,build/js/node_modules/lodash/stubObject.js,400,
2db0bed07347f77468d01236cf9d5f4e8ed22d6c,DELETE,regular-file,build/js/node_modules/lodash/stubString.js,290,
af3cc9edc7fdb78164d483b62fd0894d6479306f,DELETE,regular-file,build/js/node_modules/lodash/stubTrue.js,272,
67207785d9fb423b5d914663e05747fec32115d8,DELETE,regular-file,build/js/node_modules/lodash/subtract.js,511,
3b07ee40e77d0b1af9baf0d5052f952fea94028f,DELETE,regular-file,build/js/node_modules/lodash/sum.js,453,
00e36d00ed630aa180cff923510d2eda6080c2b3,DELETE,regular-file,build/js/node_modules/lodash/sumBy.js,908,
001c22d0fdf62b007d00e37f12a990c02655d21f,DELETE,regular-file,build/js/node_modules/lodash/tail.js,457,
b7da712ffe5549bb0b9174d91e143a6d5aad2e71,DELETE,regular-file,build/js/node_modules/lodash/take.js,851,
6c375060eb7fb14a8c50ece06488479c7cdc5817,DELETE,regular-file,build/js/node_modules/lodash/takeRight.js,930,
94ab783d79858b3c93239b6bcbd9d8ee7e4f7f14,DELETE,regular-file,build/js/node_modules/lodash/takeRightWhile.js,1376,
e88f5910d3c49dbf2e840551c876487b17a8f7d3,DELETE,regular-file,build/js/node_modules/lodash/takeWhile.js,1335,
d00728525ee69cb0ecb6c76e5cc77aca5619e007,DELETE,regular-file,build/js/node_modules/lodash/tap.js,703,
5c6d6f49909f17d78954cda23108478935ce5820,DELETE,regular-file,build/js/node_modules/lodash/template.js,10441,
5aa5924fabd659f50e9c9b540b56f370671a95f2,DELETE,regular-file,build/js/node_modules/lodash/templateSettings.js,1411,
e2bb806bc8a1135dc0b3c605c0fec775f0631a59,DELETE,regular-file,build/js/node_modules/lodash/throttle.js,2709,
91e132e52cff00d6f7fde517b53846f51c50c136,DELETE,regular-file,build/js/node_modules/lodash/thru.js,674,
266c90c68168d9965305052ae9a8adc431908730,DELETE,regular-file,build/js/node_modules/lodash/times.js,1367,
98095848e7386c6c8840d850dbc7f5c29bc03ffe,DELETE,regular-file,build/js/node_modules/lodash/toArray.js,1406,
3b5bba6b4ede245036e95acf7f791e3d9aa8d269,DELETE,regular-file,build/js/node_modules/lodash/toFinite.js,868,
c6aadf8f942e1848bd19145e6078da46ecb8eb55,DELETE,regular-file,build/js/node_modules/lodash/toInteger.js,760,
beeed5d55c668c0b39cb02146bd64ea8c6cf4b9e,DELETE,regular-file,build/js/node_modules/lodash/toIterator.js,403,
5e751a2c32e8af5daf5f5a380ae73914cb0a86f1,DELETE,regular-file,build/js/node_modules/lodash/toJSON.js,44,
be8f2a7446531d09dc9e440280a675c1fbda4e9e,DELETE,regular-file,build/js/node_modules/lodash/toLength.js,868,
b4b7858eb03992ef2d32546bf09c112e0a461838,DELETE,regular-file,build/js/node_modules/lodash/toLower.js,592,
cf46f10de351d383b850379b9e30c21babcaa933,DELETE,regular-file,build/js/node_modules/lodash/toNumber.js,1519,
c4f52ae00e0714b785554e4b9eae67a535596812,DELETE,regular-file,build/js/node_modules/lodash/toPairs.js,699,
32c562ca7cb235f72a22ac6bf1512a21d693c75a,DELETE,regular-file,build/js/node_modules/lodash/toPairsIn.js,737,
d3e96eea980acbec55395e7599ee2f55b8725066,DELETE,regular-file,build/js/node_modules/lodash/toPath.js,804,
5de79b8b3cd9a73ff8254d27f4487a616b84d349,DELETE,regular-file,build/js/node_modules/lodash/toPlainObject.js,744,
f564623d1f75488f951bc62aaf03c445300baf3c,DELETE,regular-file,build/js/node_modules/lodash/toSafeInteger.js,836,
daaf681c9144f6e3f72a0cef77750b71e2c7621c,DELETE,regular-file,build/js/node_modules/lodash/toString.js,580,
b3648e8bf9cd4422ef80bdd8413fb1ac18216380,DELETE,regular-file,build/js/node_modules/lodash/toUpper.js,592,
d755a15489894743c8eee39df8c3c81979fd6cec,DELETE,regular-file,build/js/node_modules/lodash/transform.js,2280,
13a6ad7499ced78d1870378efcc9cc8b10f6da47,DELETE,regular-file,build/js/node_modules/lodash/trim.js,1381,
8dcd49363d8f74e2931cad3b6d60b98847c337bb,DELETE,regular-file,build/js/node_modules/lodash/trimEnd.js,1216,
6cba766a1915c5e5cb13a4886d51584bdbbcf9ab,DELETE,regular-file,build/js/node_modules/lodash/trimStart.js,1228,
21fcdfef6ecd48b0fde42be0bb729ab940766fe6,DELETE,regular-file,build/js/node_modules/lodash/truncate.js,3357,
76f48f6e35fd52be81f4882d9f48d81f1886b478,DELETE,regular-file,build/js/node_modules/lodash/unary.js,469,
3b6efd583a408d99db539111c60f7369d433c0f2,DELETE,regular-file,build/js/node_modules/lodash/unescape.js,1056,
e676dfe493c31135e606dfac1c8485d623ae05ec,DELETE,regular-file,build/js/node_modules/lodash/union.js,749,
6ae8ccd6ef8e3411f52be5f1bdddafcce5a46e5f,DELETE,regular-file,build/js/node_modules/lodash/unionBy.js,1320,
78736b27cda71f3a69e847fa821e6ab4a063682f,DELETE,regular-file,build/js/node_modules/lodash/unionWith.js,1255,
157d1cd3800b5af9049203e5b1f254ec732bbc63,DELETE,regular-file,build/js/node_modules/lodash/uniq.js,688,
53402a9bf8b846307eb4f3bab98bece1826412b5,DELETE,regular-file,build/js/node_modules/lodash/uniqBy.js,1013,
18d72aabcdc96127c5523daeb776ec3ca1f1fa0c,DELETE,regular-file,build/js/node_modules/lodash/uniqWith.js,958,
ffa8c034722f51ccb47fc4df07cb26cfc4cf2052,DELETE,regular-file,build/js/node_modules/lodash/uniqueId.js,562,
723c3d44b2c9ad73003ccd65aee5f448b112bc15,DELETE,regular-file,build/js/node_modules/lodash/unset.js,804,
fce0ec78d1090f74ada6b01719806a388e494fb1,DELETE,regular-file,build/js/node_modules/lodash/unzip.js,1282,
926c8993d904bf45f3d46600829cbce98d4bb321,DELETE,regular-file,build/js/node_modules/lodash/unzipWith.js,1049,
b90098e6da98ca9b161c984b474e6233248ca1ef,DELETE,regular-file,build/js/node_modules/lodash/update.js,1076,
a2f4a2cfbf11425c849e28cafda2b9179f0f0f6e,DELETE,regular-file,build/js/node_modules/lodash/updateWith.js,1187,
efbb8b06cf4c9ee773d925c91e22b25e92c2f3b7,DELETE,regular-file,build/js/node_modules/lodash/upperCase.js,620,
1dd64e135613349b7d39538d81be82c26d419ba1,DELETE,regular-file,build/js/node_modules/lodash/upperFirst.js,470,
d244dc27efe8899ec62374ba43a2f7d2893123b4,DELETE,regular-file,build/js/node_modules/lodash/util.js,1177,
5e751a2c32e8af5daf5f5a380ae73914cb0a86f1,DELETE,regular-file,build/js/node_modules/lodash/value.js,44,
5e751a2c32e8af5daf5f5a380ae73914cb0a86f1,DELETE,regular-file,build/js/node_modules/lodash/valueOf.js,44,
b069654181ee543a19c1a6d2ba38f521273dff7d,DELETE,regular-file,build/js/node_modules/lodash/values.js,733,
6296094207986fefd07d9cd60be6f64213f3e06a,DELETE,regular-file,build/js/node_modules/lodash/valuesIn.js,723,
3a28e8ae4cc84442326dd18990f451856d008b60,DELETE,regular-file,build/js/node_modules/lodash/without.js,858,
6d7cdd1857fe35e3998aaa900894ead24181e456,DELETE,regular-file,build/js/node_modules/lodash/words.js,1031,
cad3c501d8389da9cb8af311a984d35e931a7f7b,DELETE,regular-file,build/js/node_modules/lodash/wrap.js,871,
6f6a1d0806b1640ce905de7cca421c99186cd3b6,DELETE,regular-file,build/js/node_modules/lodash/wrapperAt.js,1341,
bda2ce69c97c1fdf204325be37dd3b1f19aebfac,DELETE,regular-file,build/js/node_modules/lodash/wrapperChain.js,706,
bd6e8ad9ab3b2f908bd350767242bbdcaa4f89a8,DELETE,regular-file,build/js/node_modules/lodash/wrapperLodash.js,6942,
e93112a21acea3544bb290504b1b81950a820a5b,DELETE,regular-file,build/js/node_modules/lodash/wrapperReverse.js,1019,
f56c2dadedbf291ac18b3a663c1067cfe9a15cf0,DELETE,regular-file,build/js/node_modules/lodash/wrapperValue.js,455,
d4d286045fe2c33b732b0c19f39f94d5ca817d0d,DELETE,regular-file,build/js/node_modules/lodash/xor.js,811,
e0478950c669d70ebe38be1bebaa17e31bc80ddb,DELETE,regular-file,build/js/node_modules/lodash/xorBy.js,1301,
e3a8ac67febe5732d050ab7864635179f324d35d,DELETE,regular-file,build/js/node_modules/lodash/xorWith.js,1222,
c800ab3d10f8bb0ca4d34c90c876699a4c8048aa,DELETE,regular-file,build/js/node_modules/lodash/zip.js,609,
23fdf1417d1d52a9ea5ef0fae850badc7db54607,DELETE,regular-file,build/js/node_modules/lodash/zipObject.js,664,
7c858f844f4910eeb3c48d9361931533b0a77f5f,DELETE,regular-file,build/js/node_modules/lodash/zipObjectDeep.js,643,
d7a1f91971e0c62b54f07ee9f7bbce019fe38f59,DELETE,regular-file,build/js/node_modules/lodash/zipWith.js,960,
a66f8ec44ebecaa7cf50e7f416f8101911794b2a,DELETE,regular-file,build/js/node_modules/log-symbols/browser.js,108,
12347e0946b28c0756c850fcf3cce3d643eaa2f8,DELETE,regular-file,build/js/node_modules/log-symbols/index.js,427,
db561cd2f212affd30ecf1a934b8d1048a015fbc,DELETE,regular-file,build/js/node_modules/log4js/lib/LoggingEvent.js,4451,
648c3621b215399ed0f6358ccda28fa41523bb8d,DELETE,regular-file,build/js/node_modules/log4js/lib/appenders/adapters.js,1239,
e3373c1119d10db2421616111c378d907481f364,DELETE,regular-file,build/js/node_modules/log4js/lib/appenders/categoryFilter.js,598,
2e2efa612cd505aba3cd6c9bee6eb3809bcdafca,DELETE,regular-file,build/js/node_modules/log4js/lib/appenders/console.js,494,
36811b347b93f9f605903ec647b6d0d18515f0e1,DELETE,regular-file,build/js/node_modules/log4js/lib/appenders/dateFile.js,2149,
379e3e6738703418d471fead51fa35416b38858f,DELETE,regular-file,build/js/node_modules/log4js/lib/appenders/file.js,4139,
5f22dd641c042d871beb4cca6285d8b91998b337,DELETE,executable,build/js/node_modules/log4js/lib/appenders/fileSync.js,6569,
e69de29bb2d1d6434b8b29ae775ad8c2e48c5391,DELETE,regular-file,build/js/node_modules/log4js/lib/appenders/ignoreBrowser.js,0,
aa81599ca0055462782808e481ac94fb5c5e817b,DELETE,regular-file,build/js/node_modules/log4js/lib/appenders/index.js,5730,
2e759cd04da403be1137f8d48a5b6c2fba4c40ef,DELETE,regular-file,build/js/node_modules/log4js/lib/appenders/logLevelFilter.js,640,
1a0746fcafdc636d369c38a4cf15b5cb36f480d5,DELETE,regular-file,build/js/node_modules/log4js/lib/appenders/multiFile.js,2747,
06d9fb5265ae58ce9740712187ef9d46850277ee,DELETE,regular-file,build/js/node_modules/log4js/lib/appenders/multiprocess.js,5354,
82129ccf59de299ecd3bc2ea2d432c365313467c,DELETE,regular-file,build/js/node_modules/log4js/lib/appenders/noLogFilter.js,1327,
ca90e0701c2d8e60a7f8b04deb6f1aa8c202c30b,DELETE,regular-file,build/js/node_modules/log4js/lib/appenders/recording.js,509,
690d1df86985f04b4c8483e8680c16a23196f9f0,DELETE,regular-file,build/js/node_modules/log4js/lib/appenders/stderr.js,423,
9f78b9f4f95efad74793a20aff8dd27f7fad7780,DELETE,regular-file,build/js/node_modules/log4js/lib/appenders/stdout.js,416,
3459c3118532e9788139a36e0d3e5dee2b5302e6,DELETE,regular-file,build/js/node_modules/log4js/lib/appenders/tcp-server.js,1286,
5a9854a38d9330eeeb37923484d1bdedbe95844b,DELETE,regular-file,build/js/node_modules/log4js/lib/appenders/tcp.js,2216,
10ed016afe5cf398f5b34d481c34dcc4517cf455,DELETE,regular-file,build/js/node_modules/log4js/lib/categories.js,7116,
ba445e79afc778ba87b671e8729abc257b5f5cdd,DELETE,regular-file,build/js/node_modules/log4js/lib/clustering.js,3161,
fcae301900766366617c1e49594336283e106d50,DELETE,regular-file,build/js/node_modules/log4js/lib/clusteringBrowser.js,481,
e02a4e55fca1c2a4cc9439e07557a31e2c830180,DELETE,regular-file,build/js/node_modules/log4js/lib/configuration.js,1748,
b9a64b81f41ba698b99f9b997b1eecbd8c3462a8,DELETE,executable,build/js/node_modules/log4js/lib/connect-logger.js,9292,
13f0cf17de5f53f333f35e120eaf93ef44c8ca3b,DELETE,regular-file,build/js/node_modules/log4js/lib/layouts.js,13667,
4d319c8c29c8134674d0d3b7180a4d1182ef01a1,DELETE,regular-file,build/js/node_modules/log4js/lib/levels.js,4249,
a18502fccfe28144240d4392b5fa63f9c0d794a5,DELETE,regular-file,build/js/node_modules/log4js/lib/log4js.js,4946,
b21f9e1e38a1b19f251bbb33a81795a135f1c5d0,DELETE,regular-file,build/js/node_modules/log4js/lib/logger.js,6744,
5993451b82e6b27d981e202b349641816d867ccf,DELETE,regular-file,build/js/node_modules/log4js/node_modules/debug/src/browser.js,6103,
141cb578b7722324d8e1799b2a41bac473f6a9c1,DELETE,regular-file,build/js/node_modules/log4js/node_modules/debug/src/common.js,6915,
bf4c57f259df2e16761b45e2636db307c89ba419,DELETE,regular-file,build/js/node_modules/log4js/node_modules/debug/src/index.js,314,
715560a4ca8fb4c8dd6353eafdde6e83af28f05e,DELETE,regular-file,build/js/node_modules/log4js/node_modules/debug/src/node.js,4728,
a751424cdcdd37aab366b9ed966e1ed9651308f5,DELETE,regular-file,build/js/node_modules/math-intrinsics/abs.js,73,
cfc6affd0ab67ba717dfd79219fdf32716d07d0e,DELETE,regular-file,build/js/node_modules/math-intrinsics/constants/maxArrayLength.js,110,
b568ad393bd22da735d31af78462946a86d720f8,DELETE,regular-file,build/js/node_modules/math-intrinsics/constants/maxSafeInteger.js,231,
a2202dc39767adad11f1df67b2ffabba8aaf9cbd,DELETE,regular-file,build/js/node_modules/math-intrinsics/constants/maxValue.js,197,
ab0e5d7dcd43056d5d5288de0d08ca4177efb2db,DELETE,regular-file,build/js/node_modules/math-intrinsics/floor.js,77,
b201a5a523ed18bde69edd3b3deff3b63c463120,DELETE,regular-file,build/js/node_modules/math-intrinsics/isFinite.js,262,
4b1b9a56d1bba183cc75a616ece707489901d4a8,DELETE,regular-file,build/js/node_modules/math-intrinsics/isInteger.js,410,
e36475cf878ca6beda4dfd1cd3881759b72270c6,DELETE,regular-file,build/js/node_modules/math-intrinsics/isNaN.js,121,
b69adcc5a7f190f38c6907584432368e77d097d0,DELETE,regular-file,build/js/node_modules/math-intrinsics/isNegativeZero.js,143,
edb55dfbca86a881da139244122c4f734d6a5844,DELETE,regular-file,build/js/node_modules/math-intrinsics/max.js,73,
5a4a7c7149a79f113c536e08888acc70213674e8,DELETE,regular-file,build/js/node_modules/math-intrinsics/min.js,73,
4a98362baf165d9190ab6bc7b627daeaad6fac8c,DELETE,regular-file,build/js/node_modules/math-intrinsics/mod.js,218,
c0a4103811f69cdfefb43e1fd0a5a866da3c0cd9,DELETE,regular-file,build/js/node_modules/math-intrinsics/pow.js,73,
b79215663a657631fd01aef3d95dbffac635b707,DELETE,regular-file,build/js/node_modules/math-intrinsics/round.js,77,
9e5173c80da67de620a9b3a769936d77bf68ba73,DELETE,regular-file,build/js/node_modules/math-intrinsics/sign.js,214,
0f90a5dc0f5f107d65a4b8d3f79711b8b1d5a6f7,DELETE,regular-file,build/js/node_modules/math-intrinsics/test/index.js,6320,
07f7295ee780fbfb881b953e92f79e49fe00f08c,DELETE,regular-file,build/js/node_modules/media-typer/index.js,6375,
884bfecce5cd7a0b571dc78d769b1b164b840351,DELETE,regular-file,build/js/node_modules/memfs/lib/Dirent.js,1347,
64ad6d00f76ab6cb0fe5afc4332e33e50bf157e0,DELETE,regular-file,build/js/node_modules/memfs/lib/Stats.js,2246,
e50734284330b3fef7a21f93630efa333efd35d1,DELETE,regular-file,build/js/node_modules/memfs/lib/constants.js,1048,
c506913f0b13eba8fb2e0d2a9184984e09f7ad13,DELETE,regular-file,build/js/node_modules/memfs/lib/encoding.js,835,
d6eb584f99437245723f763856a2f22826341be4,DELETE,regular-file,build/js/node_modules/memfs/lib/getBigInt.js,191,
0cea2de7536f538e76c6b923502a86c069086474,DELETE,regular-file,build/js/node_modules/memfs/lib/index.js,2077,
f1d49fed5a83e727e5fd0392d8918ada39cc9e0c,DELETE,regular-file,build/js/node_modules/memfs/lib/internal/buffer.js,614,
4a93c09a478248068ffc5fbb80e3d7b937c8a7a1,DELETE,regular-file,build/js/node_modules/memfs/lib/internal/errors.js,10655,
2666ad2130f3b1067bafed8e1eff274601e95334,DELETE,regular-file,build/js/node_modules/memfs/lib/node.js,12365,
554f4913a2b5a062420e1260a0db69fc2e15038d,DELETE,regular-file,build/js/node_modules/memfs/lib/node/FileHandle.js,1778,
be9eb478d5a3fad18d9884f1cc9d263f88fae9f0,DELETE,regular-file,build/js/node_modules/memfs/lib/node/promises.js,3515,
c8ad2e549bdc6801e0d1c80b0308d4b9bd4985ce,DELETE,regular-file,build/js/node_modules/memfs/lib/node/types/callback.js,77,
c8ad2e549bdc6801e0d1c80b0308d4b9bd4985ce,DELETE,regular-file,build/js/node_modules/memfs/lib/node/types/index.js,77,
c8ad2e549bdc6801e0d1c80b0308d4b9bd4985ce,DELETE,regular-file,build/js/node_modules/memfs/lib/node/types/misc.js,77,
c8ad2e549bdc6801e0d1c80b0308d4b9bd4985ce,DELETE,regular-file,build/js/node_modules/memfs/lib/node/types/options.js,77,
c8ad2e549bdc6801e0d1c80b0308d4b9bd4985ce,DELETE,regular-file,build/js/node_modules/memfs/lib/node/types/promises.js,77,
c8ad2e549bdc6801e0d1c80b0308d4b9bd4985ce,DELETE,regular-file,build/js/node_modules/memfs/lib/node/types/sync.js,77,
83191ac26af6368b946c968a81270233b1634edb,DELETE,regular-file,build/js/node_modules/memfs/lib/node/util.js,436,
38546ac5fd5b2b8f5e04aace3fd741e30f649754,DELETE,regular-file,build/js/node_modules/memfs/lib/process.js,1169,
aae07aabdaea46c1efeadfb4ef68d1af430b4408,DELETE,regular-file,build/js/node_modules/memfs/lib/setImmediate.js,364,
4bc43c2dfd7651fe1b2a08c1fb1496f9a34ac3f6,DELETE,regular-file,build/js/node_modules/memfs/lib/setTimeoutUnref.js,495,
3ae04ccbea3f7f97a281a4d8a7394bd2587a10a4,DELETE,regular-file,build/js/node_modules/memfs/lib/volume-localstorage.js,2118,
09065f4ee68eda8c8fb8764c02b86c3126cc7f68,DELETE,regular-file,build/js/node_modules/memfs/lib/volume.js,82111,
f22ebab4c6b9c11ff31cce8ccadcca0b11a1c4e5,DELETE,regular-file,build/js/node_modules/merge-descriptors/index.js,1218,
b1a9e1a02e202baa4e2e0d5e81e14c5c9fd981b4,DELETE,regular-file,build/js/node_modules/merge-stream/index.js,885,
5aa06acca7aed08dffcbe9590b55c16aa913befa,DELETE,regular-file,build/js/node_modules/meshoptimizer/benchmark.js,2282,
dcdc56e75de695aad72421cd2e5201617a478c41,DELETE,regular-file,build/js/node_modules/meshoptimizer/index.js,245,
48547d90ae95ff2562fd1810f0638d9fb207e591,DELETE,regular-file,build/js/node_modules/meshoptimizer/index.module.js,138,
c712badf4d55c72c17cfebed3869b5d613605111,DELETE,regular-file,build/js/node_modules/meshoptimizer/meshopt_decoder.js,23379,
a2f24735a2dbb8db35629c488f0aafb9580f1104,DELETE,regular-file,build/js/node_modules/meshoptimizer/meshopt_decoder.module.js,23012,
6f9889b563122a7a76403027cb6505203195d139,DELETE,regular-file,build/js/node_modules/meshoptimizer/meshopt_decoder.test.js,9093,
92c693d578e4e8195e788aae9f78a01b85b61763,DELETE,regular-file,build/js/node_modules/meshoptimizer/meshopt_decoder_reference.js,11846,
cecfe5760dc7e2cdfea36550e6a3775f133c95e9,DELETE,regular-file,build/js/node_modules/meshoptimizer/meshopt_encoder.js,17253,
9a20e5ec56b026ad37d7473dabd95907ba9a994c,DELETE,regular-file,build/js/node_modules/meshoptimizer/meshopt_encoder.module.js,16867,
dcde4d17159fe29c0532f472864e7820a83f7596,DELETE,regular-file,build/js/node_modules/meshoptimizer/meshopt_encoder.test.js,5119,
422caa2ec07abb787c935e031a40aaf537e70e64,DELETE,regular-file,build/js/node_modules/meshoptimizer/meshopt_simplifier.js,16066,
8e6cb44678a2de67f71eb6a6318b196f2ca835fc,DELETE,regular-file,build/js/node_modules/meshoptimizer/meshopt_simplifier.module.js,15662,
b8a76d192f35e23bfab30c81d2cc300ffa7c8ae2,DELETE,regular-file,build/js/node_modules/meshoptimizer/meshopt_simplifier.test.js,2508,
667a50bde7d852359b1ebd9fa8ea8b8582bc64ac,DELETE,regular-file,build/js/node_modules/methods/index.js,1040,
cb9d9ef3a6cb47647b85e680df74790cbb6daa13,DELETE,regular-file,build/js/node_modules/micromatch/index.js,13898,
ec2be30de1663c20ea2166f33a583c9c0b84d029,DELETE,regular-file,build/js/node_modules/mime-db/index.js,189,
b9f34d5991077fe9fadc7d9187a7225db7e58fca,DELETE,regular-file,build/js/node_modules/mime-types/index.js,3663,
969a66e41fbb6d7265562a657cb24b4e761969ee,DELETE,regular-file,build/js/node_modules/mime/Mime.js,2892,
ab70a49c41aeaee64a44a3667094710dbad2efb0,DELETE,executable,build/js/node_modules/mime/cli.js,1196,
fadcf8d63cb0b5715ba96973aff5e610d7dd8e43,DELETE,regular-file,build/js/node_modules/mime/index.js,127,
835cffb306af16997634451de30b4fc2c08bca76,DELETE,regular-file,build/js/node_modules/mime/lite.js,101,
bb6a03533836c9943d4a438968316ed733b0a43c,DELETE,regular-file,build/js/node_modules/mime/types/other.js,25894,
5ee9937eb07c761e211ce3e96292f51a6132a3b7,DELETE,regular-file,build/js/node_modules/mime/types/standard.js,9530,
1a597051750da2eefa0369c6d3b48b3ce8ad2682,DELETE,regular-file,build/js/node_modules/mimic-fn/index.js,300,
70b4ea5bba0a5daf39f735d6411f05333be0dff4,DELETE,regular-file,build/js/node_modules/minimalistic-assert/index.js,252,
fda45ade7cfc351fbcd76877d50b4b5f643c37a3,DELETE,regular-file,build/js/node_modules/minimatch/minimatch.js,26266,
bd19fe685f68822df8d00bde928b5494c53cca74,DELETE,regular-file,build/js/node_modules/minimatch/node_modules/brace-expansion/index.js,4797,
9d90ffb2642b4caddde1ec6fb0cff2e78192bb09,DELETE,regular-file,build/js/node_modules/minimist/example/parse.js,84,
f020f3940e129c361dc89226efaf8775a4af8752,DELETE,regular-file,build/js/node_modules/minimist/index.js,6196,
befa0c99769080972260dac9e4a77630857000f2,DELETE,regular-file,build/js/node_modules/minimist/test/all_bool.js,675,
e58d47e442ce127bfe5703b6b64d14c3e4511223,DELETE,regular-file,build/js/node_modules/minimist/test/bool.js,3575,
707881771e275240a0e0d6d4d2fb8d31a564d74f,DELETE,regular-file,build/js/node_modules/minimist/test/dash.js,1245,
4e9f6250f08ea8e005b66729630660a3db195566,DELETE,regular-file,build/js/node_modules/minimist/test/default_bool.js,713,
126ff033b4237334be18dafed9f2b4636f684d2d,DELETE,regular-file,build/js/node_modules/minimist/test/dotted.js,586,
6d1b53a7a7ee1fcbeb9b12c9804f83ff90f46ccd,DELETE,regular-file,build/js/node_modules/minimist/test/kv_short.js,660,
9fef51f1fa8d9bf8ef9e92ad2ce5742f009ab941,DELETE,regular-file,build/js/node_modules/minimist/test/long.js,649,
074393ecaf1705b9a6170c35ad23d55df943f306,DELETE,regular-file,build/js/node_modules/minimist/test/num.js,792,
65d9d90927b91baa152a32e1485479307f1acf44,DELETE,regular-file,build/js/node_modules/minimist/test/parse.js,4086,
32965d130fbd4f59b9a6e12488cf18901004d1f8,DELETE,regular-file,build/js/node_modules/minimist/test/parse_modified.js,237,
6e629dd34ef0942c19c4d124542f5f030c228ae4,DELETE,regular-file,build/js/node_modules/minimist/test/proto.js,1741,
4a7b84385bbfdc74314f5e8f7cc4c36afd52b8bd,DELETE,regular-file,build/js/node_modules/minimist/test/short.js,1295,
52a6a91903028d5230729df63afcdb80d79b0c68,DELETE,regular-file,build/js/node_modules/minimist/test/stop_early.js,312,
4f2e0ca447f4ccc2fb7ba4df3876bf45d3f0423a,DELETE,regular-file,build/js/node_modules/minimist/test/unknown.js,2106,
4fdaf1d3943f5a16b9d76af9cd7bbc82f2f54b54,DELETE,regular-file,build/js/node_modules/minimist/test/whitespace.js,194,
d95de15ae9743fc3b9e901d6fa6e8e1876c630cf,DELETE,executable,build/js/node_modules/mkdirp/bin/cmd.js,731,
0890ac3bd6a8833dad7e8e8926cb69b3a54a2a47,DELETE,regular-file,build/js/node_modules/mkdirp/index.js,2825,
fb58e65fcd8ffa7b6b341b297dd350efd4286497,DELETE,executable,build/js/node_modules/mocha/bin/mocha.js,4009,
4e6f9e939a9a9e3d6c6c78220ed48a9758038771,DELETE,regular-file,build/js/node_modules/mocha/browser-entry.js,5046,
d2b7d196097f84e10e42c73903c2a6b44756319e,DELETE,regular-file,build/js/node_modules/mocha/index.js,56,
d98896e7896475e89356fb01a4bc0dc8b9e71cbe,DELETE,regular-file,build/js/node_modules/mocha/lib/browser/highlight-tags.js,1016,
3a7ac1abc07e2fe30990de0556c60b73cc7d4f7d,DELETE,regular-file,build/js/node_modules/mocha/lib/browser/parse-query.js,506,
b1b535408174dc0ec6273859e7b0ae3e6b9e0962,DELETE,executable,build/js/node_modules/mocha/lib/cli/cli.js,2923,
73f5d2e95aae7a46d965c6e425ae7e2b3e02696a,DELETE,regular-file,build/js/node_modules/mocha/lib/cli/collect-files.js,4074,
e3238f701beb4657d1c728f092d5055f8df07eb4,DELETE,regular-file,build/js/node_modules/mocha/lib/cli/commands.js,233,
ac719833cf7a5bbd988a931f69c53d7fef1d0763,DELETE,regular-file,build/js/node_modules/mocha/lib/cli/config.js,2624,
f20314ea99c28734381461e0bfa01c25ef975719,DELETE,regular-file,build/js/node_modules/mocha/lib/cli/index.js,50,
3847aff86cbed3e25ce6240d4c07cfc04b11d105,DELETE,regular-file,build/js/node_modules/mocha/lib/cli/init.js,958,
7b3cdd1e65b3798fa9132e8d4a8d384d74a215a9,DELETE,regular-file,build/js/node_modules/mocha/lib/cli/lookup-files.js,4277,
25ca2669c512feaf5e37e0922dbed175ae21ed77,DELETE,regular-file,build/js/node_modules/mocha/lib/cli/node-flags.js,2844,
21bad6fda42f94583ce2b93c4c7dc2388e0a0ce6,DELETE,regular-file,build/js/node_modules/mocha/lib/cli/one-and-dones.js,1549,
d238737d37a34378dab9700ad805a47ecfb465a6,DELETE,regular-file,build/js/node_modules/mocha/lib/cli/options.js,7755,
ec65829f148b5fb84471fdeb21b110dffe459c80,DELETE,regular-file,build/js/node_modules/mocha/lib/cli/run-helpers.js,8821,
83aa70dd7ace9b04d692bacae595e28a3a541c38,DELETE,regular-file,build/js/node_modules/mocha/lib/cli/run-option-metadata.js,2237,
206e3305d0c10130bf75b69ca66811ec56e4401c,DELETE,regular-file,build/js/node_modules/mocha/lib/cli/run.js,11012,
6d5c6c26a7cc95b40edb220def88782dfdbf4354,DELETE,regular-file,build/js/node_modules/mocha/lib/cli/watch-run.js,10769,
388d308272077f457d22be540fbf5aec8cc42c10,DELETE,regular-file,build/js/node_modules/mocha/lib/context.js,1440,
bcc7291c994cacfec772d1ab62d0f206cb9780dc,DELETE,regular-file,build/js/node_modules/mocha/lib/errors.js,15639,
862271e735a3790733a2f29daac5f98fbadc48f3,DELETE,regular-file,build/js/node_modules/mocha/lib/hook.js,1787,
40581617cc8852af9114f6710e01b74c0929a8f1,DELETE,regular-file,build/js/node_modules/mocha/lib/interfaces/bdd.js,2512,
ba8b5f85ed56fa2e1846c5cafed19e3201006c2f,DELETE,regular-file,build/js/node_modules/mocha/lib/interfaces/common.js,4803,
79b762b5a9d712c8eaa5d30905323a630563d97b,DELETE,regular-file,build/js/node_modules/mocha/lib/interfaces/exports.js,1428,
0bd810abb7cbf3b7b99b2a820fbaa719ecc4fbd8,DELETE,regular-file,build/js/node_modules/mocha/lib/interfaces/index.js,155,
8f5434c24457ef88b902a32d4258b18e2c71c5ba,DELETE,regular-file,build/js/node_modules/mocha/lib/interfaces/qunit.js,2135,
8b7b1d57fae9a44591118a91fc8b0978cf21fb5f,DELETE,regular-file,build/js/node_modules/mocha/lib/interfaces/tdd.js,2341,
c6ee248561b00c98237b3e642baf5ad88eb6e781,DELETE,regular-file,build/js/node_modules/mocha/lib/mocha.js,38612,
fe4abf945ec723e9f73cc47449bea33c87066951,DELETE,regular-file,build/js/node_modules/mocha/lib/nodejs/buffered-worker-pool.js,5192,
53180993653d047f3c8eff9ca2480fb68ccded81,DELETE,regular-file,build/js/node_modules/mocha/lib/nodejs/esm-utils.js,3533,
50a817837ac843b0fe56c4626e77c8ffadf087fc,DELETE,regular-file,build/js/node_modules/mocha/lib/nodejs/file-unloader.js,277,
6052efc0d14fb8f13ddf959685760da3daedda5a,DELETE,regular-file,build/js/node_modules/mocha/lib/nodejs/parallel-buffered-runner.js,13002,
b697312e624e662fff30480767b1bce3ffa58333,DELETE,regular-file,build/js/node_modules/mocha/lib/nodejs/reporters/parallel-buffered.js,4688,
63e1a24e519b0bcc4eededd34c5c66b4881b8471,DELETE,regular-file,build/js/node_modules/mocha/lib/nodejs/serializer.js,13142,
cf5655e80d9ee975de3262b55606a33440c1f72d,DELETE,regular-file,build/js/node_modules/mocha/lib/nodejs/worker.js,4435,
cf9cc84a0ec443669fceead09fb91a1d17e590a3,DELETE,regular-file,build/js/node_modules/mocha/lib/pending.js,221,
075ad91b49a22ceb0694cf0d55355f03860b78e7,DELETE,regular-file,build/js/node_modules/mocha/lib/plugin-loader.js,8391,
e0ca5f4863144c9e9afe5bf6739917ec6ecd2a3e,DELETE,regular-file,build/js/node_modules/mocha/lib/reporters/base.js,12917,
b2c3e4880765a5b5f5e18af18f4faebb51778465,DELETE,regular-file,build/js/node_modules/mocha/lib/reporters/doc.js,2309,
c67ac8ff06b069ffd0e759a51aed35e517fe64ed,DELETE,regular-file,build/js/node_modules/mocha/lib/reporters/dot.js,1897,
ae4a4546f858122b7a509d051950360eb42cd236,DELETE,regular-file,build/js/node_modules/mocha/lib/reporters/html.js,10699,
d3b5481e41d0ce0053213186d8a9325069b535e3,DELETE,regular-file,build/js/node_modules/mocha/lib/reporters/index.js,946,
5926587e4501cea7afebc483f1e26b3ebe477c35,DELETE,regular-file,build/js/node_modules/mocha/lib/reporters/json-stream.js,2079,
6194d8747d8d9ab332ed22d44c9107843f036b15,DELETE,regular-file,build/js/node_modules/mocha/lib/reporters/json.js,3634,
4188c7cdd4add1a7e8d9b5e8d0f8ea6c22a46c48,DELETE,regular-file,build/js/node_modules/mocha/lib/reporters/landing.js,2526,
aebdd65e1f4e4220ddb639a52fdde20b1dd9ce0f,DELETE,regular-file,build/js/node_modules/mocha/lib/reporters/list.js,1905,
d5adfae1eec0d6a5708c34c16f67adfa9381bc59,DELETE,regular-file,build/js/node_modules/mocha/lib/reporters/markdown.js,2434,
4de98e6f9b811b8a09a5c19c7ccd205b1e6383aa,DELETE,regular-file,build/js/node_modules/mocha/lib/reporters/min.js,1091,
96de36591c6876c72d5330291dbf9a867fc102fd,DELETE,regular-file,build/js/node_modules/mocha/lib/reporters/nyan.js,5570,
4f6d8794afbf7d3f7fec6a7a04409625e7199210,DELETE,regular-file,build/js/node_modules/mocha/lib/reporters/progress.js,2519,
8497249f735bc6280508f265a19ec6b1fcdef4ec,DELETE,regular-file,build/js/node_modules/mocha/lib/reporters/spec.js,2338,
37fa8b57a0db21dd0d6c39f63be6a22197a3d039,DELETE,regular-file,build/js/node_modules/mocha/lib/reporters/tap.js,7044,
4e6fe2bcf9813062d203cb5fc88f9a36d762c15f,DELETE,regular-file,build/js/node_modules/mocha/lib/reporters/xunit.js,4878,
98327bf5d9c261b4f4d7bd6c607b5ebcd2ca8711,DELETE,regular-file,build/js/node_modules/mocha/lib/runnable.js,10622,
60a19f0e3f0d292626cc2a23b736f2b4599ebf15,DELETE,regular-file,build/js/node_modules/mocha/lib/runner.js,34230,
738fd5d7243819f6c83b2bbbfa3a037bf0b9d94c,DELETE,regular-file,build/js/node_modules/mocha/lib/stats-collector.js,2220,
64d7183fdfe2e1105cc21c61f1cc48590be8114a,DELETE,regular-file,build/js/node_modules/mocha/lib/suite.js,15436,
0b8fe18be7d6e06f47bd53115556c526791d32ed,DELETE,regular-file,build/js/node_modules/mocha/lib/test.js,2635,
1f21edc60d3928402a2a75cd20bbe569c667c075,DELETE,regular-file,build/js/node_modules/mocha/lib/utils.js,18622,
d2015753f09cf68a18b1bdf3e8b258e365101e91,DELETE,regular-file,build/js/node_modules/mocha/mocha.js,668700,
5993451b82e6b27d981e202b349641816d867ccf,DELETE,regular-file,build/js/node_modules/mocha/node_modules/debug/src/browser.js,6103,
141cb578b7722324d8e1799b2a41bac473f6a9c1,DELETE,regular-file,build/js/node_modules/mocha/node_modules/debug/src/common.js,6915,
bf4c57f259df2e16761b45e2636db307c89ba419,DELETE,regular-file,build/js/node_modules/mocha/node_modules/debug/src/index.js,314,
715560a4ca8fb4c8dd6353eafdde6e83af28f05e,DELETE,regular-file,build/js/node_modules/mocha/node_modules/debug/src/node.js,4728,
61a4452f097dcd28e7c2ed6ea1a45d643b8b1641,DELETE,regular-file,build/js/node_modules/mocha/node_modules/glob/common.js,6263,
2112a957dc501696f443f5620a4e34386a0d1957,DELETE,regular-file,build/js/node_modules/mocha/node_modules/glob/glob.js,19444,
af4600dd595081284a70874f73b31d318a71dcdb,DELETE,regular-file,build/js/node_modules/mocha/node_modules/glob/sync.js,12019,
ffe453d9e0557758c090f7053df5f426e172d84f,DELETE,regular-file,build/js/node_modules/mocha/node_modules/minimatch/lib/path.js,151,
6c8bfc35181c6dff29f521e410d70e1a8db22505,DELETE,regular-file,build/js/node_modules/mocha/node_modules/minimatch/minimatch.js,28818,
ea734fb73820316ed1c0f6a2f6e96dce0e3eb6f0,DELETE,regular-file,build/js/node_modules/ms/index.js,3024,
0d6815623ff453b3d49902f803b674053bebdc11,DELETE,executable,build/js/node_modules/multicast-dns/cli.js,1403,
06b9e33a7e6df6bfe129c79f14be0ce06d8c6644,DELETE,regular-file,build/js/node_modules/multicast-dns/example.js,788,
e8dfcb9f059d83296ef304a8190be84e53207717,DELETE,regular-file,build/js/node_modules/multicast-dns/index.js,5529,
46ede32e9dccf361756be139477b65027ed8d795,DELETE,regular-file,build/js/node_modules/multicast-dns/test.js,7570,
fbaa23005cdf3cb9b1e8dada338ec2854df6e9fa,DELETE,regular-file,build/js/node_modules/nanoid/async/index.browser.js,984,
cec454a2a1986932acb22141113ec0c852a59f9b,DELETE,regular-file,build/js/node_modules/nanoid/async/index.js,982,
7c1d6f39e34d731715f551fa8a6c7520b04cda82,DELETE,regular-file,build/js/node_modules/nanoid/async/index.native.js,820,
7d3b876caefe8df0d4856199d0de5ff1ddf45cae,DELETE,regular-file,build/js/node_modules/nanoid/index.browser.js,1064,
9bc909d90c9b6c56c14e7e9fadbfc7fb0a0cd9ba,DELETE,regular-file,build/js/node_modules/nanoid/index.js,1326,
ec242eadc85e4b0ef546c8fdc771f7e9d7d2f081,DELETE,regular-file,build/js/node_modules/nanoid/nanoid.js,169,
2ea5827c627331d5d7a2e38e0acca3b9824a668d,DELETE,regular-file,build/js/node_modules/nanoid/non-secure/index.js,497,
c2782e592e541a8ec8bd07038e997e63a16beb70,DELETE,regular-file,build/js/node_modules/nanoid/url-alphabet/index.js,110,
7df0b0a5318156f15e10f9374399631c8b06f8bf,DELETE,regular-file,build/js/node_modules/negotiator/index.js,2495,
cdd014803474a4b76b981c475a32ebcaa81a36e5,DELETE,regular-file,build/js/node_modules/negotiator/lib/charset.js,3081,
9ebb633d67743316863baf3504bfe1d47d53b033,DELETE,regular-file,build/js/node_modules/negotiator/lib/encoding.js,4155,
a23167252719be841ad570eb655a703a4ae8fe9e,DELETE,regular-file,build/js/node_modules/negotiator/lib/language.js,3409,
8e402ea88394c040bf5964f65b8eba33b50bd4a1,DELETE,regular-file,build/js/node_modules/negotiator/lib/mediaType.js,5343,
dad54e7fef0caa7bd32031d9120927ba93135b83,DELETE,regular-file,build/js/node_modules/neo-async/all.js,56,
d9d7aaa169520d6d272977eaafba66e9e6c3d895,DELETE,regular-file,build/js/node_modules/neo-async/allLimit.js,61,
2a7a8ba88ad998515ac0bf5336b658919957465a,DELETE,regular-file,build/js/node_modules/neo-async/allSeries.js,62,
476c23ecca3130931c676cf37a2a22f9b1d3e8d7,DELETE,regular-file,build/js/node_modules/neo-async/angelFall.js,62,
d6b07bb546f643e626036de1037e0c259e6d9256,DELETE,regular-file,build/js/node_modules/neo-async/any.js,56,
34114f888643adef05fb7c2e4d3bbf1489a89f62,DELETE,regular-file,build/js/node_modules/neo-async/anyLimit.js,61,
bb3781fd568ad560d949d52a949bc658e37c8138,DELETE,regular-file,build/js/node_modules/neo-async/anySeries.js,62,
41135e218dc7e3890b0b1c5ca0845c1336275722,DELETE,regular-file,build/js/node_modules/neo-async/apply.js,58,
292bd1c067e57024a0ad00247264f569093e4cb1,DELETE,regular-file,build/js/node_modules/neo-async/applyEach.js,62,
0aece7cd38afe8bebb281ddbbabf24d28d39b08b,DELETE,regular-file,build/js/node_modules/neo-async/applyEachSeries.js,68,
e78eb168162cf684eb689d36f0f15a3faf4fed47,DELETE,regular-file,build/js/node_modules/neo-async/async.js,235100,
4161a3f6e00b068ac4e49046291cc67071a55315,DELETE,regular-file,build/js/node_modules/neo-async/async.min.js,40283,
7b649eba5396cfc720e9f33109caaad744bbb1fe,DELETE,regular-file,build/js/node_modules/neo-async/asyncify.js,61,
7c6fadeef95de419cf02d292e8cf716367977995,DELETE,regular-file,build/js/node_modules/neo-async/auto.js,57,
4f14175178183092ed0b2d11015a9e1ac05bd8a5,DELETE,regular-file,build/js/node_modules/neo-async/autoInject.js,63,
c33fb7d3b78aff73835571dd91e30a139c7f42b5,DELETE,regular-file,build/js/node_modules/neo-async/cargo.js,58,
2ae833ee21bbdf13cb5601333b813342d069390f,DELETE,regular-file,build/js/node_modules/neo-async/compose.js,60,
7eac75e05f40357b88b145baf6dae891c766ee45,DELETE,regular-file,build/js/node_modules/neo-async/concat.js,59,
f25643dbfac0d4ac4a51f5015a8afb9d62eb907b,DELETE,regular-file,build/js/node_modules/neo-async/concatLimit.js,64,
97262317f272a87060adb00cdb721112ad00f753,DELETE,regular-file,build/js/node_modules/neo-async/concatSeries.js,65,
a04f6b2215699661217f70e63640c937b57b9b6b,DELETE,regular-file,build/js/node_modules/neo-async/constant.js,61,
941147b8540603bea52ef07b3df37714b9004c42,DELETE,regular-file,build/js/node_modules/neo-async/createLogger.js,65,
5770dc96f21af78f281672ab20759cc6912c585a,DELETE,regular-file,build/js/node_modules/neo-async/detect.js,59,
cd8ffbd957d3f487c91848bbe4fc4e74779b7086,DELETE,regular-file,build/js/node_modules/neo-async/detectLimit.js,64,
2a62e2570672472dbb7726dfb15bb6da8c2f52ba,DELETE,regular-file,build/js/node_modules/neo-async/detectSeries.js,65,
12072c642d353bb4e86631fb9a42402416064163,DELETE,regular-file,build/js/node_modules/neo-async/dir.js,56,
df219014e41e69ebb27bf116a4a10e379ad87f92,DELETE,regular-file,build/js/node_modules/neo-async/doDuring.js,61,
a00a889a87bb3c9e4a1e92588a4f874abba2cd0c,DELETE,regular-file,build/js/node_modules/neo-async/doUntil.js,60,
c03dc1693f2ea19337241612aa0326212e60fd9c,DELETE,regular-file,build/js/node_modules/neo-async/doWhilst.js,61,
39433936dbf8f415b6ccb86c36c53004c3fdb32a,DELETE,regular-file,build/js/node_modules/neo-async/during.js,59,
88ff483fd0d4cd9a9e6cd7247658abda6b17ec27,DELETE,regular-file,build/js/node_modules/neo-async/each.js,57,
fdbd1b8b40fcfee4c96ea3407bb66bc645f74080,DELETE,regular-file,build/js/node_modules/neo-async/eachLimit.js,62,
bc697a28d806dd89b652c9203d763432423b2c97,DELETE,regular-file,build/js/node_modules/neo-async/eachOf.js,59,
f00ea95f6398271b43bb258bdcc262a30eeab703,DELETE,regular-file,build/js/node_modules/neo-async/eachOfLimit.js,64,
3d70173e892afc042d3158b5f595fb5da4504658,DELETE,regular-file,build/js/node_modules/neo-async/eachOfSeries.js,65,
88bdf865d691ae36efdf12f5cc2c94710a49feec,DELETE,regular-file,build/js/node_modules/neo-async/eachSeries.js,63,
65f42e1a275da83ad8c3ff29e94c28caaecaf9fa,DELETE,regular-file,build/js/node_modules/neo-async/ensureAsync.js,64,
b3f817b2c9f709066571ab86eb05b9481ac48ca0,DELETE,regular-file,build/js/node_modules/neo-async/every.js,58,
49fd9e7a0ad5d8ac6cb83c949abdc9946104dd33,DELETE,regular-file,build/js/node_modules/neo-async/everyLimit.js,63,
5b365089000f6d15a926b88c68b33b958c024c4b,DELETE,regular-file,build/js/node_modules/neo-async/everySeries.js,64,
25c6be880420173a591d1b86bba56692f58cbd95,DELETE,regular-file,build/js/node_modules/neo-async/fast.js,57,
59cc323d3ef35635cd719560672620fe103a118b,DELETE,regular-file,build/js/node_modules/neo-async/filter.js,59,
9c058ab26b8f46ed1dd840e11f01f4f3295c1510,DELETE,regular-file,build/js/node_modules/neo-async/filterLimit.js,64,
a73fa571e5b251d60625b5f71c632f637d425107,DELETE,regular-file,build/js/node_modules/neo-async/filterSeries.js,65,
2693d251eb5af5e7d65b781ed1370872f625f27a,DELETE,regular-file,build/js/node_modules/neo-async/find.js,57,
ba3567d1df586aec736a3ccb4b4f8eee3b36b14f,DELETE,regular-file,build/js/node_modules/neo-async/findLimit.js,62,
44dcca5affafd66c1da3cc8c105229b9a1faa663,DELETE,regular-file,build/js/node_modules/neo-async/findSeries.js,63,
f43b0cac858d987e473d1dd28430498f98a0368c,DELETE,regular-file,build/js/node_modules/neo-async/foldl.js,58,
0c8bf314d8e725167f9cb2a5ca32df8df678c708,DELETE,regular-file,build/js/node_modules/neo-async/foldr.js,58,
0a363c32f6f203841e12a5750cf8b0b01749f6f9,DELETE,regular-file,build/js/node_modules/neo-async/forEach.js,60,
e38298359db8cb151d35e49a1192c186644d5ba3,DELETE,regular-file,build/js/node_modules/neo-async/forEachLimit.js,65,
97de0eb9ac6ec05d2bfb5d2e468a979eaab235d7,DELETE,regular-file,build/js/node_modules/neo-async/forEachOf.js,62,
066764594629782e6ce6230a816009574509e020,DELETE,regular-file,build/js/node_modules/neo-async/forEachOfLimit.js,67,
ef6a8a5e2ce1fe7aad1ab71c761cd975f6cc6a80,DELETE,regular-file,build/js/node_modules/neo-async/forEachOfSeries.js,68,
45b5e8a95b74eeab54f7fa5ede81ccc6a99ba0e1,DELETE,regular-file,build/js/node_modules/neo-async/forEachSeries.js,66,
37e8cae802a0bcfa11653e963808068a7360307e,DELETE,regular-file,build/js/node_modules/neo-async/forever.js,60,
04d92c3671917ccc900f195b81e020f104b0e97a,DELETE,regular-file,build/js/node_modules/neo-async/groupBy.js,60,
eee7bc96cea9e4e84021e38833358c654903133d,DELETE,regular-file,build/js/node_modules/neo-async/groupByLimit.js,65,
153e47c326c1ca2e448d93650a65e7af213bc20c,DELETE,regular-file,build/js/node_modules/neo-async/groupBySeries.js,66,
5a2c7b5044a7d668be2e957c2bf8f5e5ad8375f0,DELETE,regular-file,build/js/node_modules/neo-async/inject.js,59,
dffc6124809c85cbf78fb30fbd9691c926648071,DELETE,regular-file,build/js/node_modules/neo-async/iterator.js,61,
044afbedd2cefcbdaec2149795b9a3b4c4fdf40c,DELETE,regular-file,build/js/node_modules/neo-async/log.js,56,
726f81a3c2d461c33f8f845d375bcbbe8b56d15e,DELETE,regular-file,build/js/node_modules/neo-async/map.js,56,
75677824a3d740051367fd08e790eabf4ad2732d,DELETE,regular-file,build/js/node_modules/neo-async/mapLimit.js,61,
ee0e9898d18da88f6557f3fe87ca292e4aa3f05e,DELETE,regular-file,build/js/node_modules/neo-async/mapSeries.js,62,
31a68bcac0f86d5ab1f25b90f0c05d90f001ded9,DELETE,regular-file,build/js/node_modules/neo-async/mapValues.js,62,
768cf1b426ecda400c17f4c340cb5ab76493c578,DELETE,regular-file,build/js/node_modules/neo-async/mapValuesLimit.js,67,
172ea3712d6f6d02d3aa287d116a9460c1f7ca3d,DELETE,regular-file,build/js/node_modules/neo-async/mapValuesSeries.js,68,
96086fe13947e4142a0ad2263deb3feca36566fc,DELETE,regular-file,build/js/node_modules/neo-async/memoize.js,60,
175f316fae5160002314f0550c2dd191f68ad6c4,DELETE,regular-file,build/js/node_modules/neo-async/nextTick.js,61,
e2fd84f3aba122bcf174e211062f7f151fc53129,DELETE,regular-file,build/js/node_modules/neo-async/omit.js,57,
2acf75950a4b1234181c19d67015c541cba1b127,DELETE,regular-file,build/js/node_modules/neo-async/omitLimit.js,62,
83de6257b744e8a086e413bd3e9d97c3b2db2115,DELETE,regular-file,build/js/node_modules/neo-async/omitSeries.js,63,
c09021fd0c3d71659957bdb0b860c58435585edc,DELETE,regular-file,build/js/node_modules/neo-async/parallel.js,61,
29d0c9e1a3f381829fd454dae01bc0c0c495cc90,DELETE,regular-file,build/js/node_modules/neo-async/parallelLimit.js,66,
a74789addfd7a25a1d713451562d1f3db9d46461,DELETE,regular-file,build/js/node_modules/neo-async/pick.js,57,
3de9261ce168306d62e73611baa24f6295b0ca59,DELETE,regular-file,build/js/node_modules/neo-async/pickLimit.js,62,
eef0ae44ceb4e4afbaae57a95a508e690c7a3653,DELETE,regular-file,build/js/node_modules/neo-async/pickSeries.js,63,
55f9737e0c67b9dbdd8ab5bf89dcde8d6cc0f3b8,DELETE,regular-file,build/js/node_modules/neo-async/priorityQueue.js,66,
eb9e37b0b24cc920fb07540c202b7a5457bb7571,DELETE,regular-file,build/js/node_modules/neo-async/queue.js,58,
cab40dbee732c4a432f4bd60ef9a14e287f51809,DELETE,regular-file,build/js/node_modules/neo-async/race.js,57,
6f0c5c894ad9695a0979cabb46238c7ddfc27b02,DELETE,regular-file,build/js/node_modules/neo-async/reduce.js,59,
3f14a4780a75301be07aa36f9605ccc534d99a9d,DELETE,regular-file,build/js/node_modules/neo-async/reduceRight.js,64,
233cae72045cb67ad1129a3cdba61b3d1ee43a09,DELETE,regular-file,build/js/node_modules/neo-async/reflect.js,60,
901e28ccc4ead8ab5a7bf1e162ee98101ec4a111,DELETE,regular-file,build/js/node_modules/neo-async/reflectAll.js,63,
a62c541e4205161d5f2eb09c51253bcb6444c2e2,DELETE,regular-file,build/js/node_modules/neo-async/reject.js,59,
f7b0efd6b2776e25802538290cafc19eeb4e577e,DELETE,regular-file,build/js/node_modules/neo-async/rejectLimit.js,64,
da4adc16e95c8730cb34a570973ffd6e0e289b6d,DELETE,regular-file,build/js/node_modules/neo-async/rejectSeries.js,65,
07ada27a6e885ca36a06348a4431430b7ddeada8,DELETE,regular-file,build/js/node_modules/neo-async/retry.js,58,
cd898075ba48e6d570ca6f98172b185e9d6918b4,DELETE,regular-file,build/js/node_modules/neo-async/retryable.js,62,
6e4c698dfb9e371d159dfd70b3b1cb4217df0a8a,DELETE,regular-file,build/js/node_modules/neo-async/safe.js,57,
e4fd51cbe0273cc183494e3bce5158e570180d72,DELETE,regular-file,build/js/node_modules/neo-async/select.js,59,
2f37e66fa9115896e2e109f3df5873cb3add997f,DELETE,regular-file,build/js/node_modules/neo-async/selectLimit.js,64,
a4de29d664e99bc8fc25ea441a86d6dfbb49c552,DELETE,regular-file,build/js/node_modules/neo-async/selectSeries.js,65,
7eacd7e76900af556583904f86cc37a14dfb2754,DELETE,regular-file,build/js/node_modules/neo-async/seq.js,56,
096d2d0465f541102c6b78d0bb50e0976062b7af,DELETE,regular-file,build/js/node_modules/neo-async/series.js,59,
9b93ca7ba61dfa0e597c768e3d81c32a35141c36,DELETE,regular-file,build/js/node_modules/neo-async/setImmediate.js,65,
bcf6e9cfb6373c4e8186edc57b20d34bcf7cb36b,DELETE,regular-file,build/js/node_modules/neo-async/some.js,57,
a970b2aecf43528a55d36ec55b61c154a550b7b8,DELETE,regular-file,build/js/node_modules/neo-async/someLimit.js,62,
4965c52980147711c6c82f7783c9a29913e6a1bb,DELETE,regular-file,build/js/node_modules/neo-async/someSeries.js,63,
7456216f4f61a986e3006d6c0556230931f3e1ab,DELETE,regular-file,build/js/node_modules/neo-async/sortBy.js,59,
96016862e6e2b1df7ce09ac60e4eb966160a056e,DELETE,regular-file,build/js/node_modules/neo-async/sortByLimit.js,64,
7d7e069ff90ce453570541e69b9511f108e57244,DELETE,regular-file,build/js/node_modules/neo-async/sortBySeries.js,65,
8fe4ad41a050df81dcc10d72d3204345f53bff13,DELETE,regular-file,build/js/node_modules/neo-async/timeout.js,60,
c9d3744a951cf84eeb44f56b619922db0ff0e0ae,DELETE,regular-file,build/js/node_modules/neo-async/times.js,58,
f22718a037b4baa4757ffc434a08b65cf93e2961,DELETE,regular-file,build/js/node_modules/neo-async/timesLimit.js,63,
63c055d082985b92590c1f30f5873e93828363cb,DELETE,regular-file,build/js/node_modules/neo-async/timesSeries.js,64,
83787e31802a79d97965b946c8504aa4154eef48,DELETE,regular-file,build/js/node_modules/neo-async/transform.js,62,
79eac862fc44754ea4cd71f16311768f3224678e,DELETE,regular-file,build/js/node_modules/neo-async/transformLimit.js,67,
5979c8f5f3488933d5fde856d6957e7efc0c9880,DELETE,regular-file,build/js/node_modules/neo-async/transformSeries.js,68,
138a84a2b433f74a28d1eb775a8d23ba553edc37,DELETE,regular-file,build/js/node_modules/neo-async/tryEach.js,60,
18830f450436afc76d1a859d1703ee0164dedd28,DELETE,regular-file,build/js/node_modules/neo-async/unmemoize.js,62,
826b48aad37d2c5c7f86a504dfab1ff478723914,DELETE,regular-file,build/js/node_modules/neo-async/until.js,58,
e3fa20a0f573d98c7d38d7a23dc0aa3fe5160cc3,DELETE,regular-file,build/js/node_modules/neo-async/waterfall.js,62,
0d72ea6f88d2d8b7e549c29f994349f52af484ae,DELETE,regular-file,build/js/node_modules/neo-async/whilst.js,59,
965037bfb89e0fa4c570f13eeb147f545a6f6867,DELETE,regular-file,build/js/node_modules/neo-async/wrapSync.js,61,
65dccf27cd269818cef5a74825aec147add401f7,DELETE,regular-file,build/js/node_modules/node-forge/dist/forge.all.min.js,303180,
17773f62cd8e954adea5ab06cf8347c2913900b7,DELETE,regular-file,build/js/node_modules/node-forge/dist/forge.min.js,281650,
41433bed9e2080a15367505c58271cedc7374b7a,DELETE,regular-file,build/js/node_modules/node-forge/dist/prime.worker.min.js,21076,
3c1ddb29b4399f6e10cfe76f615da81a9f6017bd,DELETE,regular-file,build/js/node_modules/node-forge/lib/aes.js,39025,
fed60f3696e01f79c18e2cfac35e9beb785b1c59,DELETE,regular-file,build/js/node_modules/node-forge/lib/aesCipherSuites.js,9112,
2be328501e93e5f0e38245b6ee797bfc426dfcaa,DELETE,regular-file,build/js/node_modules/node-forge/lib/asn1-validator.js,2295,
4025f8a9e333c3c7b0547f9445f69ed818c86500,DELETE,regular-file,build/js/node_modules/node-forge/lib/asn1.js,42831,
824fa36da56f33d2fc5ea268ba10da2179134214,DELETE,regular-file,build/js/node_modules/node-forge/lib/baseN.js,5068,
f2c36e65dc5fc5af369d21a4ac7fbcb80cb691a5,DELETE,regular-file,build/js/node_modules/node-forge/lib/cipher.js,6668,
339915cc1d6361637df23d95c6bc58dbbde7e459,DELETE,regular-file,build/js/node_modules/node-forge/lib/cipherModes.js,28917,
ed8239aa9c8e778656fb3b798f99167e623577a6,DELETE,regular-file,build/js/node_modules/node-forge/lib/des.js,20445,
f3e6faaaa8ab89350b71ae56a6645e0c52a6a4f2,DELETE,regular-file,build/js/node_modules/node-forge/lib/ed25519.js,24941,
2e243a9d74aa68a6dac649a048d4bbfd6a30fe52,DELETE,regular-file,build/js/node_modules/node-forge/lib/forge.js,200,
4d7843a23d28139f65ba05ae1484facae37b902b,DELETE,regular-file,build/js/node_modules/node-forge/lib/form.js,3880,
b155f247f80742b950b360405633f3e6aae1288b,DELETE,regular-file,build/js/node_modules/node-forge/lib/hmac.js,3833,
fe52986b1c9885bef06673cbe8ab99f540086a2d,DELETE,regular-file,build/js/node_modules/node-forge/lib/http.js,39070,
22ba72b64b3ac789bb14b1a29cefd5b288ddb5f7,DELETE,regular-file,build/js/node_modules/node-forge/lib/index.all.js,366,
6cdd5a9cca257b882290b249623f8ec0ba6bd837,DELETE,regular-file,build/js/node_modules/node-forge/lib/index.js,640,
11f965c56dcd86dfe31c37f205645ab4b3862b0b,DELETE,regular-file,build/js/node_modules/node-forge/lib/jsbn.js,35188,
1967016df513b442c4b32abe7e42e887bb6cf8df,DELETE,regular-file,build/js/node_modules/node-forge/lib/kem.js,5217,
4ef700591e839ec5777844af11098c8d56ab2850,DELETE,regular-file,build/js/node_modules/node-forge/lib/log.js,9264,
4e0974bd0dc13072fd05f965ef2d5de79226332c,DELETE,regular-file,build/js/node_modules/node-forge/lib/md.all.js,251,
e4a280c5bd04455f1c1f124a80d214c8e96e0ff6,DELETE,regular-file,build/js/node_modules/node-forge/lib/md.js,253,
d0ba8f65601e3cecf22e31babe9e5e3c61cd521f,DELETE,regular-file,build/js/node_modules/node-forge/lib/md5.js,7983,
0223bc36eb0165a2c0697419923ceacfe8d33639,DELETE,regular-file,build/js/node_modules/node-forge/lib/mgf.js,274,
25ed1f7f059f8ca3cf544857f23200c8857d3b43,DELETE,regular-file,build/js/node_modules/node-forge/lib/mgf1.js,1645,
d1504eb16e47ef1bfad9b2b7904ae47bad2f728c,DELETE,regular-file,build/js/node_modules/node-forge/lib/oids.js,6844,
cf8456ba6930abf24b8910f1331d45e7a722c2c3,DELETE,regular-file,build/js/node_modules/node-forge/lib/pbe.js,30999,
714560e389f3a0ce937374e00712e30491b068d4,DELETE,regular-file,build/js/node_modules/node-forge/lib/pbkdf2.js,5809,
1992bc77b5265b0a65328fd08981e9ee7aabb3ad,DELETE,regular-file,build/js/node_modules/node-forge/lib/pem.js,6693,
a3af9242ef2c2329a1f8bc00dbae7ecc5517f421,DELETE,regular-file,build/js/node_modules/node-forge/lib/pkcs1.js,8375,
cd06c494aac3f85c0f21857872d15b519b28b957,DELETE,regular-file,build/js/node_modules/node-forge/lib/pkcs12.js,33347,
3a5d845c5d6d62ac9fc6195ee6ef4155ecc0619c,DELETE,regular-file,build/js/node_modules/node-forge/lib/pkcs7.js,39869,
0e13c891529bed76242d679e113e0b8bc43b0eb2,DELETE,regular-file,build/js/node_modules/node-forge/lib/pkcs7asn1.js,11484,
ee82ff1cef21b8f54e206fa7f97456b366721601,DELETE,regular-file,build/js/node_modules/node-forge/lib/pki.js,2651,
3d51473f472890e7911ced09bc92b526e7426ede,DELETE,regular-file,build/js/node_modules/node-forge/lib/prime.js,8776,
ce1355d9a55107afa282c32ea6025c0ef7e7de0d,DELETE,regular-file,build/js/node_modules/node-forge/lib/prime.worker.js,4804,
d3bd22e0584d43c77552473e9e6947c35c962644,DELETE,regular-file,build/js/node_modules/node-forge/lib/prng.js,12326,
2596693cc2bc5935cbd662498ef4010a76a8a603,DELETE,regular-file,build/js/node_modules/node-forge/lib/pss.js,7854,
d4e4bea9e80690745b8f6d82805f383f31caf7e4,DELETE,regular-file,build/js/node_modules/node-forge/lib/random.js,5438,
e33f78a7f09ac00f48c9c19eeffd81e67ab0c6a6,DELETE,regular-file,build/js/node_modules/node-forge/lib/rc2.js,11949,
5c73209f9a1c97c8f1e58bc2930426c4f580776a,DELETE,regular-file,build/js/node_modules/node-forge/lib/rsa.js,60058,
5f84eb667c521ee15c70157513522a5267ffb86c,DELETE,regular-file,build/js/node_modules/node-forge/lib/sha1.js,9089,
0659ad71af5d83cf261eeee81327a801ec126000,DELETE,regular-file,build/js/node_modules/node-forge/lib/sha256.js,9574,
e09b442afa83f8fa2bf5cce75676f419e0017eb3,DELETE,regular-file,build/js/node_modules/node-forge/lib/sha512.js,17133,
3a1d7ff21dee37cb365618252d4ce7b7be8d44a7,DELETE,regular-file,build/js/node_modules/node-forge/lib/socket.js,8329,
6480203a8d98c4214232cbf363542eca6ea8b3da,DELETE,regular-file,build/js/node_modules/node-forge/lib/ssh.js,7163,
fadfd646f2b3140005bc0252a0cd7ae40e87175e,DELETE,regular-file,build/js/node_modules/node-forge/lib/tls.js,132973,
d09b65095d1c57ed3fd7dda1ccf39ba4f2c04064,DELETE,regular-file,build/js/node_modules/node-forge/lib/tlssocket.js,6967,
aaede5ad214cb66420299414a9c98f86581bc27e,DELETE,regular-file,build/js/node_modules/node-forge/lib/util.js,69858,
2877810c1c0ba2f17b165f7281adf54841aab5ce,DELETE,regular-file,build/js/node_modules/node-forge/lib/x509.js,101796,
fa928352bfba7dd9a5e41eececfc0801024cf9ae,DELETE,regular-file,build/js/node_modules/node-forge/lib/xhr.js,22116,
6fac553a30915ee38b6c1552b8df343da69f3926,DELETE,regular-file,build/js/node_modules/normalize-path/index.js,1024,
8c94abc986600ac700d6dbfdb0ea0b9687176177,DELETE,regular-file,build/js/node_modules/npm-run-path/index.js,1013,
0930cf8890b9af66125c222c29d7bd75614ac6b4,DELETE,regular-file,build/js/node_modules/object-assign/index.js,2108,
2f3355c509acd1a0e9d409f9e655939d6d18c2ec,DELETE,regular-file,build/js/node_modules/object-inspect/example/all.js,391,
487a7c169d0df8c4acb6ad02b26ce76175ecfc0f,DELETE,regular-file,build/js/node_modules/object-inspect/example/circular.js,116,
9b5db8de036ffc6718969bee9193de36409235aa,DELETE,regular-file,build/js/node_modules/object-inspect/example/fn.js,126,
e2df7c9f471356c48f14e7af2813119ffb6854bb,DELETE,regular-file,build/js/node_modules/object-inspect/example/inspect.js,251,
a4b2d4cd850adb5cda64eb9e5692457a73c0947e,DELETE,regular-file,build/js/node_modules/object-inspect/index.js,19059,
e53c40022533f691fd17d623cd24a8ecb5a82669,DELETE,regular-file,build/js/node_modules/object-inspect/test-core-js.js,534,
4ecc31df8ab3fd311570d866b418514d159abfde,DELETE,regular-file,build/js/node_modules/object-inspect/test/bigint.js,2082,
210c0b233e9f72c5733ef80fa38a3e8a315e5c29,DELETE,regular-file,build/js/node_modules/object-inspect/test/browser/dom.js,416,
5df4233cb202efc92a8e874ef74f0c69d6ac29d1,DELETE,regular-file,build/js/node_modules/object-inspect/test/circular.js,451,
99ce32a088f90f217c1e4b001f4e41d3ddd4f3ec,DELETE,regular-file,build/js/node_modules/object-inspect/test/deep.js,400,
47fa9e240029eb6fa2906727e20ec843fc3b6308,DELETE,regular-file,build/js/node_modules/object-inspect/test/element.js,1575,
cc1d884abdc52c8b5443b6212ab1d0d886ce9c33,DELETE,regular-file,build/js/node_modules/object-inspect/test/err.js,1536,
a65c08c15a6e4c9c5500cbbb7a2b01327a5a8c4b,DELETE,regular-file,build/js/node_modules/object-inspect/test/fakes.js,683,
de3ca625e73adcabc8570a11318504d8d6aa6806,DELETE,regular-file,build/js/node_modules/object-inspect/test/fn.js,2227,
c57216aebd518555d0ba6e6677238b6cf4aee59d,DELETE,regular-file,build/js/node_modules/object-inspect/test/global.js,372,
01800dee6b07894536485e9a23ca6cda472984a2,DELETE,regular-file,build/js/node_modules/object-inspect/test/has.js,514,
87fc8c84aedf765a2c908f451564e54ac27dcb85,DELETE,regular-file,build/js/node_modules/object-inspect/test/holes.js,255,
89d8fcedfa318ca67c9ba8fe694ba06fd2b47044,DELETE,regular-file,build/js/node_modules/object-inspect/test/indent-option.js,6633,
1abf81b1f00b305519e52fe74477b2c5b71803c7,DELETE,regular-file,build/js/node_modules/object-inspect/test/inspect.js,4946,
68a345d8578004506a45296d6de9e091b7811272,DELETE,regular-file,build/js/node_modules/object-inspect/test/lowbyte.js,268,
8f287e8e2ab93785108de2e82e5b359ffb524f02,DELETE,regular-file,build/js/node_modules/object-inspect/test/number.js,2312,
da23e630cfcf0b2bcd6d5e90becc09d714f46d7b,DELETE,regular-file,build/js/node_modules/object-inspect/test/quoteStyle.js,1530,
95f82703d08f358b00f180c7b479b9f33dff3dac,DELETE,regular-file,build/js/node_modules/object-inspect/test/toStringTag.js,1546,
e3f4961229c249a1d4f242d415b5193fc0ad5056,DELETE,regular-file,build/js/node_modules/object-inspect/test/undef.js,302,
15986cd0edbb8218fdd4fe8f414b4e27b5767b1e,DELETE,regular-file,build/js/node_modules/object-inspect/test/values.js,8407,
7784fab55d08875a01b24636f3a541c3d0bd39b2,DELETE,regular-file,build/js/node_modules/object-inspect/util.inspect.js,42,
f3584268408a88cc1a8380a19b5bcbdf38579e23,DELETE,regular-file,build/js/node_modules/obuf/index.js,8822,
fce6106a9f9ec81c3fcb3b212f69b60ab238e96f,DELETE,regular-file,build/js/node_modules/obuf/test/buffer-test.js,8324,
e68df7bde39bb47aa1fd7eff4b317b3969de75bd,DELETE,regular-file,build/js/node_modules/on-finished/index.js,4430,
7db6375ed5b3dcf5f047957f0827ee1d9300b624,DELETE,regular-file,build/js/node_modules/on-headers/index.js,2664,
235406736d9d9485bbc0dd0820dd661110da7a4d,DELETE,regular-file,build/js/node_modules/once/once.js,935,
99c5fc1cb4fe973270709368c480997e0b739a00,DELETE,regular-file,build/js/node_modules/onetime/index.js,1120,
f66dc4cd7c77ee1cb2d1412de08c56439b0ee07f,DELETE,regular-file,build/js/node_modules/open/index.js,7841,
c2ae52d90db4776496b2cae20e636aea0d2dfceb,DELETE,regular-file,build/js/node_modules/p-limit/index.js,1521,
641c3dd1e819d27f9efe65a9437b8980ca07e8c9,DELETE,regular-file,build/js/node_modules/p-locate/index.js,1157,
3679399db85f046243cb35e529e9b458b7925300,DELETE,regular-file,build/js/node_modules/p-retry/index.js,2077,
db858da29252b8f5772d6ec4df23577718211c19,DELETE,regular-file,build/js/node_modules/p-try/index.js,211,
ece722327959f3bd9721488a035947387f1c1db1,DELETE,regular-file,build/js/node_modules/parseurl/index.js,2809,
1943921b758505a03af8330fa28ef86f6dea9b3a,DELETE,regular-file,build/js/node_modules/path-exists/index.js,347,
22aa6c35607997d2b73fab3e4b831469ca4d5ba1,DELETE,regular-file,build/js/node_modules/path-is-absolute/index.js,611,
0cf6415d60938fa78ba51b277fa2a57fa0bdc587,DELETE,regular-file,build/js/node_modules/path-key/index.js,415,
f062d0a23e6299b2eee1797c6c476159348f147c,DELETE,regular-file,build/js/node_modules/path-parse/index.js,1893,
95d2f4bbad4a8fb52c7937fc3abdc28ea68b7d72,DELETE,regular-file,build/js/node_modules/path-to-regexp/index.js,3839,
9dcf637cda1ae2b7ed3281c42463da234ae91398,DELETE,regular-file,build/js/node_modules/picocolors/picocolors.browser.js,598,
e32df8548820fdf608b39331be07a8519a1b6c46,DELETE,regular-file,build/js/node_modules/picocolors/picocolors.js,2663,
d2f2bc59d0ac7c40b35c574c45bcedbf26263d75,DELETE,regular-file,build/js/node_modules/picomatch/index.js,60,
a62ef3879552505852ef3a7b9ebe15cdae5e52cf,DELETE,regular-file,build/js/node_modules/picomatch/lib/constants.js,4448,
58269d018dc9512349adbdbe0f14171b398d342a,DELETE,regular-file,build/js/node_modules/picomatch/lib/parse.js,27763,
782d809435a75989f2f3d7801f45b4fab398cb36,DELETE,regular-file,build/js/node_modules/picomatch/lib/picomatch.js,9956,
e59cd7a1357b184b0c70409b161fcf0ce5433af1,DELETE,regular-file,build/js/node_modules/picomatch/lib/scan.js,9189,
c3ca766a7bef961c6cc9c5b5e04c930aa05d7608,DELETE,regular-file,build/js/node_modules/picomatch/lib/utils.js,1885,
83e683d8241fd4e36646ced0dacfae740674d155,DELETE,regular-file,build/js/node_modules/pkg-dir/index.js,452,
ce564e5d322847ed088eba6d0973c19da3b4426d,DELETE,regular-file,build/js/node_modules/pkg-dir/node_modules/find-up/index.js,1940,
4604bbf4015c418d46fef3093f0570a27efa85c1,DELETE,regular-file,build/js/node_modules/pkg-dir/node_modules/locate-path/index.js,1336,
6a72a4c4fc3c723dd9cd3ba594bda3f5d02f32bd,DELETE,regular-file,build/js/node_modules/pkg-dir/node_modules/p-limit/index.js,1114,
e13ce1531cac0e95d5192b73a1e947b54ed4c669,DELETE,regular-file,build/js/node_modules/pkg-dir/node_modules/p-locate/index.js,1239,
7bf6c6ff4b795cf978881da3043cceacf924f9b2,DELETE,regular-file,build/js/node_modules/postcss-modules-extract-imports/src/index.js,5932,
9166fbb9ce006151d3e55ebc5e34b21a8bb51607,DELETE,regular-file,build/js/node_modules/postcss-modules-extract-imports/src/topologicalSort.js,1280,
ba0c4f73e73aac7dc0aa5ce199a44a931013a97a,DELETE,regular-file,build/js/node_modules/postcss-modules-local-by-default/src/index.js,20899,
c7e3ff4b16d9facf0a3ff4c80fc976273f13992f,DELETE,regular-file,build/js/node_modules/postcss-modules-scope/src/index.js,10513,
c77e066a1d33020d68bb14c42a378d5e8ce0b016,DELETE,regular-file,build/js/node_modules/postcss-modules-values/src/index.js,4295,
995741a7ff3bef1b8942a0a279516684e5e54819,DELETE,regular-file,build/js/node_modules/postcss-selector-parser/dist/index.js,1684,
ada61582777805359a7da8daaa6d6f5b6b6d556a,DELETE,regular-file,build/js/node_modules/postcss-selector-parser/dist/parser.js,39081,
dbfa09188e63dbf2894e8dba1a1de2cde6866464,DELETE,regular-file,build/js/node_modules/postcss-selector-parser/dist/processor.js,5210,
0351a22bfa597caa3b991433f56b9b3a73de68d2,DELETE,regular-file,build/js/node_modules/postcss-selector-parser/dist/selectors/attribute.js,16847,
af325977c1146d903cf94aad6836ed7e31fe1094,DELETE,regular-file,build/js/node_modules/postcss-selector-parser/dist/selectors/className.js,2346,
c6449f43cfddb72c7ffc21ce050480da8efe2742,DELETE,regular-file,build/js/node_modules/postcss-selector-parser/dist/selectors/combinator.js,989,
1709d5be925d6f7ab9d65a2de6d0eb73655093ce,DELETE,regular-file,build/js/node_modules/postcss-selector-parser/dist/selectors/comment.js,971,
688259324cdd292e4c2351c18ded65ab440a57a1,DELETE,regular-file,build/js/node_modules/postcss-selector-parser/dist/selectors/constructors.js,2371,
84755cbd541a2b3196e249b0aeff0d12c6ed7c42,DELETE,regular-file,build/js/node_modules/postcss-selector-parser/dist/selectors/container.js,12338,
f06161e97cb2655b5dbb6fb17cd106639aba6700,DELETE,regular-file,build/js/node_modules/postcss-selector-parser/dist/selectors/guards.js,2691,
8baef72860c9b6f0b32815d256e5198dca8beeb3,DELETE,regular-file,build/js/node_modules/postcss-selector-parser/dist/selectors/id.js,1086,
f1f6b7f5e63ca306567f9f64319e84f8794fc9b4,DELETE,regular-file,build/js/node_modules/postcss-selector-parser/dist/selectors/index.js,774,
cc97647bd174b58a5e8c1f3fbc02f70412355195,DELETE,regular-file,build/js/node_modules/postcss-selector-parser/dist/selectors/namespace.js,3061,
218992875a60c9d30ee198e779c69f9f28a0f0c0,DELETE,regular-file,build/js/node_modules/postcss-selector-parser/dist/selectors/nesting.js,994,
9a8295101066ae32eef2f4a2eaf6a9b0ef11dc4a,DELETE,regular-file,build/js/node_modules/postcss-selector-parser/dist/selectors/node.js,6690,
4371e5900f5c7fd2d4f54049174937ff9fcec944,DELETE,regular-file,build/js/node_modules/postcss-selector-parser/dist/selectors/pseudo.js,1255,
8c599d15809f555bdcadcc25758e74b35ccf9387,DELETE,regular-file,build/js/node_modules/postcss-selector-parser/dist/selectors/root.js,2146,
8cc4bc1cddd75c9e144aebf8996e027aa1fc24b3,DELETE,regular-file,build/js/node_modules/postcss-selector-parser/dist/selectors/selector.js,1007,
4749791416b579a3b38308cdcc1f4cde7e61ea41,DELETE,regular-file,build/js/node_modules/postcss-selector-parser/dist/selectors/string.js,965,
224e74de4a2f77002614888fe4b4b00e7062b2fc,DELETE,regular-file,build/js/node_modules/postcss-selector-parser/dist/selectors/tag.js,977,
824cc0c73894505a75d5dc8c71fad92b24c1fce7,DELETE,regular-file,build/js/node_modules/postcss-selector-parser/dist/selectors/types.js,849,
5b5874380b8e9422c0acc283e974fd0b3d8e78f0,DELETE,regular-file,build/js/node_modules/postcss-selector-parser/dist/selectors/universal.js,1036,
5666d5dc99f89c1f92f1b57762ff575a08a53920,DELETE,regular-file,build/js/node_modules/postcss-selector-parser/dist/sortAscending.js,207,
59d8e6c6bf4cf7e822a0edc32dbb31443a5e0fe0,DELETE,regular-file,build/js/node_modules/postcss-selector-parser/dist/tokenTypes.js,2698,
bf61d261b5cd734772be1098daac182d12dc7f44,DELETE,regular-file,build/js/node_modules/postcss-selector-parser/dist/tokenize.js,8451,
494941adaf212a08887a1bba245e5213c3df5e7f,DELETE,regular-file,build/js/node_modules/postcss-selector-parser/dist/util/ensureObject.js,431,
a2b7a07307b0eca44a5e2f2c8d83ffe8b5d9b8b2,DELETE,regular-file,build/js/node_modules/postcss-selector-parser/dist/util/getProp.js,437,
f96ec11b6d47636ecc470506f954c164ebbe63b5,DELETE,regular-file,build/js/node_modules/postcss-selector-parser/dist/util/index.js,664,
0baa0e07eb0b940655f1ff98b2c975b3e6674799,DELETE,regular-file,build/js/node_modules/postcss-selector-parser/dist/util/stripComments.js,521,
87396bee181e25c55af73097fc9e55026873bf9d,DELETE,regular-file,build/js/node_modules/postcss-selector-parser/dist/util/unesc.js,2318,
f9ac0e6862f800c084e130d8e902ab184d392d5a,DELETE,regular-file,build/js/node_modules/postcss-value-parser/lib/index.js,607,
950631c94a3359924b35c47557f0513cd3444b16,DELETE,regular-file,build/js/node_modules/postcss-value-parser/lib/parse.js,8344,
60796711ee2972a4904afae74079931c3ff7ad96,DELETE,regular-file,build/js/node_modules/postcss-value-parser/lib/stringify.js,1185,
c349661a8895709e6d27e435acd8cff1ba76d661,DELETE,regular-file,build/js/node_modules/postcss-value-parser/lib/unit.js,2283,
7666c5b13e012cb7ad7653d18aa72a7d744d647b,DELETE,regular-file,build/js/node_modules/postcss-value-parser/lib/walk.js,425,
9486447b029c6c9991ca1b62e5a5d57c611a7503,DELETE,regular-file,build/js/node_modules/postcss/lib/at-rule.js,471,
c56650645caed3bb47cf7a39d18696ec47140ca3,DELETE,regular-file,build/js/node_modules/postcss/lib/comment.js,203,
edb07cc2f9e4451eec15804566778faa9a9644ea,DELETE,regular-file,build/js/node_modules/postcss/lib/container.js,10647,
275a4f64c2f8df215341a74d61e2aa2d05d61f78,DELETE,regular-file,build/js/node_modules/postcss/lib/css-syntax-error.js,3402,
65a03aa961edbdb25aecc840bab6843f1e7ea6c0,DELETE,regular-file,build/js/node_modules/postcss/lib/declaration.js,495,
44689917fc57d210b1a4dfad4187ac721c6eb16d,DELETE,regular-file,build/js/node_modules/postcss/lib/document.js,654,
c9ac1a86cabc78a39434badc2515b948dfca4a20,DELETE,regular-file,build/js/node_modules/postcss/lib/fromJSON.js,1506,
bb0ccf53a788be49790836eb7061132249b04c0e,DELETE,regular-file,build/js/node_modules/postcss/lib/input.js,6752,
1ea52b87a7c86f9b82bfb1919854a475066b9fcf,DELETE,regular-file,build/js/node_modules/postcss/lib/lazy-result.js,13562,
1b31f9809f2cc41616cc9527e7f601d256e669f8,DELETE,regular-file,build/js/node_modules/postcss/lib/list.js,1227,
89069d3e40d60d0c4ca868280e8e472390fa68e8,DELETE,regular-file,build/js/node_modules/postcss/lib/map-generator.js,9721,
dd46182d4ef9399b5945294e9d2e6740fac2c335,DELETE,regular-file,build/js/node_modules/postcss/lib/no-work-result.js,2624,
b403b7136bc2f91e59e623135ae2f1a14e99cd49,DELETE,regular-file,build/js/node_modules/postcss/lib/node.js,10719,
00a1037aa6096bb36ad20b26aeb6374bc4e2b4db,DELETE,regular-file,build/js/node_modules/postcss/lib/parse.js,1147,
64fb5d89b99272a193150a26b567d6b7702f0475,DELETE,regular-file,build/js/node_modules/postcss/lib/parser.js,14852,
8f0773b24274093d7d433070b8c850c7159a8603,DELETE,regular-file,build/js/node_modules/postcss/lib/postcss.js,2898,
b123dcdc0a173439136d609580ceaab423b3cf27,DELETE,regular-file,build/js/node_modules/postcss/lib/previous-map.js,3984,
84936874dd213c7410ac46b17f8d302e971cbbd1,DELETE,regular-file,build/js/node_modules/postcss/lib/processor.js,1738,
c6af4e8cabbf5abb1a98382dbd828105b83f5d35,DELETE,regular-file,build/js/node_modules/postcss/lib/result.js,738,
ea574edca70c45641753c6392fcd675971788cf7,DELETE,regular-file,build/js/node_modules/postcss/lib/root.js,1239,
3b9b7e9bb7fb7e1963cdabc5d77a62fe10e76948,DELETE,regular-file,build/js/node_modules/postcss/lib/rule.js,569,
e07ad12e7b37dccdb4d5e2a0280b814af6e62ba2,DELETE,regular-file,build/js/node_modules/postcss/lib/stringifier.js,8220,
77bd0178bbc95d57719117bec456a086b5a142a0,DELETE,regular-file,build/js/node_modules/postcss/lib/stringify.js,213,
a142c268d464bd4093653baea44ea7abb85e1496,DELETE,regular-file,build/js/node_modules/postcss/lib/symbols.js,91,
6196c9df19d6fc2c3bd0c3de7dc662dca5408048,DELETE,regular-file,build/js/node_modules/postcss/lib/terminal-highlight.js,1399,
1d412845cef1b44bef2e217d020331bfb1381678,DELETE,regular-file,build/js/node_modules/postcss/lib/tokenize.js,6538,
316e1cf462f076c803b4f5e023c4d81bdba308b9,DELETE,regular-file,build/js/node_modules/postcss/lib/warn-once.js,256,
3a3d79c938026c5559f0f5538b6ab0d47d1e7a27,DELETE,regular-file,build/js/node_modules/postcss/lib/warning.js,739,
3eecf11488531cd40aed422f0a68bdf0e6a8611a,DELETE,regular-file,build/js/node_modules/process-nextick-args/index.js,1083,
a909b05064a377ed49b5aea673d0849970f050e9,DELETE,regular-file,build/js/node_modules/proxy-addr/index.js,6000,
b54a7cc42ac48524d2de2fa43979367e09fbe385,DELETE,regular-file,build/js/node_modules/proxy-addr/node_modules/ipaddr.js/ipaddr.min.js,9738,
18bd93b5e6dfd2af35147a656b913b952cfc7043,DELETE,regular-file,build/js/node_modules/proxy-addr/node_modules/ipaddr.js/lib/ipaddr.js,19333,
2c87f6cc4857331fb45f3d16a36575956ca9d6a3,DELETE,regular-file,build/js/node_modules/punycode/punycode.js,14670,
bd4df8cfa06d755795037cd782ea8779562d3c4a,DELETE,regular-file,build/js/node_modules/qjobs/examples/simple.js,1855,
dd05235b32407906c80622eeac9a18d22d9c802c,DELETE,regular-file,build/js/node_modules/qjobs/qjobs.js,5092,
d049a1b1eae73c8b2cdb6cd4b356462e32de3a8a,DELETE,regular-file,build/js/node_modules/qjobs/tests/abort.js,1416,
5b00b30c9695e2b689881e6febb5d52b4e27eca8,DELETE,regular-file,build/js/node_modules/qjobs/tests/basic.js,490,
5f448cc97b9eae707e52262f7e2f494410c558e0,DELETE,regular-file,build/js/node_modules/qjobs/tests/events.js,1311,
d3dbd7f3dd133af8a3cd41824a31869857370aa4,DELETE,regular-file,build/js/node_modules/qjobs/tests/interval.js,1271,
1948049fbf5d5d34e63cfc6ebe28d041aec38715,DELETE,regular-file,build/js/node_modules/qjobs/tests/pause.js,1692,
154e72e575b03030c71cfb3caf4a66855d2750ac,DELETE,regular-file,build/js/node_modules/qs/dist/qs.js,46649,
f36cf206b90ff764e9709be64d57f6da60b6307e,DELETE,regular-file,build/js/node_modules/qs/lib/formats.js,476,
0d6a97dcf096449e7100cb63bb05f232a7f790a5,DELETE,regular-file,build/js/node_modules/qs/lib/index.js,211,
3d74c7151ad43132580bb96b97305f088d69df3b,DELETE,regular-file,build/js/node_modules/qs/lib/parse.js,11317,
9b934d69b7f78bc48561c7c6a71f7f0b59a13ccd,DELETE,regular-file,build/js/node_modules/qs/lib/stringify.js,11331,
7c860f1b160ac08f9d0fc035e4b5a219826f158f,DELETE,regular-file,build/js/node_modules/qs/lib/utils.js,7267,
2b1190ef5a4fe07d96e137a062a5eb41c1170e35,DELETE,regular-file,build/js/node_modules/qs/test/empty-keys-cases.js,7698,
8a2f487c8d47cc2a8d709095195437f2804f44e9,DELETE,regular-file,build/js/node_modules/qs/test/parse.js,46874,
12b1c71d6dc3be9e254a58a5d1540a79675b307d,DELETE,regular-file,build/js/node_modules/qs/test/stringify.js,52947,
aa84dfdc62beb79b5b980fca5d6ba40c19caa123,DELETE,regular-file,build/js/node_modules/qs/test/utils.js,5112,
0fb0b7153f8ae86217ceca06b2385795ca669877,DELETE,regular-file,build/js/node_modules/randombytes/browser.js,1577,
a2d9e3911df215e0d02743835cbfc604d07ff5ea,DELETE,regular-file,build/js/node_modules/randombytes/index.js,47,
f26697697b64748bad36ea23add7987713196aa8,DELETE,regular-file,build/js/node_modules/randombytes/test.js,1893,
b7dc5c0f15fe00172c496cae3bc48f238a3a8469,DELETE,regular-file,build/js/node_modules/range-parser/index.js,2900,
9cdcd12217303cdbbf1c2524978db7ba3379555e,DELETE,regular-file,build/js/node_modules/raw-body/index.js,7171,
fb8e73e1893b100932468397b89076261f47ae61,DELETE,regular-file,build/js/node_modules/readable-stream/errors-browser.js,4197,
8471526d6e7f752d581942611d749ef6355ad1f5,DELETE,regular-file,build/js/node_modules/readable-stream/errors.js,3715,
78e841495bf24d46a2995496bdf2816935b1e66e,DELETE,regular-file,build/js/node_modules/readable-stream/experimentalWarning.js,460,
19abfa604d5ef7bf3646c1a70a848c3f0df8105a,DELETE,regular-file,build/js/node_modules/readable-stream/lib/_stream_duplex.js,4381,
24a6bdde2903fac66f638e578b831a7600761207,DELETE,regular-file,build/js/node_modules/readable-stream/lib/_stream_passthrough.js,1628,
df1f608d532606ba1df4eeaf3b6f577791dcd9ad,DELETE,regular-file,build/js/node_modules/readable-stream/lib/_stream_readable.js,36023,
1ccb7157be8b8c35df891c2c0905685a144a2e9a,DELETE,regular-file,build/js/node_modules/readable-stream/lib/_stream_transform.js,7936,
292415e23a192be6b7a7f35db37befa489117552,DELETE,regular-file,build/js/node_modules/readable-stream/lib/_stream_writable.js,21907,
742c5a4674794d9e7667c02dcbeb44bf8001b4d6,DELETE,regular-file,build/js/node_modules/readable-stream/lib/internal/streams/async_iterator.js,6468,
69bda497d35f347f1a510eef0fe2408e8d31923c,DELETE,regular-file,build/js/node_modules/readable-stream/lib/internal/streams/buffer_list.js,6905,
31a17c4dc463880722098b62598fe21bc9672132,DELETE,regular-file,build/js/node_modules/readable-stream/lib/internal/streams/destroy.js,3109,
59c671b5af769bc5797843837056ae419ab22e80,DELETE,regular-file,build/js/node_modules/readable-stream/lib/internal/streams/end-of-stream.js,3084,
a4ce56f3c90f60d3416e8e0328375c4b20213872,DELETE,regular-file,build/js/node_modules/readable-stream/lib/internal/streams/from-browser.js,101,
0a34ee92e3df85fd31734c3d95a43697df8fbbb9,DELETE,regular-file,build/js/node_modules/readable-stream/lib/internal/streams/from.js,3668,
e6f39241f98dd890dda9d4dbea076540ed43cabc,DELETE,regular-file,build/js/node_modules/readable-stream/lib/internal/streams/pipeline.js,2416,
3fbf8927e00179deca5a8855b4b4c17da9450676,DELETE,regular-file,build/js/node_modules/readable-stream/lib/internal/streams/state.js,745,
9332a3fdae7060505c0a081614e697fa6cb56dc0,DELETE,regular-file,build/js/node_modules/readable-stream/lib/internal/streams/stream-browser.js,49,
ce2ad5b6ee57f4778a1f4838f7970093c7941c1c,DELETE,regular-file,build/js/node_modules/readable-stream/lib/internal/streams/stream.js,36,
adbf60de832f9d6e066625f09d708670291e1bfd,DELETE,regular-file,build/js/node_modules/readable-stream/readable-browser.js,488,
9e0ca120ded827e5ba3343f826fa7462a841e092,DELETE,regular-file,build/js/node_modules/readable-stream/readable.js,729,
cf739b2dc5f56a2860667ce8e3f8f7f04ad551d0,DELETE,regular-file,build/js/node_modules/readdirp/index.js,8876,
cc76ae310325a7ba7f5de1d47303adf8b5954019,DELETE,regular-file,build/js/node_modules/rechoir/index.js,1493,
6fe5613b93a520359fdaf6b35263e89d466b2106,DELETE,regular-file,build/js/node_modules/rechoir/lib/extension.js,922,
af1122f11d977329be22f45b9d0aac4245207635,DELETE,regular-file,build/js/node_modules/rechoir/lib/normalize.js,260,
843e8ad6dd9375a4fa8b97c19d1df31823c4f3af,DELETE,regular-file,build/js/node_modules/rechoir/lib/register.js,340,
cd37da7ea87094123af77bdd3a7ecc4595bf3388,DELETE,regular-file,build/js/node_modules/require-directory/index.js,2867,
cb5595fde96fbb91b5267aad801b64adbbf3e336,DELETE,regular-file,build/js/node_modules/require-from-string/index.js,866,
4f267b26c7284dd94e97950aa32e087cb159887d,DELETE,regular-file,build/js/node_modules/requires-port/index.js,753,
93a0c749809a72a4c302436b300666af45c6a4bc,DELETE,regular-file,build/js/node_modules/requires-port/test.js,3393,
82dd33c90cd97238fdb463dae2ae5a54493c368c,DELETE,regular-file,build/js/node_modules/resolve-cwd/index.js,208,
44f291c1f0503fb3a98b77aceefe79533ea8f124,DELETE,regular-file,build/js/node_modules/resolve-from/index.js,1201,
f38c5813ebd04ab8bf6988cc0186b9f95433f7e2,DELETE,regular-file,build/js/node_modules/resolve/async.js,56,
20e65dc281dbaa3947a1c5d1b1a0bc94167c2073,DELETE,regular-file,build/js/node_modules/resolve/example/async.js,155,
54b2cc1004223d114e38bbd46fe9a0f5b73ca7e2,DELETE,regular-file,build/js/node_modules/resolve/example/sync.js,103,
125d8146423596fa289ec4edf8e3c78ef92eb7c7,DELETE,regular-file,build/js/node_modules/resolve/index.js,174,
60d2555fc3bd01a9461393cc52d3c746b137312f,DELETE,regular-file,build/js/node_modules/resolve/lib/async.js,11391,
b14a2804ae828a4c39c9f949611236cd6ef7a45d,DELETE,regular-file,build/js/node_modules/resolve/lib/caller.js,354,
57b048f1386ff93b941e8d375d878041535f1964,DELETE,regular-file,build/js/node_modules/resolve/lib/core.js,309,
5ffdf73bb336aea8649f285547a6f08f779a7be1,DELETE,regular-file,build/js/node_modules/resolve/lib/homedir.js,805,
537f5c782ffe55c97e43920e8405856a9e828ada,DELETE,regular-file,build/js/node_modules/resolve/lib/is-core.js,116,
1cff0107b5862c3cf080030ac3eeb8244e7328b5,DELETE,regular-file,build/js/node_modules/resolve/lib/node-modules-paths.js,1294,
4b56904eaea72ba024f96728fff40e1be4af7df0,DELETE,regular-file,build/js/node_modules/resolve/lib/normalize-options.js,348,
0b6cd58d44b1c2be6e662f481ba3bc75f2a9780d,DELETE,regular-file,build/js/node_modules/resolve/lib/sync.js,7025,
cd0ee040177e92c676b1a063406c743289719bd0,DELETE,regular-file,build/js/node_modules/resolve/sync.js,55,
a477adc5ce2a4464362d617a21604b367a8d9718,DELETE,regular-file,build/js/node_modules/resolve/test/core.js,3058,
30806659be2ef27d410722636d6f79c8f8e999b0,DELETE,regular-file,build/js/node_modules/resolve/test/dotdot.js,799,
67f2534ebf90dcc4c2c1c13ce3ab52c41f4d2ed9,DELETE,regular-file,build/js/node_modules/resolve/test/dotdot/abc/index.js,39,
643f9fcc6a6a7cf025dcc86559e83d00b993ed96,DELETE,regular-file,build/js/node_modules/resolve/test/dotdot/index.js,29,
5f2141a67267bceaf743ab292ca8e7bebb2b6bbc,DELETE,regular-file,build/js/node_modules/resolve/test/faulty_basedir.js,807,
8f8cccdb2f59f3ea03a27151da52f73ed9f068de,DELETE,regular-file,build/js/node_modules/resolve/test/filter.js,1045,
8a43b9818973dfba95a2389f27e966ff4f315343,DELETE,regular-file,build/js/node_modules/resolve/test/filter_sync.js,1427,
3b8c9b32c87bd73fb2a3ec42494d13faae1594e4,DELETE,regular-file,build/js/node_modules/resolve/test/home_paths.js,4472,
5d2c56fd35d0a3ad072c3549f12695c93654aaed,DELETE,regular-file,build/js/node_modules/resolve/test/home_paths_sync.js,3797,
611627549889541b31e4eb8d8f9277871a452076,DELETE,regular-file,build/js/node_modules/resolve/test/mock.js,10012,
c5a7e2a98030d90cc256c9f4174eafdce395280d,DELETE,regular-file,build/js/node_modules/resolve/test/mock_sync.js,6047,
b50e5bb1751d69694deaae36d5f0bc6691498008,DELETE,regular-file,build/js/node_modules/resolve/test/module_dir.js,1558,
dd7cf7b2d022daae3c3f7628fcfb2f8bf186efac,DELETE,regular-file,build/js/node_modules/resolve/test/module_dir/xmodules/aaa/index.js,51,
ef2d4d4bf76e61fdfe16ef406c9752c6435138f3,DELETE,regular-file,build/js/node_modules/resolve/test/module_dir/ymodules/aaa/index.js,51,
e8ba629936a7ad11134ac826edfad2379759c7cb,DELETE,regular-file,build/js/node_modules/resolve/test/module_dir/zmodules/bbb/main.js,51,
675441db2ced7b7facac9b7344fe8ea98c16e45b,DELETE,regular-file,build/js/node_modules/resolve/test/node-modules-paths.js,5101,
e463d6c8c313b3554d5d4e07643fea29cfa86c51,DELETE,regular-file,build/js/node_modules/resolve/test/node_path.js,2128,
ad70d0bb03f6f433224a681f9055fe9d0a388dfc,DELETE,regular-file,build/js/node_modules/resolve/test/node_path/x/aaa/index.js,22,
a64132e4c7e52cfea76744d826e99932e994c7c1,DELETE,regular-file,build/js/node_modules/resolve/test/node_path/x/ccc/index.js,22,
4d0f32e24368185d6f3c16445f88b902329025d6,DELETE,regular-file,build/js/node_modules/resolve/test/node_path/y/bbb/index.js,22,
793315e846687e1dd2bae012fc30676b2a421753,DELETE,regular-file,build/js/node_modules/resolve/test/node_path/y/ccc/index.js,23,
ef63c40f9393dc63219d5e3debb7ed6db175c455,DELETE,regular-file,build/js/node_modules/resolve/test/nonstring.js,182,
16519aeae51c4fb65b8ccdd69f303a2315358ef3,DELETE,regular-file,build/js/node_modules/resolve/test/pathfilter.js,2248,
e69de29bb2d1d6434b8b29ae775ad8c2e48c5391,DELETE,regular-file,build/js/node_modules/resolve/test/pathfilter/deep_ref/main.js,0,
2febb598fbc06832ce5b076735cb9f79fb257c7c,DELETE,regular-file,build/js/node_modules/resolve/test/precedence.js,646,
b83a3e7ad98d17536ebc574326276c0fe341b99a,DELETE,regular-file,build/js/node_modules/resolve/test/precedence/aaa.js,24,
e0f8f6abf72f7fe517abf6c57fae219b831b1cc9,DELETE,regular-file,build/js/node_modules/resolve/test/precedence/aaa/index.js,25,
93542a965e0ea4fa1a548dcb4491e1defd73afe0,DELETE,regular-file,build/js/node_modules/resolve/test/precedence/aaa/main.js,28,
2298f47fdd16dcc8375b62d1a15109a5833da926,DELETE,regular-file,build/js/node_modules/resolve/test/precedence/bbb.js,24,
716b81d4bd463f66980f3cb44588b283bfb23edc,DELETE,regular-file,build/js/node_modules/resolve/test/precedence/bbb/main.js,44,
df8211af3af3d2059ce2a665e936390fcc4529a4,DELETE,regular-file,build/js/node_modules/resolve/test/resolver.js,20062,
e69de29bb2d1d6434b8b29ae775ad8c2e48c5391,DELETE,regular-file,build/js/node_modules/resolve/test/resolver/baz/doom.js,0,
bd816eaba4ca3be8e4d68cfc0ae9f64b5aa712cc,DELETE,regular-file,build/js/node_modules/resolve/test/resolver/baz/quux.js,20,
e69de29bb2d1d6434b8b29ae775ad8c2e48c5391,DELETE,regular-file,build/js/node_modules/resolve/test/resolver/browser_field/a.js,0,
e69de29bb2d1d6434b8b29ae775ad8c2e48c5391,DELETE,regular-file,build/js/node_modules/resolve/test/resolver/browser_field/b.js,0,
bd816eaba4ca3be8e4d68cfc0ae9f64b5aa712cc,DELETE,regular-file,build/js/node_modules/resolve/test/resolver/dot_main/index.js,20,
bd816eaba4ca3be8e4d68cfc0ae9f64b5aa712cc,DELETE,regular-file,build/js/node_modules/resolve/test/resolver/dot_slash_main/index.js,20,
e69de29bb2d1d6434b8b29ae775ad8c2e48c5391,DELETE,regular-file,build/js/node_modules/resolve/test/resolver/false_main/index.js,0,
bd816eaba4ca3be8e4d68cfc0ae9f64b5aa712cc,DELETE,regular-file,build/js/node_modules/resolve/test/resolver/foo.js,20,
bc1fb0a6f4ede17ec05e767ca8ccacbc3015ff70,DELETE,regular-file,build/js/node_modules/resolve/test/resolver/incorrect_main/index.js,116,
e69de29bb2d1d6434b8b29ae775ad8c2e48c5391,DELETE,regular-file,build/js/node_modules/resolve/test/resolver/mug.js,0,
8875a32df0ffc4eda94bb6c6dd9855ac604820c4,DELETE,regular-file,build/js/node_modules/resolve/test/resolver/multirepo/packages/package-a/index.js,1319,
e69de29bb2d1d6434b8b29ae775ad8c2e48c5391,DELETE,regular-file,build/js/node_modules/resolve/test/resolver/multirepo/packages/package-b/index.js,0,
9b4846a82a77be169097f041f791070732229cb7,DELETE,regular-file,build/js/node_modules/resolve/test/resolver/nested_symlinks/mylib/async.js,858,
3283efc2ec81f8d2a62be9a1fd28a192403ce549,DELETE,regular-file,build/js/node_modules/resolve/test/resolver/nested_symlinks/mylib/sync.js,606,
e69de29bb2d1d6434b8b29ae775ad8c2e48c5391,DELETE,regular-file,build/js/node_modules/resolve/test/resolver/other_path/lib/other-lib.js,0,
e69de29bb2d1d6434b8b29ae775ad8c2e48c5391,DELETE,regular-file,build/js/node_modules/resolve/test/resolver/other_path/root.js,0,
bd816eaba4ca3be8e4d68cfc0ae9f64b5aa712cc,DELETE,regular-file,build/js/node_modules/resolve/test/resolver/quux/foo/index.js,20,
888cae37af95c51299d735439cf896dc4d5aaafc,DELETE,regular-file,build/js/node_modules/resolve/test/resolver/same_names/foo.js,21,
bd816eaba4ca3be8e4d68cfc0ae9f64b5aa712cc,DELETE,regular-file,build/js/node_modules/resolve/test/resolver/same_names/foo/index.js,20,
e69de29bb2d1d6434b8b29ae775ad8c2e48c5391,DELETE,regular-file,build/js/node_modules/resolve/test/resolver/symlinked/_/node_modules/foo.js,0,
cb1c2c01e753b31f6e550e991a82022f7acf8638,DELETE,regular-file,build/js/node_modules/resolve/test/resolver/symlinked/package/bar.js,24,
5b31975be69da5efea03fac676afa5f2199831be,DELETE,regular-file,build/js/node_modules/resolve/test/resolver/without_basedir/main.js,111,
a6df8ced4682af11914d60c7a6a96b8a33ab438b,DELETE,regular-file,build/js/node_modules/resolve/test/resolver_sync.js,20949,
3a5f4fcff728f305c2d3d17a416fea4cbfe31f6b,DELETE,regular-file,build/js/node_modules/resolve/test/shadowed_core.js,1814,
e69de29bb2d1d6434b8b29ae775ad8c2e48c5391,DELETE,regular-file,build/js/node_modules/resolve/test/shadowed_core/node_modules/util/index.js,0,
b7b8450a9ef231940eca37b8fe951310147a9470,DELETE,regular-file,build/js/node_modules/resolve/test/subdirs.js,353,
35f881afb8c7e043567cf85953d9046c011cec3d,DELETE,regular-file,build/js/node_modules/resolve/test/symlinks.js,6535,
446729b6f9af6b50cf7b05bab5465dd1e803ae78,DELETE,regular-file,build/js/node_modules/retry/example/dns.js,687,
e1ceafeebafc511c764c424403959e2e48892f7b,DELETE,regular-file,build/js/node_modules/retry/example/stop.js,888,
ee62f3a112c28bc8a9da42f6909b011a3253f164,DELETE,regular-file,build/js/node_modules/retry/index.js,40,
5e85e79197d36c0937c0cb45abb1f1d1465ba9a9,DELETE,regular-file,build/js/node_modules/retry/lib/retry.js,2345,
105ce72b2be8e13cb4eb972f5c20b362b3fb9404,DELETE,regular-file,build/js/node_modules/retry/lib/retry_operation.js,3716,
51b108d35088d9fd8db2e706e32e79bf33ee8177,DELETE,regular-file,build/js/node_modules/rfdc/default.js,55,
a964561bfab9d9e36b9fb2829c052547bc0dad9e,DELETE,regular-file,build/js/node_modules/rfdc/index.js,5847,
5bdd9acaff929ec7675dc2ae142e27f4913ef983,DELETE,regular-file,build/js/node_modules/rfdc/test/index.js,12068,
023814cc93e849acbfabc660445c983dc64fbdb1,DELETE,executable,build/js/node_modules/rimraf/bin.js,1878,
34da4171d755982aa94a42e316d24fbc3b8ff1dd,DELETE,regular-file,build/js/node_modules/rimraf/rimraf.js,8866,
f8d3ec98852f449b44b7d89fc82bae737c69f3fc,DELETE,regular-file,build/js/node_modules/safe-buffer/index.js,1670,
bf751bc3dda0a7a06054b7f8762e6dd7e9f3618c,DELETE,regular-file,build/js/node_modules/safe-regex-test/index.js,405,
6420e0771a3070a82ad03d6a227e78ce2f0ebdc7,DELETE,regular-file,build/js/node_modules/safe-regex-test/test/index.js,936,
ca41fdc549b6553e811d35e44730a51bec68be99,DELETE,regular-file,build/js/node_modules/safer-buffer/dangerous.js,1483,
37c7e1aa6cbd4effd94ee28bd7b0655756b80cea,DELETE,regular-file,build/js/node_modules/safer-buffer/safer.js,2110,
7ed2777c92a7991807c516027d5f73d0b47e781b,DELETE,regular-file,build/js/node_modules/safer-buffer/tests.js,15735,
bc6a84fafa401b43c23beaeec805ecbc84ba8d35,DELETE,regular-file,build/js/node_modules/schema-utils/dist/ValidationError.js,36269,
bb7e5c4be724e8a2376083ef7e8003817d0690ca,DELETE,regular-file,build/js/node_modules/schema-utils/dist/index.js,557,
ee9f44434a2c5e690e93384c560c717fa8896a48,DELETE,regular-file,build/js/node_modules/schema-utils/dist/keywords/absolutePath.js,2636,
127cdea40f843af2b0d23294f4591a2662ccc057,DELETE,regular-file,build/js/node_modules/schema-utils/dist/keywords/limit.js,4095,
97f72a3baeda8bb08db92ca441a873fcbbce5be0,DELETE,regular-file,build/js/node_modules/schema-utils/dist/keywords/undefinedAsNull.js,1068,
318ebabd46537de4f2922d4bd1cbaba2d9f8ae9c,DELETE,regular-file,build/js/node_modules/schema-utils/dist/util/Range.js,4052,
53783d11bcf16540605a1f41e0b5c9c3db329317,DELETE,regular-file,build/js/node_modules/schema-utils/dist/util/hints.js,2762,
6ec063cd6db321062b32ab7823f817731c154203,DELETE,regular-file,build/js/node_modules/schema-utils/dist/util/memorize.js,634,
2848f9c79c10139c17f1287425fa096cfb4f0b56,DELETE,regular-file,build/js/node_modules/schema-utils/dist/validate.js,6297,
56519017f3b3d5779edabfaf22e610769bf1a61c,DELETE,regular-file,build/js/node_modules/select-hose/lib/hose.js,2256,
e91a00ac2f8bde8a06b9232ed8eb85a698180110,DELETE,regular-file,build/js/node_modules/select-hose/test/api-test.js,2809,
99a1244a78a85d8d057db29487c9c0f5a42b8d1d,DELETE,regular-file,build/js/node_modules/select-hose/test/fixtures.js,293,
fa27d8eaea7f17ddc0253da9280ccaf0d0bce4d5,DELETE,regular-file,build/js/node_modules/selfsigned/index.js,6525,
be003fb85a142dc206550d79989365873a7d6489,DELETE,regular-file,build/js/node_modules/selfsigned/test/tests.js,5946,
dbb1bf534ec72246c07ee57bbd8759a5e509d9e6,DELETE,executable,build/js/node_modules/semver/bin/semver.js,4739,
647c1f0976fd7838c1b8fe0ba59888f088fb3c5d,DELETE,regular-file,build/js/node_modules/semver/classes/comparator.js,3631,
91c24ec4a726497e218889190d533e754a8c1143,DELETE,regular-file,build/js/node_modules/semver/classes/index.js,143,
f80c2359c6b82f127be15e65850044fa5fe4007b,DELETE,regular-file,build/js/node_modules/semver/classes/range.js,14938,
2efba0f4b6451e0a78557f2b959b348f0ee551ca,DELETE,regular-file,build/js/node_modules/semver/classes/semver.js,9297,
79703d6316617ea8df49384c47b1e235357ff1a9,DELETE,regular-file,build/js/node_modules/semver/functions/clean.js,205,
77487dcaac5f502ad1172a54a7047bcafbfbda4d,DELETE,regular-file,build/js/node_modules/semver/functions/cmp.js,961,
cfe027599516f3d6c2165a1858d50d7810dc9dba,DELETE,regular-file,build/js/node_modules/semver/functions/coerce.js,2004,
99157cf3d105e07072d856b72475983836e2a48a,DELETE,regular-file,build/js/node_modules/semver/functions/compare-build.js,281,
75316346a81cb3b3ba74442fb24583d6972a48ee,DELETE,regular-file,build/js/node_modules/semver/functions/compare-loose.js,132,
63d8090c626cea207b5cc1fbb022dd51881bbf99,DELETE,regular-file,build/js/node_modules/semver/functions/compare.js,170,
04e064e9196b58d64737515c01fe2deb3237554e,DELETE,regular-file,build/js/node_modules/semver/functions/diff.js,1421,
5f0eead1169fe5e7d661ff2bb2b9bede6967014b,DELETE,regular-file,build/js/node_modules/semver/functions/eq.js,126,
84a57ddff50a098bafaa44973830114fa150c3fa,DELETE,regular-file,build/js/node_modules/semver/functions/gt.js,124,
7c52bdf2529ad82aacf17bb895d18bc228da19ec,DELETE,regular-file,build/js/node_modules/semver/functions/gte.js,127,
ff999e9d04d7fa3a725621912399df35f450c845,DELETE,regular-file,build/js/node_modules/semver/functions/inc.js,478,
2fb32a0e63c9a140cc3acb351cd5ce6c3c75d501,DELETE,regular-file,build/js/node_modules/semver/functions/lt.js,124,
da9ee8f4e4404e5acf0af1045b6045534dbbfe06,DELETE,regular-file,build/js/node_modules/semver/functions/lte.js,127,
e6d08dc20cf20bc84e954762375ece363452c616,DELETE,regular-file,build/js/node_modules/semver/functions/major.js,136,
9e70ffda19223a878a2dbb2851d7092e776eb1c7,DELETE,regular-file,build/js/node_modules/semver/functions/minor.js,136,
84326b773361035e89898edc52fa69bd96371003,DELETE,regular-file,build/js/node_modules/semver/functions/neq.js,128,
d544d33a7e93cb8e88a0641d3666398c3d515759,DELETE,regular-file,build/js/node_modules/semver/functions/parse.js,331,
7675162f1742afbe0750d1c28fb3ac9695384a74,DELETE,regular-file,build/js/node_modules/semver/functions/patch.js,136,
b8fe1db5049a23a0c772a465e48932f3de7d5d65,DELETE,regular-file,build/js/node_modules/semver/functions/prerelease.js,234,
8e1c222b2ffc24e93a52378ad4d158dbc0d63c27,DELETE,regular-file,build/js/node_modules/semver/functions/rcompare.js,132,
5d3d20096844b17956ee75c1f44e8885d7eb0396,DELETE,regular-file,build/js/node_modules/semver/functions/rsort.js,163,
a0264a222ac82d7271d755bbb40390961871601c,DELETE,regular-file,build/js/node_modules/semver/functions/satisfies.js,247,
edb24b1dc3324d6938191b41d7003db4489b7f90,DELETE,regular-file,build/js/node_modules/semver/functions/sort.js,161,
0db67edcb5952a9b56dfe514b4d934da090c4e65,DELETE,regular-file,build/js/node_modules/semver/functions/valid.js,176,
285662acb32892e926f05d2bef2306048edc825b,DELETE,regular-file,build/js/node_modules/semver/index.js,2630,
6d1db9154331d4198faadda0a5432b6b1cc3a5e8,DELETE,regular-file,build/js/node_modules/semver/internal/constants.js,873,
20d1e9dceea90e730220344671d4807203f5d9d8,DELETE,regular-file,build/js/node_modules/semver/internal/debug.js,240,
a4613dee7977f09f21c34995e3335103fdb574f4,DELETE,regular-file,build/js/node_modules/semver/internal/identifiers.js,424,
b8bf5262a0505c8b4bba7003a7cd1bd898fed789,DELETE,regular-file,build/js/node_modules/semver/internal/lrucache.js,802,
5295454130d421f5b9e54bae4572b3615af696bf,DELETE,regular-file,build/js/node_modules/semver/internal/parse-options.js,338,
4758c58d424a9be78121fb0bc4a9521899952572,DELETE,regular-file,build/js/node_modules/semver/internal/re.js,8141,
e6c47b9b051d9bdeb19eb26c362ff97907e9c69f,DELETE,regular-file,build/js/node_modules/semver/preload.js,83,
0e7601f693554a1c24854ca0be67447b70b7ca16,DELETE,regular-file,build/js/node_modules/semver/ranges/gtr.js,231,
917be7e4293d2b0f5a7cd6327addaab0f18c7ef1,DELETE,regular-file,build/js/node_modules/semver/ranges/intersects.js,224,
aa5e568ec279da4a3c292694ed066b2fde4e14b7,DELETE,regular-file,build/js/node_modules/semver/ranges/ltr.js,227,
01fe5ae383715768e93e2b2c5f3c006a6212fb83,DELETE,regular-file,build/js/node_modules/semver/ranges/max-satisfying.js,593,
af89c8ef4326921204264943a9e37ef4fc151ccd,DELETE,regular-file,build/js/node_modules/semver/ranges/min-satisfying.js,591,
09a65aa36fd5178264b77a05b19bc187b289294a,DELETE,regular-file,build/js/node_modules/semver/ranges/min-version.js,1514,
ca7442120798eaff9d2cd621562a5a4b11da3629,DELETE,regular-file,build/js/node_modules/semver/ranges/outside.js,2204,
262732e670d7dfdca05bb3278321dff65a8bd984,DELETE,regular-file,build/js/node_modules/semver/ranges/simplify.js,1355,
2c49aef1be5e87719bc7922aba4377abbfd57f9a,DELETE,regular-file,build/js/node_modules/semver/ranges/subset.js,7524,
5be251961acbdfa429cf087f94ad3b4c1719764e,DELETE,regular-file,build/js/node_modules/semver/ranges/to-comparators.js,282,
cc6b0e9f68f95f8a5a26f47fa9fddb06f3625e7a,DELETE,regular-file,build/js/node_modules/semver/ranges/valid.js,326,
768f8ca60ccb772ef00c6a910753793ad73440c1,DELETE,regular-file,build/js/node_modules/send/index.js,23455,
fc4906c6c7896396a877e1f369c78f804e3afa10,DELETE,regular-file,build/js/node_modules/send/node_modules/encodeurl/index.js,1586,
20b1ffeb2f97648e0faa7e022c98ed9e6a8e9a0d,DELETE,executable,build/js/node_modules/send/node_modules/mime/cli.js,149,
d7efbde70b8e95fb7f67da9c8cfed11ce8ce4133,DELETE,regular-file,build/js/node_modules/send/node_modules/mime/mime.js,2726,
4928e48bcd5db783074ca4d842ba24931645e1f6,DELETE,executable,build/js/node_modules/send/node_modules/mime/src/build.js,1351,
42958a20d5bdbae6a4724c6a8cc99f292b00b265,DELETE,regular-file,build/js/node_modules/send/node_modules/mime/src/test.js,2334,
156f8f917f41ff5eea61809d4bcd7125091ff2c6,DELETE,regular-file,build/js/node_modules/serialize-javascript/index.js,8659,
e3a619f962635a96cb694e890bcecf7c4eac3f2b,DELETE,regular-file,build/js/node_modules/serve-index/index.js,15703,
d758d3c8f58a60bf27ef377ad77639bf10ce7854,DELETE,regular-file,build/js/node_modules/serve-index/node_modules/depd/index.js,10669,
6be45cc20b33f20dcdc580b9709f1a4a20bb87a1,DELETE,regular-file,build/js/node_modules/serve-index/node_modules/depd/lib/browser/index.js,1512,
73186dc644a3667aaab933bd6a9c187f87afd055,DELETE,regular-file,build/js/node_modules/serve-index/node_modules/depd/lib/compat/callsite-tostring.js,2229,
3a8925d136ae6efd96b42301d9e0962ec45eeb5b,DELETE,regular-file,build/js/node_modules/serve-index/node_modules/depd/lib/compat/event-listener-count.js,338,
955b3336b25e790857ad269ae7794953f42f5682,DELETE,regular-file,build/js/node_modules/serve-index/node_modules/depd/lib/compat/index.js,1421,
9509303ed44fb77de1f6c5c713c2e8032773a0af,DELETE,regular-file,build/js/node_modules/serve-index/node_modules/http-errors/index.js,5758,
3b94763a76eef0599dba6d0a7044b89c5a9d2033,DELETE,regular-file,build/js/node_modules/serve-index/node_modules/inherits/inherits.js,192,
c1e78a75e6b52b7434e7e8aa0d64d8abd593763b,DELETE,regular-file,build/js/node_modules/serve-index/node_modules/inherits/inherits_browser.js,672,
93ea4176c6e770436959666cdd610778c975e989,DELETE,regular-file,build/js/node_modules/serve-index/node_modules/setprototypeof/index.js,334,
4df469a05d1a293ac67077f149f17b24ff49d2b1,DELETE,regular-file,build/js/node_modules/serve-index/node_modules/statuses/index.js,2088,
3f3e64e9eaad83c4638b1a458ecfa6c49a6bebc1,DELETE,regular-file,build/js/node_modules/serve-static/index.js,4521,
c5270551e93921ccd9eda9ce2b33e54490e57f05,DELETE,regular-file,build/js/node_modules/setprototypeof/index.js,407,
afeb4ddb2921824491502d0f68a0a3a44cf28aa1,DELETE,regular-file,build/js/node_modules/setprototypeof/test/index.js,690,
012746ff76023865c38d5e3f305a4f1f88853aaf,DELETE,regular-file,build/js/node_modules/shallow-clone/index.js,1887,
f35db30851c777b62df472eae9fb8e1e658b2095,DELETE,regular-file,build/js/node_modules/shebang-command/index.js,387,
63fc4a0b678909ba66c6dac127a64b0836bbd67d,DELETE,regular-file,build/js/node_modules/shebang-regex/index.js,42,
28fb42d258b775513b1ab63f76c88874ee9b490b,DELETE,regular-file,build/js/node_modules/shell-quote/index.js,87,
71d2eea42fef36b9a89834db5bb50db66e664282,DELETE,regular-file,build/js/node_modules/shell-quote/parse.js,5188,
5152aedd4da95903911713bfcfaa0b1e0bbc06c6,DELETE,regular-file,build/js/node_modules/shell-quote/quote.js,497,
fb15d5cb989f62b6df85284000ce4c146e8fbcb2,DELETE,regular-file,build/js/node_modules/shell-quote/test/comment.js,642,
4cc0a515cfafdb40c8c24ad6bbf568cb5d4b72a5,DELETE,regular-file,build/js/node_modules/shell-quote/test/env.js,1854,
968e9120ca348f23b22465fddcbc40012fac5e22,DELETE,regular-file,build/js/node_modules/shell-quote/test/env_fn.js,483,
38d37576547aeae963868a050e8658724ca94463,DELETE,regular-file,build/js/node_modules/shell-quote/test/op.js,3053,
e6c36b1ac7f23efe870f99c9d2251143bb398caf,DELETE,regular-file,build/js/node_modules/shell-quote/test/parse.js,1455,
814707f2d4a95938904ebaa30c6961e1501200de,DELETE,regular-file,build/js/node_modules/shell-quote/test/quote.js,1650,
9694538ad82c5da95c85fbae8a8a68cd06c94a8c,DELETE,regular-file,build/js/node_modules/shell-quote/test/set.js,565,
8d6f98ca19971b02bfdbfe4909a2532a3d25b2f0,DELETE,regular-file,build/js/node_modules/side-channel-list/index.js,3391,
3ad4368794e0f6996bb27f9c93ea1fddae3b8ff9,DELETE,regular-file,build/js/node_modules/side-channel-list/test/index.js,2613,
e111100bfd6cc8b296a20276d8238e3a910f676d,DELETE,regular-file,build/js/node_modules/side-channel-map/index.js,1981,
17433239ee490b8f734c5c60198eae699e201c65,DELETE,regular-file,build/js/node_modules/side-channel-map/test/index.js,2875,
e5b8183d9717d5917efee321be4bf12c01c025cb,DELETE,regular-file,build/js/node_modules/side-channel-weakmap/index.js,2708,
a01248b5729c1308909cdd62a8344b8de9b19c89,DELETE,regular-file,build/js/node_modules/side-channel-weakmap/test/index.js,2969,
a8a9b0559a329d2057e3d758bb48203369cd77d6,DELETE,regular-file,build/js/node_modules/side-channel/index.js,1189,
bd1e7c2a2af3b1e074b6bc5fba4e98b1294c923e,DELETE,regular-file,build/js/node_modules/side-channel/test/index.js,2573,
93703f369265c6771ae720335b27b2014049bea5,DELETE,regular-file,build/js/node_modules/signal-exit/index.js,5708,
3bd67a8a554e30dddb9854997ab9485ac01e90dc,DELETE,regular-file,build/js/node_modules/signal-exit/signals.js,1295,
7b1fe9d6b05bcd0630902aa2fe87b2eda0bf5535,DELETE,regular-file,build/js/node_modules/socket.io-adapter/dist/cluster-adapter.js,26569,
490b158d017281e55dc2d774e52af4f86a7af451,DELETE,regular-file,build/js/node_modules/socket.io-adapter/dist/contrib/yeast.js,1500,
1bfabf6c9abcbb9e2b6cd1984e67a0c5f33ac4eb,DELETE,regular-file,build/js/node_modules/socket.io-adapter/dist/in-memory-adapter.js,13155,
fb70e7eb28424e89cbde9453826c1be2ec23e5d9,DELETE,regular-file,build/js/node_modules/socket.io-adapter/dist/index.js,1025,
8d808e5889da5f71646d4e2d1933ead35832710d,DELETE,regular-file,build/js/node_modules/socket.io-adapter/node_modules/debug/src/browser.js,6020,
e3291b20faa1a61fa5acff50d84dba10a97cc3b6,DELETE,regular-file,build/js/node_modules/socket.io-adapter/node_modules/debug/src/common.js,6289,
bf4c57f259df2e16761b45e2636db307c89ba419,DELETE,regular-file,build/js/node_modules/socket.io-adapter/node_modules/debug/src/index.js,314,
715560a4ca8fb4c8dd6353eafdde6e83af28f05e,DELETE,regular-file,build/js/node_modules/socket.io-adapter/node_modules/debug/src/node.js,4728,
4dfe08f36f73abe40d73c0322b741dba9eb68caf,DELETE,regular-file,build/js/node_modules/socket.io-parser/build/cjs/binary.js,2991,
df8258800b1a3d3b6d58f5cb1e026790cc92922a,DELETE,regular-file,build/js/node_modules/socket.io-parser/build/cjs/index.js,10517,
4b7c23478c6abc616b9342908bcdb3c6b74294c4,DELETE,regular-file,build/js/node_modules/socket.io-parser/build/cjs/is-binary.js,1746,
5d5c3d8ac57276c748ed48e3875ff4776ee90145,DELETE,regular-file,build/js/node_modules/socket.io-parser/build/esm-debug/binary.js,2743,
591bcdcd9f096d53eca45bc7198e18d2c27ee429,DELETE,regular-file,build/js/node_modules/socket.io-parser/build/esm-debug/index.js,10210,
0c654dd8c053dc7c95accd33467a7130a5409679,DELETE,regular-file,build/js/node_modules/socket.io-parser/build/esm-debug/is-binary.js,1576,
5d5c3d8ac57276c748ed48e3875ff4776ee90145,DELETE,regular-file,build/js/node_modules/socket.io-parser/build/esm/binary.js,2743,
0fb688653658a863c9fa91418ab98e00a068ece9,DELETE,regular-file,build/js/node_modules/socket.io-parser/build/esm/index.js,9978,
0c654dd8c053dc7c95accd33467a7130a5409679,DELETE,regular-file,build/js/node_modules/socket.io-parser/build/esm/is-binary.js,1576,
8d808e5889da5f71646d4e2d1933ead35832710d,DELETE,regular-file,build/js/node_modules/socket.io-parser/node_modules/debug/src/browser.js,6020,
e3291b20faa1a61fa5acff50d84dba10a97cc3b6,DELETE,regular-file,build/js/node_modules/socket.io-parser/node_modules/debug/src/common.js,6289,
bf4c57f259df2e16761b45e2636db307c89ba419,DELETE,regular-file,build/js/node_modules/socket.io-parser/node_modules/debug/src/index.js,314,
715560a4ca8fb4c8dd6353eafdde6e83af28f05e,DELETE,regular-file,build/js/node_modules/socket.io-parser/node_modules/debug/src/node.js,4728,
53b3941c6648bf8ffac7303460d4e44cb6d0a5fa,DELETE,regular-file,build/js/node_modules/socket.io/client-dist/socket.io.esm.min.js,40429,
b62e478d435bdc94a5f8eb7eda7b76324c7ccd31,DELETE,regular-file,build/js/node_modules/socket.io/client-dist/socket.io.js,154232,
c72110d7fa4ed539768ccf66182eb372bba3d68e,DELETE,regular-file,build/js/node_modules/socket.io/client-dist/socket.io.min.js,46831,
13659404c8f1bd1b901d28ec70aaa1fa0e103679,DELETE,regular-file,build/js/node_modules/socket.io/client-dist/socket.io.msgpack.min.js,50377,
d300b9399b514c100d265698afb6d77257bcc87f,DELETE,regular-file,build/js/node_modules/socket.io/dist/broadcast-operator.js,14844,
420db454db8297ef5f9ccc134cfb63f123f3c863,DELETE,regular-file,build/js/node_modules/socket.io/dist/client.js,7849,
a8cba59dfbd8e91bd6ea28eabc265dba2fdbfde5,DELETE,regular-file,build/js/node_modules/socket.io/dist/index.js,27936,
ecaee816474c75fb3b19ef85d2b69ff808014b18,DELETE,regular-file,build/js/node_modules/socket.io/dist/namespace.js,19203,
d2a34296373fba7470e85f5c8956ef5b08f837bd,DELETE,regular-file,build/js/node_modules/socket.io/dist/parent-namespace.js,3551,
6fe44a816b301d53cc9e03b450916e6a1e0a7754,DELETE,regular-file,build/js/node_modules/socket.io/dist/socket-types.js,267,
b75eb490befd4333ca13b70f21723681cdb99a6b,DELETE,regular-file,build/js/node_modules/socket.io/dist/socket.js,30190,
f0526cf8b4fc1ce7ceeadcbfedf03bf49504f735,DELETE,regular-file,build/js/node_modules/socket.io/dist/typed-events.js,2590,
5f16cd9b034cfc62d2691cea2dcfab7169bae670,DELETE,regular-file,build/js/node_modules/socket.io/dist/uws.js,5674,
8d808e5889da5f71646d4e2d1933ead35832710d,DELETE,regular-file,build/js/node_modules/socket.io/node_modules/debug/src/browser.js,6020,
e3291b20faa1a61fa5acff50d84dba10a97cc3b6,DELETE,regular-file,build/js/node_modules/socket.io/node_modules/debug/src/common.js,6289,
bf4c57f259df2e16761b45e2636db307c89ba419,DELETE,regular-file,build/js/node_modules/socket.io/node_modules/debug/src/index.js,314,
715560a4ca8fb4c8dd6353eafdde6e83af28f05e,DELETE,regular-file,build/js/node_modules/socket.io/node_modules/debug/src/node.js,4728,
ba4063be38258f743f7064f1deed1288a1ee1b2e,DELETE,regular-file,build/js/node_modules/sockjs/index.js,42,
e086b61b372104d36d8da8c90079bb5b8f6ef35e,DELETE,regular-file,build/js/node_modules/sockjs/lib/chunking-test.js,2522,
9a74302a2ac35c93918c6583a9296db35dee9f2f,DELETE,regular-file,build/js/node_modules/sockjs/lib/iframe.js,1236,
faff122f1dddc67e2df456f6f7b4f196f87711fa,DELETE,regular-file,build/js/node_modules/sockjs/lib/sockjs.js,8061,
8015be9c749935f7cad72230c488e030798f72f2,DELETE,regular-file,build/js/node_modules/sockjs/lib/trans-eventsource.js,1891,
9471750ad048d168b6d6c06c7b826c7b584e2582,DELETE,regular-file,build/js/node_modules/sockjs/lib/trans-htmlfile.js,2327,
5e807ea504a836c684c47c528e2df663927759ae,DELETE,regular-file,build/js/node_modules/sockjs/lib/trans-jsonp.js,3204,
4ff879e08c29605f9ca9a820c089c574b34e5dbe,DELETE,regular-file,build/js/node_modules/sockjs/lib/trans-websocket.js,7504,
38250953435b669994f5168cc004b99e7647b032,DELETE,regular-file,build/js/node_modules/sockjs/lib/trans-xhr.js,3794,
019b1efab6a775f4f53b93e7bb0f5209f7a2e705,DELETE,regular-file,build/js/node_modules/sockjs/lib/transport.js,12216,
394cfb66ac489ac1b39a734325032b041c1c9d0e,DELETE,regular-file,build/js/node_modules/sockjs/lib/utils.js,3996,
15d3ee13742f374c3e3a6d5437498e30719dbe30,DELETE,regular-file,build/js/node_modules/sockjs/lib/webjs.js,8735,
fbd5c81cae66fa6401f871ac7fb02e96fdb9c213,DELETE,regular-file,build/js/node_modules/source-map-js/lib/array-set.js,3197,
612b404018ece911ab71fc0a8db326d16e6b1287,DELETE,regular-file,build/js/node_modules/source-map-js/lib/base64-vlq.js,4714,
8aa86b30264363990334a7df0aa0d0c9cc1aecfc,DELETE,regular-file,build/js/node_modules/source-map-js/lib/base64.js,1540,
010ac941e1568d59c89b67cb649051a14608ee79,DELETE,regular-file,build/js/node_modules/source-map-js/lib/binary-search.js,4249,
06d1274a025a8a30879f31c9c6703a14f79f73b9,DELETE,regular-file,build/js/node_modules/source-map-js/lib/mapping-list.js,2339,
23f9eda57f7383b5291361e4593cf2fdef5409ba,DELETE,regular-file,build/js/node_modules/source-map-js/lib/quick-sort.js,4068,
ee66114636c1e3f1b455457ad9e91b0eeeb2d360,DELETE,regular-file,build/js/node_modules/source-map-js/lib/source-map-consumer.js,41580,
bab04ff85b38eb50f942fb7ba84dd46dfe1f00c6,DELETE,regular-file,build/js/node_modules/source-map-js/lib/source-map-generator.js,14933,
8bcdbe385d2c0d333bcd62648ca700f13f9d3181,DELETE,regular-file,build/js/node_modules/source-map-js/lib/source-node.js,13808,
430e2d0ff0b2f2a084d00fbfbcf9a229d0a7bfff,DELETE,regular-file,build/js/node_modules/source-map-js/lib/util.js,15403,
bc88fe820c87a217d27eb010281fe39b71163835,DELETE,regular-file,build/js/node_modules/source-map-js/source-map.js,405,
aea37780f4f2b0a356deb8b7bafb38c6332d1902,DELETE,regular-file,build/js/node_modules/source-map-loader/dist/cjs.js,115,
d1a1ab28fa5af8691515104071fce0b6ae2c6d50,DELETE,regular-file,build/js/node_modules/source-map-loader/dist/index.js,4069,
7046f5dfa652372fe8e59cc662286c8b77cc9514,DELETE,regular-file,build/js/node_modules/source-map-loader/dist/labels-to-names.js,5817,
bb7147819e2d37e9c52e9d811fd342428e76a424,DELETE,regular-file,build/js/node_modules/source-map-loader/dist/parse-data-url.js,10310,
471b89704004c40fef2e3b7e744be3accee7c191,DELETE,regular-file,build/js/node_modules/source-map-loader/dist/utils.js,6807,
fa839170367b271072dc097d29b2c05f085e7681,DELETE,regular-file,build/js/node_modules/source-map-loader/node_modules/iconv-lite/encodings/dbcs-codec.js,23065,
0d17e5821b3df97bb961c4e71142331139d03d15,DELETE,regular-file,build/js/node_modules/source-map-loader/node_modules/iconv-lite/encodings/dbcs-data.js,9389,
d95c2441151a93320a45e2042d30974230b4902b,DELETE,regular-file,build/js/node_modules/source-map-loader/node_modules/iconv-lite/encodings/index.js,733,
dc1074f04f11a31c0e962846f5d162eab9556d38,DELETE,regular-file,build/js/node_modules/source-map-loader/node_modules/iconv-lite/encodings/internal.js,6309,
abac5ffaac97da29fa5c5d8aedf5b47763fc7c58,DELETE,regular-file,build/js/node_modules/source-map-loader/node_modules/iconv-lite/encodings/sbcs-codec.js,2191,
9b4823607b6071c67dd7b553767bfee98a49de1c,DELETE,regular-file,build/js/node_modules/source-map-loader/node_modules/iconv-lite/encodings/sbcs-data-generated.js,32034,
066f904e5f1d3e713e573b1e1cd7dae41f463ed3,DELETE,regular-file,build/js/node_modules/source-map-loader/node_modules/iconv-lite/encodings/sbcs-data.js,5116,
97d066925bbd5dfaa7213e0433570a113c461f3e,DELETE,regular-file,build/js/node_modules/source-map-loader/node_modules/iconv-lite/encodings/utf16.js,5502,
2fa900a12eb3562e38fc9442dd3f57ea919b3c74,DELETE,regular-file,build/js/node_modules/source-map-loader/node_modules/iconv-lite/encodings/utf32.js,9982,
eacae34d5f80d0b406ad63104406ddd5f3232f4a,DELETE,regular-file,build/js/node_modules/source-map-loader/node_modules/iconv-lite/encodings/utf7.js,9283,
1050872385c7f96b4f54d50ebc873b1031e2528c,DELETE,regular-file,build/js/node_modules/source-map-loader/node_modules/iconv-lite/lib/bom-handling.js,1109,
657701c38d243b8af1cd3d4a67056e095a0ede5e,DELETE,regular-file,build/js/node_modules/source-map-loader/node_modules/iconv-lite/lib/index.js,6321,
a1506482f580162d5b3a07b1ef82fcca22b40e5a,DELETE,regular-file,build/js/node_modules/source-map-loader/node_modules/iconv-lite/lib/streams.js,3380,
782da501459760dd729b76cb0a80358063f70e30,DELETE,regular-file,build/js/node_modules/source-map-support/browser-source-map-support.js,53583,
68fda034a42a651d3a308c6b4f41a2412fa9c097,DELETE,regular-file,build/js/node_modules/source-map-support/register-hook-require.js,44,
4f68e67d02afc93544e773a769a368754bb14686,DELETE,regular-file,build/js/node_modules/source-map-support/register.js,25,
2942b5eaf1c8229993bbc61fb106451578b9c76a,DELETE,regular-file,build/js/node_modules/source-map-support/source-map-support.js,20223,
aad0620d70e16717ec338fc1d332279739e0d97c,DELETE,regular-file,build/js/node_modules/source-map/dist/source-map.debug.js,272874,
b4eb08742598ff797f613e9bf15e55ce70c9fb10,DELETE,regular-file,build/js/node_modules/source-map/dist/source-map.js,106973,
c7c72dad8b59de41f3c932da18a5e5577ba76cb8,DELETE,regular-file,build/js/node_modules/source-map/dist/source-map.min.js,27111,
fbd5c81cae66fa6401f871ac7fb02e96fdb9c213,DELETE,regular-file,build/js/node_modules/source-map/lib/array-set.js,3197,
612b404018ece911ab71fc0a8db326d16e6b1287,DELETE,regular-file,build/js/node_modules/source-map/lib/base64-vlq.js,4714,
8aa86b30264363990334a7df0aa0d0c9cc1aecfc,DELETE,regular-file,build/js/node_modules/source-map/lib/base64.js,1540,
010ac941e1568d59c89b67cb649051a14608ee79,DELETE,regular-file,build/js/node_modules/source-map/lib/binary-search.js,4249,
06d1274a025a8a30879f31c9c6703a14f79f73b9,DELETE,regular-file,build/js/node_modules/source-map/lib/mapping-list.js,2339,
6a7caadbbdbea1865cfb947cb21fbf0c8da1289a,DELETE,regular-file,build/js/node_modules/source-map/lib/quick-sort.js,3616,
7b99d1da7feac7c5345af8945ed047c7c054c0ba,DELETE,regular-file,build/js/node_modules/source-map/lib/source-map-consumer.js,40562,
508bcfbbc936da21673108f7ace72a0af6081664,DELETE,regular-file,build/js/node_modules/source-map/lib/source-map-generator.js,14356,
8bcdbe385d2c0d333bcd62648ca700f13f9d3181,DELETE,regular-file,build/js/node_modules/source-map/lib/source-node.js,13808,
3ca92e56f2a8cf086821031145ed60c53f8e9ab2,DELETE,regular-file,build/js/node_modules/source-map/lib/util.js,12950,
bc88fe820c87a217d27eb010281fe39b71163835,DELETE,regular-file,build/js/node_modules/source-map/source-map.js,405,
5b0db2de75b2cdb53ff84f02e3c1523b80632fa9,DELETE,regular-file,build/js/node_modules/spdy-transport/lib/spdy-transport.js,760,
07c638a5ec2edb2b1b49359763f617ccb559792a,DELETE,regular-file,build/js/node_modules/spdy-transport/lib/spdy-transport/connection.js,20054,
b8762372675a709c43da03e7452eab2c17be3f9a,DELETE,regular-file,build/js/node_modules/spdy-transport/lib/spdy-transport/priority.js,4533,
f23c1cf04be4af18a97a071386d01e0e27cde24c,DELETE,regular-file,build/js/node_modules/spdy-transport/lib/spdy-transport/protocol/base/constants.js,138,
1c94d8c8cb9aa358bd38457909b910d6efca35b2,DELETE,regular-file,build/js/node_modules/spdy-transport/lib/spdy-transport/protocol/base/framer.js,1275,
71c761e67b7620ca77215a5973b1a82ad225a8c7,DELETE,regular-file,build/js/node_modules/spdy-transport/lib/spdy-transport/protocol/base/index.js,209,
b7249409ed11a021436c4216c78e6a8ece03e4aa,DELETE,regular-file,build/js/node_modules/spdy-transport/lib/spdy-transport/protocol/base/parser.js,2188,
dc08cac594fc4c145a37febf4690139de4e53313,DELETE,regular-file,build/js/node_modules/spdy-transport/lib/spdy-transport/protocol/base/scheduler.js,5018,
72a380f5084b4f37ba1f447f59161e3057903797,DELETE,regular-file,build/js/node_modules/spdy-transport/lib/spdy-transport/protocol/base/utils.js,2072,
972f36950c0054c1d3a260a1418060a1cb5c0daa,DELETE,regular-file,build/js/node_modules/spdy-transport/lib/spdy-transport/protocol/http2/constants.js,1931,
d64867fea3bcbf4935711beabf3a6edb47b2b912,DELETE,regular-file,build/js/node_modules/spdy-transport/lib/spdy-transport/protocol/http2/framer.js,13081,
ec851b33e8bb8adc485cbf8b5accfa2abc3b028f,DELETE,regular-file,build/js/node_modules/spdy-transport/lib/spdy-transport/protocol/http2/hpack-pool.js,559,
418ce0174a289842b0252ed5841244caf07fba1e,DELETE,regular-file,build/js/node_modules/spdy-transport/lib/spdy-transport/protocol/http2/index.js,202,
34c9237666e95522f0cf8de3d15623fc447c163e,DELETE,regular-file,build/js/node_modules/spdy-transport/lib/spdy-transport/protocol/http2/parser.js,15293,
a3dbc2ea45551ffb357a9cf7a7c0bb7de3555cba,DELETE,regular-file,build/js/node_modules/spdy-transport/lib/spdy-transport/protocol/spdy/constants.js,3515,
094ff91865b28c2f2caffbc538c3896d4317637a,DELETE,regular-file,build/js/node_modules/spdy-transport/lib/spdy-transport/protocol/spdy/dictionary.js,12187,
b8aebd1f801080045c90bf3a423f21f50fb5d7ae,DELETE,regular-file,build/js/node_modules/spdy-transport/lib/spdy-transport/protocol/spdy/framer.js,12260,
ec3267f864bc25cb976fb7761d33376439ecf6db,DELETE,regular-file,build/js/node_modules/spdy-transport/lib/spdy-transport/protocol/spdy/index.js,248,
35c2174f19538ff91c03aa77f023649ba638c686,DELETE,regular-file,build/js/node_modules/spdy-transport/lib/spdy-transport/protocol/spdy/parser.js,11866,
53c210af41b577852698063f737db05bf9656f91,DELETE,regular-file,build/js/node_modules/spdy-transport/lib/spdy-transport/protocol/spdy/zlib-pool.js,1451,
9657350c55a96104b037351f4de368346eed5e71,DELETE,regular-file,build/js/node_modules/spdy-transport/lib/spdy-transport/stream.js,15938,
7f379f256e1681037fb613be7a91e0d1f8913a31,DELETE,regular-file,build/js/node_modules/spdy-transport/lib/spdy-transport/utils.js,3813,
a14a90b744f22fd6132d783badb37ada06386c81,DELETE,regular-file,build/js/node_modules/spdy-transport/lib/spdy-transport/window.js,3779,
5993451b82e6b27d981e202b349641816d867ccf,DELETE,regular-file,build/js/node_modules/spdy-transport/node_modules/debug/src/browser.js,6103,
141cb578b7722324d8e1799b2a41bac473f6a9c1,DELETE,regular-file,build/js/node_modules/spdy-transport/node_modules/debug/src/common.js,6915,
bf4c57f259df2e16761b45e2636db307c89ba419,DELETE,regular-file,build/js/node_modules/spdy-transport/node_modules/debug/src/index.js,314,
715560a4ca8fb4c8dd6353eafdde6e83af28f05e,DELETE,regular-file,build/js/node_modules/spdy-transport/node_modules/debug/src/node.js,4728,
23fb5347f94c08b06cf47c83a4bd92b88b9b9b22,DELETE,regular-file,build/js/node_modules/spdy/lib/spdy.js,506,
4adc524e1252471f42b74b2addea80499d457a40,DELETE,regular-file,build/js/node_modules/spdy/lib/spdy/agent.js,6926,
1576e17510ae20cdd1d0752d0120e52e59973c13,DELETE,regular-file,build/js/node_modules/spdy/lib/spdy/handle.js,5906,
0849e8c73a073165bf6bb5bfcfefa936a24c2c5d,DELETE,regular-file,build/js/node_modules/spdy/lib/spdy/request.js,527,
e607918f07ff586ee1a023008e8767a774c92f75,DELETE,regular-file,build/js/node_modules/spdy/lib/spdy/response.js,2923,
1889fcd2dd830c5dfb76fbb4abb49871a3986fd2,DELETE,regular-file,build/js/node_modules/spdy/lib/spdy/server.js,7429,
78641a69d5f3eb5ff9bf51d2551b21c7e20f41cc,DELETE,regular-file,build/js/node_modules/spdy/lib/spdy/socket.js,921,
5993451b82e6b27d981e202b349641816d867ccf,DELETE,regular-file,build/js/node_modules/spdy/node_modules/debug/src/browser.js,6103,
141cb578b7722324d8e1799b2a41bac473f6a9c1,DELETE,regular-file,build/js/node_modules/spdy/node_modules/debug/src/common.js,6915,
bf4c57f259df2e16761b45e2636db307c89ba419,DELETE,regular-file,build/js/node_modules/spdy/node_modules/debug/src/index.js,314,
715560a4ca8fb4c8dd6353eafdde6e83af28f05e,DELETE,regular-file,build/js/node_modules/spdy/node_modules/debug/src/node.js,4728,
ce1a3175d10344fdce45ff5a09339833726a411e,DELETE,regular-file,build/js/node_modules/spdy/test/client-test.js,6074,
c454130d21fae0a3085a408ab53085e8ba524ad3,DELETE,regular-file,build/js/node_modules/spdy/test/fixtures.js,4434,
e3fbeb838a5e529a1be083e44f3b21686d6924aa,DELETE,regular-file,build/js/node_modules/spdy/test/server-test.js,12006,
ea351c553520e1bc62d53b97a316194c48ac49e6,DELETE,regular-file,build/js/node_modules/statuses/index.js,2610,
ea7209ae8d245582e14efcacfd1f675c3457009c,DELETE,regular-file,build/js/node_modules/streamroller/lib/DateRollingFileStream.js,1180,
7e01c0c847a37f5805b2848c28fb6380b0b38e78,DELETE,regular-file,build/js/node_modules/streamroller/lib/RollingFileStream.js,692,
de1ffefc511423a501d7443c4ce23a6274f5da72,DELETE,regular-file,build/js/node_modules/streamroller/lib/RollingFileWriteStream.js,11077,
2e6de3d0cb3e38b7e9e00231519608c9917acb8b,DELETE,regular-file,build/js/node_modules/streamroller/lib/fileNameFormatter.js,964,
b9e1e38d211e95b7ee07203ae69cdc90b1aaa852,DELETE,regular-file,build/js/node_modules/streamroller/lib/fileNameParser.js,2964,
c2049214d7677b14770b4d22b36a51d27e6da598,DELETE,regular-file,build/js/node_modules/streamroller/lib/index.js,198,
cc096b1fa1243a6949106365e9f9fd3b69f33409,DELETE,regular-file,build/js/node_modules/streamroller/lib/moveAndMaybeCompressFile.js,4244,
4dc39efa8c146472d1c169d70f80fbf3ad7ba893,DELETE,regular-file,build/js/node_modules/streamroller/lib/now.js,79,
5993451b82e6b27d981e202b349641816d867ccf,DELETE,regular-file,build/js/node_modules/streamroller/node_modules/debug/src/browser.js,6103,
141cb578b7722324d8e1799b2a41bac473f6a9c1,DELETE,regular-file,build/js/node_modules/streamroller/node_modules/debug/src/common.js,6915,
bf4c57f259df2e16761b45e2636db307c89ba419,DELETE,regular-file,build/js/node_modules/streamroller/node_modules/debug/src/index.js,314,
715560a4ca8fb4c8dd6353eafdde6e83af28f05e,DELETE,regular-file,build/js/node_modules/streamroller/node_modules/debug/src/node.js,4728,
f4d261a96a099ee6b9dcfbf7b050d6e2f42075a2,DELETE,regular-file,build/js/node_modules/string-width/index.js,923,
2e89e63f7933e42b8ba543ede35d2a8fa3e4f100,DELETE,regular-file,build/js/node_modules/string_decoder/lib/string_decoder.js,9465,
9a593dfcd1fd5c9e627d9ff2ed85a88df9a41a99,DELETE,regular-file,build/js/node_modules/strip-ansi/index.js,154,
78fc0c5939fa14c8c72105af6f62237764698adf,DELETE,regular-file,build/js/node_modules/strip-final-newline/index.js,368,
bb00b38bafe41552cc60d825516f479122e86e86,DELETE,regular-file,build/js/node_modules/strip-json-comments/index.js,2219,
65f9fc86f918b6cdf49a28869c0cabb110510cc7,DELETE,regular-file,build/js/node_modules/style-loader/dist/cjs.js,82,
0e53b7fed98479df0af9e8b42295768defc27ceb,DELETE,regular-file,build/js/node_modules/style-loader/dist/index.js,6138,
d3d68a7c22a2e4a78d5cca55d7dca32294c65773,DELETE,regular-file,build/js/node_modules/style-loader/dist/runtime/injectStylesIntoLinkTag.js,904,
6dbfe53950e3ef8109d306be28e05502ad18d99d,DELETE,regular-file,build/js/node_modules/style-loader/dist/runtime/injectStylesIntoStyleTag.js,2480,
08ed04d4a464797913b2887e11913931caa6015d,DELETE,regular-file,build/js/node_modules/style-loader/dist/runtime/insertBySelector.js,1003,
5f4f0d6371a364abcfb04cfcaf6aa30b83b0d781,DELETE,regular-file,build/js/node_modules/style-loader/dist/runtime/insertStyleElement.js,285,
3844b660ca9bd5b6ab04fa117b433f5d17c6e6bc,DELETE,regular-file,build/js/node_modules/style-loader/dist/runtime/isEqualLocals.js,528,
edaf0cc52fc8d6dbf50441a84964d3185de01e74,DELETE,regular-file,build/js/node_modules/style-loader/dist/runtime/isOldIE.js,605,
df7bc8b920660769ee2fcca248c37f78f03cb4b6,DELETE,regular-file,build/js/node_modules/style-loader/dist/runtime/setAttributesWithAttributes.js,403,
5267b28654af5db8ee881e7b66a1014a2d62cf84,DELETE,regular-file,build/js/node_modules/style-loader/dist/runtime/setAttributesWithAttributesAndNonce.js,271,
f7a9c52d7a35e97d0dec0eb13e36f9398fe1d33a,DELETE,regular-file,build/js/node_modules/style-loader/dist/runtime/setAttributesWithoutAttributes.js,298,
f1e8f168362175c819acd71d598c6762ee0e2073,DELETE,regular-file,build/js/node_modules/style-loader/dist/runtime/singletonStyleDomAPI.js,2196,
9fe67abffeecb89137779c11d0f6b15b3d1e8d04,DELETE,regular-file,build/js/node_modules/style-loader/dist/runtime/styleDomAPI.js,1534,
c12456836e2ec49573fb4a6793fb32e2706f20e1,DELETE,regular-file,build/js/node_modules/style-loader/dist/runtime/styleTagTransform.js,380,
fee8c69a4694a1a7449dab8692c693a31ed0945b,DELETE,regular-file,build/js/node_modules/style-loader/dist/utils.js,9009,
f097aecd76a090174e5c3371234043d1ddc5d5fd,DELETE,regular-file,build/js/node_modules/supports-color/browser.js,441,
2dd2fcb0b057d0de56990ad41692550183830c09,DELETE,regular-file,build/js/node_modules/supports-color/index.js,3065,
087be1fe9fda8930ca66a68204bd0112b9d8710b,DELETE,regular-file,build/js/node_modules/supports-preserve-symlinks-flag/browser.js,38,
86fd5d331c4a4d44e9a92d46fbb637165cea78d5,DELETE,regular-file,build/js/node_modules/supports-preserve-symlinks-flag/index.js,293,
9938d671691790a75bacefc6100b39d6e4ab937a,DELETE,regular-file,build/js/node_modules/supports-preserve-symlinks-flag/test/index.js,737,
e6c356c816a4a716569d87c77977b6de857c111f,DELETE,regular-file,build/js/node_modules/tapable/lib/AsyncParallelBailHook.js,2366,
833669bbae002f255a843f0788242c9bb5371e5d,DELETE,regular-file,build/js/node_modules/tapable/lib/AsyncParallelHook.js,878,
6f2cfceb8cd5c7a3e5e06597f10d7ddb85ca3e38,DELETE,regular-file,build/js/node_modules/tapable/lib/AsyncSeriesBailHook.js,1058,
b0cd845373cb9c3911fce0cab63ae8f4a0d0803b,DELETE,regular-file,build/js/node_modules/tapable/lib/AsyncSeriesHook.js,864,
8d18fa51ac691c97c32fdf442f70f8dcbd3b50c4,DELETE,regular-file,build/js/node_modules/tapable/lib/AsyncSeriesLoopHook.js,889,
c67b14fa7f4acc7c49f2d648c43eaca00aa6be49,DELETE,regular-file,build/js/node_modules/tapable/lib/AsyncSeriesWaterfallHook.js,1262,
b3d5d21ef82e68d041c7c919e35a24ff4605724b,DELETE,regular-file,build/js/node_modules/tapable/lib/Hook.js,4074,
771395c243cdb3cc0c88e8501e3f7ccfb97da765,DELETE,regular-file,build/js/node_modules/tapable/lib/HookCodeFactory.js,11984,
d38be4564b3ccac0334f8f19338c75e5550b6887,DELETE,regular-file,build/js/node_modules/tapable/lib/HookMap.js,1520,
469b0de5f72042b58a1ac221d8d7117da4d276ae,DELETE,regular-file,build/js/node_modules/tapable/lib/MultiHook.js,900,
7c0bd401f24e808ee34d6ff46ce66db0bbdb5ea8,DELETE,regular-file,build/js/node_modules/tapable/lib/SyncBailHook.js,1228,
d7f11ab4a30c88835786a143ca7caa74d2599209,DELETE,regular-file,build/js/node_modules/tapable/lib/SyncHook.js,1025,
a451fa8d8bec99f2defbe60f7e3948b9324ebf7f,DELETE,regular-file,build/js/node_modules/tapable/lib/SyncLoopHook.js,1058,
3ed68423eb7d4aff93815c8fe65d243aabd0b8f5,DELETE,regular-file,build/js/node_modules/tapable/lib/SyncWaterfallHook.js,1479,
0a94a5365ddf8453c330a4472e933ca817244f28,DELETE,regular-file,build/js/node_modules/tapable/lib/index.js,814,
7490e7a4841262964eed0116763aee5d98c2115a,DELETE,regular-file,build/js/node_modules/tapable/lib/util-browser.js,315,
0468868f06f74695ab9aa349429d84d3c652531b,DELETE,regular-file,build/js/node_modules/terser-webpack-plugin/dist/index.js,24531,
69c56f46ad57a9c471a6f2d6570c0082cb985abe,DELETE,regular-file,build/js/node_modules/terser-webpack-plugin/dist/minify.js,1262,
26aa675a8dc71bbac796a7e0dd5ee807407b0d8d,DELETE,regular-file,build/js/node_modules/terser-webpack-plugin/dist/utils.js,22487,
b47a3fa762c36d9b0dc9d84799dd366ad7ae22c0,DELETE,regular-file,build/js/node_modules/terser/dist/bundle.min.js,1051511,
6d1b25a06e189f43031eebcc6c1f0874e7b1080f,DELETE,regular-file,build/js/node_modules/terser/lib/ast.js,99859,
56be24f9c47ed11835f7650d53540d81d0a05030,DELETE,regular-file,build/js/node_modules/terser/lib/cli.js,18443,
fab91a466917dd6acb6407da927ebdbae0ad84d4,DELETE,regular-file,build/js/node_modules/terser/lib/compress/common.js,11879,
fc1327362a1dcadc62357360582a7050fed77dfa,DELETE,regular-file,build/js/node_modules/terser/lib/compress/compressor-flags.js,2814,
787d5b4027a7c2c9c3411dc4a107e51fe116f1c4,DELETE,regular-file,build/js/node_modules/terser/lib/compress/drop-side-effect-free.js,13347,
47a6f28f74e3ab01ba941a179d621cce99a0ec8e,DELETE,regular-file,build/js/node_modules/terser/lib/compress/drop-unused.js,21131,
f658dff7b4e045a03aa2ddc9cb48fd179a0295c6,DELETE,regular-file,build/js/node_modules/terser/lib/compress/evaluate.js,16985,
e9eb7f5e884a63d7f2a4b98b88e325e0af3d8b80,DELETE,regular-file,build/js/node_modules/terser/lib/compress/global-defs.js,3385,
fa29b15ffc44461a021d1634fef9969ab8ed909a,DELETE,regular-file,build/js/node_modules/terser/lib/compress/index.js,152391,
0a3da373f9c113f7be96423e68f30e66d46e5d1c,DELETE,regular-file,build/js/node_modules/terser/lib/compress/inference.js,42303,
5d3900926d948042b2d6f5d2553a9ee791b840d7,DELETE,regular-file,build/js/node_modules/terser/lib/compress/inline.js,23651,
d7cb704228e5efacb72bbb3739fbc0cbcf18ccce,DELETE,regular-file,build/js/node_modules/terser/lib/compress/native-objects.js,5269,
ec1dd60b56e16f142236b319f0173c2fe8add457,DELETE,regular-file,build/js/node_modules/terser/lib/compress/reduce-vars.js,25227,
e04c2999d001ee320fb3ec73c22ab30cf5b356e7,DELETE,regular-file,build/js/node_modules/terser/lib/compress/tighten-body.js,60237,
b29428012b0867ee83ef04361ff90a2fef970258,DELETE,regular-file,build/js/node_modules/terser/lib/equivalent-to.js,8922,
80f65a70a27e949f079d8c3e5dfd5f25c1efd3b5,DELETE,regular-file,build/js/node_modules/terser/lib/minify.js,14520,
72dec493ce02ce4a4364c0880a677c4aecf52a81,DELETE,regular-file,build/js/node_modules/terser/lib/mozilla-ast.js,67372,
66492c0f14b0ce7791a1cc494dbfd77c5f408440,DELETE,regular-file,build/js/node_modules/terser/lib/output.js,83549,
1d49da1e8e5981f190103ab03a8581331f73d19e,DELETE,regular-file,build/js/node_modules/terser/lib/parse.js,126819,
265ade97bfc62eb0d87e30194f3b22bce559d5c6,DELETE,regular-file,build/js/node_modules/terser/lib/propmangle.js,14950,
dc29cccbd4c624930a033c7035e52fafc94137c5,DELETE,regular-file,build/js/node_modules/terser/lib/scope.js,35363,
f96435cc8db190ac1c655dc02d8e1a3d2636e07a,DELETE,regular-file,build/js/node_modules/terser/lib/size.js,11457,
101c748a34b723d1254e77c4319d1dca569742dd,DELETE,regular-file,build/js/node_modules/terser/lib/sourcemap.js,4968,
7dd880ade81e5f47a98f91e9e8ddc83a0b33c961,DELETE,regular-file,build/js/node_modules/terser/lib/transform.js,9870,
6aa4628021d530e377b25e30be2cbd856b23e4e0,DELETE,regular-file,build/js/node_modules/terser/lib/utils/first_in_statement.js,2129,
65fa989b1036cd235d6e93cc83ac190556378616,DELETE,regular-file,build/js/node_modules/terser/lib/utils/index.js,8082,
56ab363838bc1b218ef088c43ffce789650e1430,DELETE,regular-file,build/js/node_modules/terser/main.js,645,
ec1d61d58723c2078578628808e4e3300e613509,DELETE,regular-file,build/js/node_modules/terser/node_modules/commander/index.js,27849,
74fb6d233e7ec2a0207a93283d553aa87de6f6eb,DELETE,regular-file,build/js/node_modules/terser/tools/domprops.js,197919,
8d5189a055a5608efc16d8084a26b2d74c9c8f01,DELETE,regular-file,build/js/node_modules/three/build/three.module.js,1285851,
c8543476abbde102059f6914e3f4aff8280628d1,DELETE,regular-file,build/js/node_modules/three/build/three.module.min.js,678491,
506ffa1fdd85326154430b7c29d291744fb5d0f3,DELETE,regular-file,build/js/node_modules/three/examples/jsm/Addons.js,12182,
cf9ee6bb425477febb5db9e1d711700b8677a7aa,DELETE,regular-file,build/js/node_modules/three/examples/jsm/animation/AnimationClipCreator.js,2556,
7066c99b7fc240f902754ffbaa91fe19cf783866,DELETE,regular-file,build/js/node_modules/three/examples/jsm/animation/CCDIKSolver.js,9855,
b24dea116a84fe1cd7166e18728e7235d1849283,DELETE,regular-file,build/js/node_modules/three/examples/jsm/animation/MMDAnimationHelper.js,25130,
057090112e818b636a72b9210f5def3765630e76,DELETE,regular-file,build/js/node_modules/three/examples/jsm/animation/MMDPhysics.js,28135,
bbfd6e0308605d2eade0aefe687758beac85ac07,DELETE,regular-file,build/js/node_modules/three/examples/jsm/cameras/CinematicCamera.js,6061,
2abf2614fccbc0201be9f5f23a67ab5c6f3f04cd,DELETE,regular-file,build/js/node_modules/three/examples/jsm/capabilities/WebGL.js,2081,
53397f44f5cc4a077b57bfda552d01cbf77010ad,DELETE,regular-file,build/js/node_modules/three/examples/jsm/capabilities/WebGPU.js,1077,
b6b36962e35a27872aef6cf20f611b82f6ff4ca9,DELETE,regular-file,build/js/node_modules/three/examples/jsm/controls/ArcballControls.js,80073,
0987d574e8d53d94124e6216ce5c0fc89f026a3a,DELETE,regular-file,build/js/node_modules/three/examples/jsm/controls/DragControls.js,5974,
0d03421c8b8c54c4d2c30d948ff4134cd46f3ea6,DELETE,regular-file,build/js/node_modules/three/examples/jsm/controls/FirstPersonControls.js,6764,
5026bde1319c789d410ba702eaba379a1f3e6909,DELETE,regular-file,build/js/node_modules/three/examples/jsm/controls/FlyControls.js,8036,
5667905ade6863b617b0227589951496586ac16d,DELETE,regular-file,build/js/node_modules/three/examples/jsm/controls/MapControls.js,863,
d21c1eb9d05d262537738ccd75e0ec67fc876418,DELETE,regular-file,build/js/node_modules/three/examples/jsm/controls/OrbitControls.js,32250,
1d2856d3f6131beb1bcee2f79d5ef9cdb99a0d11,DELETE,regular-file,build/js/node_modules/three/examples/jsm/controls/PointerLockControls.js,3347,
c4f1114837b18b2a76c2b1b16c6872c4df70288a,DELETE,regular-file,build/js/node_modules/three/examples/jsm/controls/TrackballControls.js,17409,
623ba4b8fe55f7a3ad244a4498111baccb5a9114,DELETE,regular-file,build/js/node_modules/three/examples/jsm/controls/TransformControls.js,40712,
649a0e5e9fb45068104530f606081b8b485985e6,DELETE,regular-file,build/js/node_modules/three/examples/jsm/csm/CSM.js,9269,
2d968bebdb929fe9b36c08207f6f7b3ce4c787a7,DELETE,regular-file,build/js/node_modules/three/examples/jsm/csm/CSMFrustum.js,2741,
d1cfed874bb8362be9fb030d9274b431a0ddaf43,DELETE,regular-file,build/js/node_modules/three/examples/jsm/csm/CSMHelper.js,5832,
d5b30d8b186d75b253a1af9797411680638d91c3,DELETE,regular-file,build/js/node_modules/three/examples/jsm/csm/CSMShader.js,10573,
51efb84591f0f2f1c182acde75eb433938547d23,DELETE,regular-file,build/js/node_modules/three/examples/jsm/curves/CurveExtras.js,7326,
8be8dde2d61b4b07eb3da5267195806e83e1f1b8,DELETE,regular-file,build/js/node_modules/three/examples/jsm/curves/NURBSCurve.js,1878,
577ecfceecb895a6b524ae77869e4aaf3ca571b1,DELETE,regular-file,build/js/node_modules/three/examples/jsm/curves/NURBSSurface.js,1296,
ad73da549e3389e835cde3e37a3775b28f849f2e,DELETE,regular-file,build/js/node_modules/three/examples/jsm/curves/NURBSUtils.js,9150,
837ef20b88c12282c9481c4be478bfd7c75c5149,DELETE,regular-file,build/js/node_modules/three/examples/jsm/curves/NURBSVolume.js,1655,
e47f551acc10e3e226c23cae2c9748dd463c74ec,DELETE,regular-file,build/js/node_modules/three/examples/jsm/effects/AnaglyphEffect.js,3527,
af5eb7f02ef43ac917deed955e27cc19f46914d6,DELETE,regular-file,build/js/node_modules/three/examples/jsm/effects/AsciiEffect.js,6077,
3ab6034a8400c934fd6e6b2688c033758cb81283,DELETE,regular-file,build/js/node_modules/three/examples/jsm/effects/OutlineEffect.js,12954,
c01143cac74e43d0e35f7ab3ef8bf522f5156245,DELETE,regular-file,build/js/node_modules/three/examples/jsm/effects/ParallaxBarrierEffect.js,2428,
15720964949e3cde8a90cd57fa52fefa3edf3e1f,DELETE,regular-file,build/js/node_modules/three/examples/jsm/effects/PeppersGhostEffect.js,3549,
e6e1b44767e6a9f440d473f49c0c58f88ee87116,DELETE,regular-file,build/js/node_modules/three/examples/jsm/effects/StereoEffect.js,1179,
ce3db065ff3b36446821b5db002d37139f9cbf26,DELETE,regular-file,build/js/node_modules/three/examples/jsm/environments/DebugEnvironment.js,1335,
f51f72b2294bcd7f2627aab7acb5fafaacfd9ec4,DELETE,regular-file,build/js/node_modules/three/examples/jsm/environments/RoomEnvironment.js,3735,
85a2e15adc4d6d2dc68109cb14babe8848f7a27a,DELETE,regular-file,build/js/node_modules/three/examples/jsm/exporters/DRACOExporter.js,6594,
bd1d8202d2d83d6872e7f40c06f606749a76acfc,DELETE,regular-file,build/js/node_modules/three/examples/jsm/exporters/EXRExporter.js,12827,
bb1b5abb9c9c4f85d8678ae0e7bfe7d502061e8c,DELETE,regular-file,build/js/node_modules/three/examples/jsm/exporters/GLTFExporter.js,78125,
bfc24d8dda08b2c82ba9af605cd4ade0092d2ee1,DELETE,regular-file,build/js/node_modules/three/examples/jsm/exporters/KTX2Exporter.js,6633,
bcef712e81b1b4a6abdb771d8c1ae6a485cc4332,DELETE,regular-file,build/js/node_modules/three/examples/jsm/exporters/MMDExporter.js,4052,
63a483e2b7c2e75976043588d58ee7d17a468883,DELETE,regular-file,build/js/node_modules/three/examples/jsm/exporters/OBJExporter.js,5370,
2e46a8c45b5358d1a72cc6dbbdd258eaff760d17,DELETE,regular-file,build/js/node_modules/three/examples/jsm/exporters/PLYExporter.js,12001,
a97b4082d51826fac1eac0bec14f0938c583aa00,DELETE,regular-file,build/js/node_modules/three/examples/jsm/exporters/STLExporter.js,3890,
1a6e53ee079cdc8eb3780c6372b6788854900011,DELETE,regular-file,build/js/node_modules/three/examples/jsm/exporters/USDZExporter.js,17065,
8f0583322d0ab0c22a310d6e4b3147e92b3fc2e5,DELETE,regular-file,build/js/node_modules/three/examples/jsm/geometries/BoxLineGeometry.js,1968,
3aa65c5aadf1e1258028a9603a9db6555897520f,DELETE,regular-file,build/js/node_modules/three/examples/jsm/geometries/ConvexGeometry.js,1035,
5e712f23c65bf050ae292dd02afdbfc352f9cd01,DELETE,regular-file,build/js/node_modules/three/examples/jsm/geometries/DecalGeometry.js,8506,
081ab6b81af1764fc9514422a135731ebb336350,DELETE,regular-file,build/js/node_modules/three/examples/jsm/geometries/InstancedPointsGeometry.js,2859,
6716735704cb66ccea375c322c1aa5ba43520b3a,DELETE,regular-file,build/js/node_modules/three/examples/jsm/geometries/ParametricGeometries.js,5472,
8f726b247043589a5bede677c69676bf14c46cd1,DELETE,regular-file,build/js/node_modules/three/examples/jsm/geometries/ParametricGeometry.js,2478,
8baa16822365c47ba55695ee439b4981e89d1c65,DELETE,regular-file,build/js/node_modules/three/examples/jsm/geometries/RoundedBoxGeometry.js,4625,
e80c9a39ab1422a814e25d55bf8ddad37a4297ed,DELETE,regular-file,build/js/node_modules/three/examples/jsm/geometries/SDFGeometryGenerator.js,4210,
b6b5ff120330decc44953b68c549916970a554b7,DELETE,regular-file,build/js/node_modules/three/examples/jsm/geometries/TeapotGeometry.js,19498,
5275c03be78f243c03202f4d175a52a0c6a9b598,DELETE,regular-file,build/js/node_modules/three/examples/jsm/geometries/TextGeometry.js,1308,
812048828cf10813c32eab3f615f10bdcd085659,DELETE,regular-file,build/js/node_modules/three/examples/jsm/helpers/LightProbeHelper.js,2818,
972942c178ed3f663bff232cbdcd349f558f215c,DELETE,regular-file,build/js/node_modules/three/examples/jsm/helpers/OctreeHelper.js,1976,
0a20ea5ecc6bc557f4aacadde71b80608d5bc288,DELETE,regular-file,build/js/node_modules/three/examples/jsm/helpers/PositionalAudioHelper.js,2712,
416fe1bd4554e6abd98b4d4cbf342ac01c671a84,DELETE,regular-file,build/js/node_modules/three/examples/jsm/helpers/RectAreaLightHelper.js,2051,
6767aed6ed2c81df03dcb6617adee6ec8a4327fe,DELETE,regular-file,build/js/node_modules/three/examples/jsm/helpers/TextureHelper.js,4438,
bfe41aba8644d12691af215b71918ab2043d5d3e,DELETE,regular-file,build/js/node_modules/three/examples/jsm/helpers/VertexNormalsHelper.js,1811,
1ad413f65e95c71e4effe558f56e740cc3eb747f,DELETE,regular-file,build/js/node_modules/three/examples/jsm/helpers/VertexTangentsHelper.js,1659,
077a9225a21b4a3ab03cb19dfc9ef2cf8e146700,DELETE,regular-file,build/js/node_modules/three/examples/jsm/helpers/ViewHelper.js,8059,
7e43039586ee1d67f45a6bea7f722ac6fda2e437,DELETE,regular-file,build/js/node_modules/three/examples/jsm/interactive/HTMLMesh.js,12845,
89ebec3bed6e92c1109ed2e97416a6cf0ab30149,DELETE,regular-file,build/js/node_modules/three/examples/jsm/interactive/InteractiveGroup.js,2463,
597b9b2f101f66ebe0a7227493905821b4cc10ba,DELETE,regular-file,build/js/node_modules/three/examples/jsm/interactive/SelectionBox.js,6139,
613094eed62d87d106d90afdc040e6e33002d18f,DELETE,regular-file,build/js/node_modules/three/examples/jsm/interactive/SelectionHelper.js,2579,
a7f835cf6cb85cb7fbd67f84b3dc3814ba2ca8e6,DELETE,regular-file,build/js/node_modules/three/examples/jsm/libs/ammo.wasm.js,393768,
fb4eff284d1f8b32ba9817027d0652860604d436,DELETE,regular-file,build/js/node_modules/three/examples/jsm/libs/ammo.wasm.wasm,651386,
9e285ddc9515bda212cc9c1313ab14eadff02213,DELETE,regular-file,build/js/node_modules/three/examples/jsm/libs/basis/basis_transcoder.js,62337,
4b9c3437170cf226600057096490d0a2fa8d74ea,DELETE,regular-file,build/js/node_modules/three/examples/jsm/libs/basis/basis_transcoder.wasm,499935,
424790cbae7ef31bdf6c59724a435842460b1f75,DELETE,regular-file,build/js/node_modules/three/examples/jsm/libs/chevrotain.module.min.js,157440,
6629469b21328fc180e8385e324acaf85ce0d93d,DELETE,regular-file,build/js/node_modules/three/examples/jsm/libs/draco/draco_decoder.js,719410,
e5a5e06eb51fb061a94a9682cc7e338038fae25c,DELETE,regular-file,build/js/node_modules/three/examples/jsm/libs/draco/draco_decoder.wasm,285747,
2ace437282e9beeb7712143820fffa1937b2a41a,DELETE,regular-file,build/js/node_modules/three/examples/jsm/libs/draco/draco_encoder.js,928718,
bb5b1224121134740fe6832a1aa8605bb128d2fd,DELETE,regular-file,build/js/node_modules/three/examples/jsm/libs/draco/draco_wasm_wrapper.js,58763,
7c84b0be2aa46407df9f3f3371d574dc165b55f8,DELETE,regular-file,build/js/node_modules/three/examples/jsm/libs/draco/gltf/draco_decoder.js,512465,
469904ebcb7b83523db73913a19c349528105ff8,DELETE,regular-file,build/js/node_modules/three/examples/jsm/libs/draco/gltf/draco_decoder.wasm,192420,
a67cdf20607147c05c53de9d009653efa43ff7c0,DELETE,executable,build/js/node_modules/three/examples/jsm/libs/draco/gltf/draco_encoder.js,954360,
43f15568384c84f9506cd86fc4a8736e1ba2ec1f,DELETE,regular-file,build/js/node_modules/three/examples/jsm/libs/draco/gltf/draco_wasm_wrapper.js,58456,
6f6759921b9c7be455c9dad6c83b1aaf07217c02,DELETE,regular-file,build/js/node_modules/three/examples/jsm/libs/ecsy.module.js,45516,
808000a503cf63aea42659415d32bb6fbec041e1,DELETE,regular-file,build/js/node_modules/three/examples/jsm/libs/fflate.module.js,83291,
c1d66bc7462119506efb9ebd31aebebf1cfb2513,DELETE,regular-file,build/js/node_modules/three/examples/jsm/libs/ktx-parse.module.js,18676,
c76a5ef8a54e7685bf22eef690486077cf53dd0e,DELETE,regular-file,build/js/node_modules/three/examples/jsm/libs/lil-gui.module.min.js,29526,
512a84c1198bbc5c0579cfbc65f1e073a03be52a,DELETE,regular-file,build/js/node_modules/three/examples/jsm/libs/lottie_canvas.module.js,476971,
d0933a9401f74ce5ef680344a4ae6c27ce293ebc,DELETE,regular-file,build/js/node_modules/three/examples/jsm/libs/meshopt_decoder.module.js,24850,
0a1baaa3a4339d801e2ae68894aa6c4e3d3c36b4,DELETE,regular-file,build/js/node_modules/three/examples/jsm/libs/mikktspace.module.js,48525,
5a587f10dc43c60383eb48d28b453815496cc59b,DELETE,regular-file,build/js/node_modules/three/examples/jsm/libs/mmdparser.module.js,158598,
9b2caaee6d1c4ccf3c737b99d8f0efb68314e059,DELETE,regular-file,build/js/node_modules/three/examples/jsm/libs/motion-controllers.module.js,13492,
7b5d64ea797057e3df4bad92f427a817f58f58e3,DELETE,regular-file,build/js/node_modules/three/examples/jsm/libs/opentype.module.js,467478,
efba9a4dafd9ea1a92ed7c3898cdebf9a6621706,DELETE,regular-file,build/js/node_modules/three/examples/jsm/libs/potpack.module.js,3951,
8b4170570eaf84bbba2f42396a5222aab989eff3,DELETE,regular-file,build/js/node_modules/three/examples/jsm/libs/rhino3dm/rhino3dm.js,142554,
14ec13305173a18eb015c560f05a54955a4395f6,DELETE,regular-file,build/js/node_modules/three/examples/jsm/libs/rhino3dm/rhino3dm.module.js,142396,
7b305791acecfacadfd043262e90b0035c7abef4,DELETE,regular-file,build/js/node_modules/three/examples/jsm/libs/rhino3dm/rhino3dm.wasm,2545991,
0d372ba2603efa8f8b61d7c69ab8bb7ef7093a7b,DELETE,regular-file,build/js/node_modules/three/examples/jsm/libs/stats.module.js,3514,
527c3eef6eeaa797d95552746f11aea68be1fc5f,DELETE,regular-file,build/js/node_modules/three/examples/jsm/libs/surfaceNet.js,5545,
ba359a499ca93e0a6ee88d13ecb10e145e53a46c,DELETE,regular-file,build/js/node_modules/three/examples/jsm/libs/tween.module.js,32316,
9a655bd26d1dfc4c441ce0b9036626006a454d65,DELETE,regular-file,build/js/node_modules/three/examples/jsm/libs/utif.module.js,100835,
ed19f91162d2afaa5d058c67a2f6ed074ba8c197,DELETE,regular-file,build/js/node_modules/three/examples/jsm/libs/zstddec.module.js,39754,
817f378e22a02ada82d1129b0e6ad7fd07a67475,DELETE,regular-file,build/js/node_modules/three/examples/jsm/lights/IESSpotLight.js,387,
4bd9896c8cd3fdf5c16a5587283019bcc4d8868d,DELETE,regular-file,build/js/node_modules/three/examples/jsm/lights/LightProbeGenerator.js,6107,
cf916b31ab251e2412fd9044853c1532c25678e5,DELETE,regular-file,build/js/node_modules/three/examples/jsm/lights/RectAreaLightUniformsLib.js,313854,
cdd1ddfd9bd0c5efd8665f00f47c183e21c23e23,DELETE,regular-file,build/js/node_modules/three/examples/jsm/lines/Line2.js,433,
1314cf6b4d7c0c8c12bf980448e9b4bd14f83611,DELETE,regular-file,build/js/node_modules/three/examples/jsm/lines/LineGeometry.js,1458,
10d673d709296e0014d31ba9fb4a49623e3ec726,DELETE,regular-file,build/js/node_modules/three/examples/jsm/lines/LineMaterial.js,11281,
e2a3e2a14b9a249d80d6fca793f987d04ad9f644,DELETE,regular-file,build/js/node_modules/three/examples/jsm/lines/LineSegments2.js,9330,
c7cf8774bc9c41803cfe76cc5a5cfefbfaf36dc4,DELETE,regular-file,build/js/node_modules/three/examples/jsm/lines/LineSegmentsGeometry.js,4632,
cfa65aa6d62dcb1af858e1a9741ae1c505ba0f87,DELETE,regular-file,build/js/node_modules/three/examples/jsm/lines/Wireframe.js,1577,
07940d32e378151879f43e914916fbf29a84a790,DELETE,regular-file,build/js/node_modules/three/examples/jsm/lines/WireframeGeometry2.js,419,
6b1fc39ada2fc2fe9aacac1ee82ad8136676425d,DELETE,regular-file,build/js/node_modules/three/examples/jsm/loaders/3DMLoader.js,37487,
bf8374e2355813ca8788c60c8b36298797af790f,DELETE,regular-file,build/js/node_modules/three/examples/jsm/loaders/3MFLoader.js,34529,
6483f3b6701ba10fd232863d05e3f4b5c1125450,DELETE,regular-file,build/js/node_modules/three/examples/jsm/loaders/AMFLoader.js,10668,
dde85a90df8865e97f1b43156228c785e4a7d1a2,DELETE,regular-file,build/js/node_modules/three/examples/jsm/loaders/BVHLoader.js,9019,
f3497f33e7d7e82536e3e671f86341ed225f2d3d,DELETE,regular-file,build/js/node_modules/three/examples/jsm/loaders/ColladaLoader.js,83845,
f81537a00541c215d762de319b296d71867439bd,DELETE,regular-file,build/js/node_modules/three/examples/jsm/loaders/DDSLoader.js,7161,
b176ebf78b5fb832e855cee730c277a9fc0a7410,DELETE,regular-file,build/js/node_modules/three/examples/jsm/loaders/DRACOLoader.js,13628,
884f55282b5a874e5390116b7c1eaba384a21c40,DELETE,regular-file,build/js/node_modules/three/examples/jsm/loaders/EXRLoader.js,54981,
bc2d83758a07b6490b3fa9875afbd15eb580ea12,DELETE,regular-file,build/js/node_modules/three/examples/jsm/loaders/FBXLoader.js,101466,
93caeb5bbaad29f01a5d8e4aa2a7c3f0090b9ed4,DELETE,regular-file,build/js/node_modules/three/examples/jsm/loaders/FontLoader.js,3204,
c2f12800c4c7f730d3518b613173cf50cf5e1ce0,DELETE,regular-file,build/js/node_modules/three/examples/jsm/loaders/GCodeLoader.js,5409,
440ecb714846d41bcce840bec05eb9dcb5513793,DELETE,regular-file,build/js/node_modules/three/examples/jsm/loaders/GLTFLoader.js,108522,
771912500cd1d314acb04a7ac010295f3446c90c,DELETE,regular-file,build/js/node_modules/three/examples/jsm/loaders/HDRCubeTextureLoader.js,2183,
f33c6252f595d52f5162c1afa022087ca582a751,DELETE,regular-file,build/js/node_modules/three/examples/jsm/loaders/IESLoader.js,7096,
6f28f367fe8ef3266e9fc632aa21730c9148a736,DELETE,regular-file,build/js/node_modules/three/examples/jsm/loaders/KMZLoader.js,2211,
64ea89132bace2fad63752691d15130197763aa0,DELETE,regular-file,build/js/node_modules/three/examples/jsm/loaders/KTX2Loader.js,23293,
4e4e1c11db62241049220b75071a2b63a4d32c18,DELETE,regular-file,build/js/node_modules/three/examples/jsm/loaders/KTXLoader.js,6450,
14ca28db63322c24b1e8f920d379a8108d80bb30,DELETE,regular-file,build/js/node_modules/three/examples/jsm/loaders/LDrawLoader.js,57206,
09a774c385b50e154fdabd5204263ca3c9c169c8,DELETE,regular-file,build/js/node_modules/three/examples/jsm/loaders/LUT3dlLoader.js,4189,
1adf69eca6f169a456ce0a2ddf43596f27de6723,DELETE,regular-file,build/js/node_modules/three/examples/jsm/loaders/LUTCubeLoader.js,3585,
d8f9db211ac721115487a5b7f17c020489486f1c,DELETE,regular-file,build/js/node_modules/three/examples/jsm/loaders/LUTImageLoader.js,3335,
80c3dc3d24a2beeabdaac78aa4bd6ae997973054,DELETE,regular-file,build/js/node_modules/three/examples/jsm/loaders/LWOLoader.js,23543,
310cdd6bd5841869e1f65d9e14793981b2e86c86,DELETE,regular-file,build/js/node_modules/three/examples/jsm/loaders/LogLuvLoader.js,19433,
4ef0401c223febdaebcacddcd32c18b272d12aa0,DELETE,regular-file,build/js/node_modules/three/examples/jsm/loaders/LottieLoader.js,1486,
2d88be402a7df4fd8eac88b1c1e13735e9081c0e,DELETE,regular-file,build/js/node_modules/three/examples/jsm/loaders/MD2Loader.js,12372,
e70f8b0430f222eb741b3c3c9a894d1dc3e91fec,DELETE,regular-file,build/js/node_modules/three/examples/jsm/loaders/MDDLoader.js,2304,
1b0c2dad972cf6530f8bad010e2a21c7d339518a,DELETE,regular-file,build/js/node_modules/three/examples/jsm/loaders/MMDLoader.js,51887,
f277c973536ea45ca2159b6bb26dfbb45b319b02,DELETE,regular-file,build/js/node_modules/three/examples/jsm/loaders/MTLLoader.js,10580,
3536d497ffd433b6569f3d0cb852b249da5e15bf,DELETE,regular-file,build/js/node_modules/three/examples/jsm/loaders/MaterialXLoader.js,17550,
c6c77ff3f6053830f8aeab41830d124d0ee2457d,DELETE,regular-file,build/js/node_modules/three/examples/jsm/loaders/NRRDLoader.js,13481,
7792458abce807dcf6e5bbc81f289e1ee6925fa4,DELETE,regular-file,build/js/node_modules/three/examples/jsm/loaders/OBJLoader.js,21175,
6560550aff3161c35cecd8d91ef661ed5217ab3d,DELETE,regular-file,build/js/node_modules/three/examples/jsm/loaders/PCDLoader.js,12318,
bb24a5510d86e3e7ecb1a7a02a157f492f4e3169,DELETE,regular-file,build/js/node_modules/three/examples/jsm/loaders/PDBLoader.js,6867,
3834bfbfd369847b8a7c19bcb92e838c05263d06,DELETE,regular-file,build/js/node_modules/three/examples/jsm/loaders/PLYLoader.js,16622,
f39f8e75912fc31bffc65aaba5bbd82bd79c3634,DELETE,regular-file,build/js/node_modules/three/examples/jsm/loaders/PVRLoader.js,4718,
f2ac6e15f25aeccf9ed07a9b3ffd6f115745e912,DELETE,regular-file,build/js/node_modules/three/examples/jsm/loaders/RGBELoader.js,11377,
44420c47869f3749bb5a97de54b7847cfad7cd7a,DELETE,regular-file,build/js/node_modules/three/examples/jsm/loaders/RGBMLoader.js,28278,
75d4f84586b83c46f982b972eeb94ef5a0461b1b,DELETE,regular-file,build/js/node_modules/three/examples/jsm/loaders/STLLoader.js,10029,
196e42b3875bb1fc4330ae024cec3612711d4954,DELETE,regular-file,build/js/node_modules/three/examples/jsm/loaders/SVGLoader.js,69698,
0eeeaf1be711479bec6db2e9fd7d0ba62ed9737e,DELETE,regular-file,build/js/node_modules/three/examples/jsm/loaders/TDSLoader.js,24660,
deab1572e4cd29b3e1110194b9107d7ab0bfbe00,DELETE,regular-file,build/js/node_modules/three/examples/jsm/loaders/TGALoader.js,11150,
950361f7400da2205fbbf554fe3200c9ec437c8a,DELETE,regular-file,build/js/node_modules/three/examples/jsm/loaders/TIFFLoader.js,572,
d681fa37ec890e3d27c8e143747b9017a7a0eb6b,DELETE,regular-file,build/js/node_modules/three/examples/jsm/loaders/TTFLoader.js,4212,
b8e6a8d935ecebb265899c05572c47e1ff324a1b,DELETE,regular-file,build/js/node_modules/three/examples/jsm/loaders/TiltLoader.js,14505,
6532c3c53b0b3caaf921d466811286c3247b66ef,DELETE,regular-file,build/js/node_modules/three/examples/jsm/loaders/USDZLoader.js,17528,
2a8ba41d54c2bda9fc2e7f53ef4127128931f6f0,DELETE,regular-file,build/js/node_modules/three/examples/jsm/loaders/VOXLoader.js,8913,
42fd133e09e0505af34e10db705141b712abd702,DELETE,regular-file,build/js/node_modules/three/examples/jsm/loaders/VRMLLoader.js,73379,
d9e14e07007b4ef1836079ea965c20810045f8df,DELETE,regular-file,build/js/node_modules/three/examples/jsm/loaders/VTKLoader.js,27515,
40d5519da560ca94cb13fb83e6f8e062a738fe12,DELETE,regular-file,build/js/node_modules/three/examples/jsm/loaders/XYZLoader.js,1913,
75e031089a7acf8848320f9e82c174432919c412,DELETE,regular-file,build/js/node_modules/three/examples/jsm/loaders/lwo/IFFParser.js,26284,
ecea9f57870f50fd16e64ec405771ad48fbfe7f5,DELETE,regular-file,build/js/node_modules/three/examples/jsm/loaders/lwo/LWO2Parser.js,10137,
ff2c50900a49037a02e6dddaae6871d9f0c97c8c,DELETE,regular-file,build/js/node_modules/three/examples/jsm/loaders/lwo/LWO3Parser.js,9269,
0db67ea6e6ef2d1e4c7f9dddafb6c1447ff69cbb,DELETE,regular-file,build/js/node_modules/three/examples/jsm/materials/MeshGouraudMaterial.js,9736,
d2fa48f9cbc46dfdecf4b3f56408640d2ef6dbd6,DELETE,regular-file,build/js/node_modules/three/examples/jsm/materials/MeshPostProcessingMaterial.js,4134,
015f59f65dec4824a255f064dd5a4af10660f512,DELETE,regular-file,build/js/node_modules/three/examples/jsm/math/Capsule.js,1524,
f45b3c7208ceb681312b330a421a5d98967b53c0,DELETE,regular-file,build/js/node_modules/three/examples/jsm/math/ColorConverter.js,723,
b1368a4ed8ea1accddd3ead64cbcc7aa178a3916,DELETE,regular-file,build/js/node_modules/three/examples/jsm/math/ConvexHull.js,21832,
5647d1b208d9e43bf7cc4514c9a165e2fdf9d029,DELETE,regular-file,build/js/node_modules/three/examples/jsm/math/ImprovedNoise.js,2564,
e00e39aeeb61b1674c2b8a6d07d1b6a5c732eef1,DELETE,regular-file,build/js/node_modules/three/examples/jsm/math/Lut.js,3765,
da9dd93703d54847c0236f7140b6c813d21f3ac4,DELETE,regular-file,build/js/node_modules/three/examples/jsm/math/MeshSurfaceSampler.js,5690,
29ae1286dc39ba4a76e1fc44a01d38c512f031cc,DELETE,regular-file,build/js/node_modules/three/examples/jsm/math/OBB.js,10227,
59a6189cec5f9dc4fad076aa14292f40ebe91449,DELETE,regular-file,build/js/node_modules/three/examples/jsm/math/Octree.js,10445,
8ba26942ce9051346e875de367eab2ae4e5de324,DELETE,regular-file,build/js/node_modules/three/examples/jsm/math/SimplexNoise.js,14351,
69e2aa3fa7e2168cb555ec236bf5bfcafc732e8f,DELETE,regular-file,build/js/node_modules/three/examples/jsm/misc/ConvexObjectBreaker.js,13577,
1f1eec51daa37ac16d9f2becdb4baf24dd22e429,DELETE,regular-file,build/js/node_modules/three/examples/jsm/misc/GPUComputationRenderer.js,11821,
9269c9c819112da69212d171d1cda1a59971c813,DELETE,regular-file,build/js/node_modules/three/examples/jsm/misc/Gyroscope.js,1188,
758fdb47799e0423cf27c2a3a9e4c121f856529c,DELETE,regular-file,build/js/node_modules/three/examples/jsm/misc/MD2Character.js,5216,
cccc5022a289e52074889e02a2eee5e774a295e7,DELETE,regular-file,build/js/node_modules/three/examples/jsm/misc/MD2CharacterComplex.js,11980,
9dcfde484f58b7ba493cd92d5fd5413a525587ab,DELETE,regular-file,build/js/node_modules/three/examples/jsm/misc/MorphAnimMesh.js,1107,
6be2693fc1d595997f76d9e156a8d5f0c70f600c,DELETE,regular-file,build/js/node_modules/three/examples/jsm/misc/MorphBlendMesh.js,5459,
c57494ba0d5df828c0cce764e8ff367c01ebd754,DELETE,regular-file,build/js/node_modules/three/examples/jsm/misc/ProgressiveLightMap.js,11106,
6c3faa5655de59edf8583dc61982c289bd1283df,DELETE,regular-file,build/js/node_modules/three/examples/jsm/misc/RollerCoaster.js,13795,
36ff8a7b7202d57d51c3d4ffccf254f01a6ec12f,DELETE,regular-file,build/js/node_modules/three/examples/jsm/misc/Timer.js,1985,
5e5566a74995107008ac9400ba5d31bc74c5c906,DELETE,regular-file,build/js/node_modules/three/examples/jsm/misc/TubePainter.js,4573,
949823c6ef37dae2e9f9d48f60db48909bc0abf4,DELETE,regular-file,build/js/node_modules/three/examples/jsm/misc/Volume.js,13488,
980830ecf23c52ad7df8f9c899ae79a86655d288,DELETE,regular-file,build/js/node_modules/three/examples/jsm/misc/VolumeSlice.js,6235,
e0f4452849b6e4c588a96768873a6c1e954bccb0,DELETE,regular-file,build/js/node_modules/three/examples/jsm/modifiers/CurveModifier.js,9438,
4ae83add37ff5ee05db77e317b83226305d01f8f,DELETE,regular-file,build/js/node_modules/three/examples/jsm/modifiers/EdgeSplitModifier.js,5296,
a3be03080d4d1b848ea16a338510cd3438e15f5c,DELETE,regular-file,build/js/node_modules/three/examples/jsm/modifiers/SimplifyModifier.js,12226,
74b400a13f129a42e8019bdcd474b702d8123f12,DELETE,regular-file,build/js/node_modules/three/examples/jsm/modifiers/TessellateModifier.js,6159,
82708ce503527e450f3cc956dfe43b728a1ca584,DELETE,regular-file,build/js/node_modules/three/examples/jsm/nodes/Nodes.js,14971,
763dc10b1a01b4a229ce93208adc03e4c54376e4,DELETE,regular-file,build/js/node_modules/three/examples/jsm/nodes/accessors/AccessorsUtils.js,514,
eae7f7dfe705108a4ed0ea4802802ef202e028f8,DELETE,regular-file,build/js/node_modules/three/examples/jsm/nodes/accessors/BitangentNode.js,2382,
aff1d4f07a0089df2e9e58a6d04ccec787ca26de,DELETE,regular-file,build/js/node_modules/three/examples/jsm/nodes/accessors/BufferAttributeNode.js,3197,
663d589658417a6956f120425d0a2660596572b3,DELETE,regular-file,build/js/node_modules/three/examples/jsm/nodes/accessors/BufferNode.js,612,
b3a584f9f37069ba57b85f4e56ca502f2801c24c,DELETE,regular-file,build/js/node_modules/three/examples/jsm/nodes/accessors/CameraNode.js,3175,
b3f67c84c8b0a6f462edd415c65841ce47944f2d,DELETE,regular-file,build/js/node_modules/three/examples/jsm/nodes/accessors/ClippingNode.js,3758,
c89bb449d22bc58f1690ab17837aff8973acf0f1,DELETE,regular-file,build/js/node_modules/three/examples/jsm/nodes/accessors/CubeTextureNode.js,1183,
f85d2ff027a1953a0d9a22d5c899e397569f4c2b,DELETE,regular-file,build/js/node_modules/three/examples/jsm/nodes/accessors/InstanceNode.js,1987,
98947f7e196dc9e74d92fad5b8f1652a40ca3877,DELETE,regular-file,build/js/node_modules/three/examples/jsm/nodes/accessors/InstancedPointsMaterialNode.js,585,
72e7ff1c882c403da6fe92c188ec3e0fdafcfcbf,DELETE,regular-file,build/js/node_modules/three/examples/jsm/nodes/accessors/MaterialNode.js,8770,
2e6019750d873f1d3401026c1a62e5463cda7796,DELETE,regular-file,build/js/node_modules/three/examples/jsm/nodes/accessors/MaterialReferenceNode.js,970,
33244220ab64f21ddd163b53192b53ab013f51d7,DELETE,regular-file,build/js/node_modules/three/examples/jsm/nodes/accessors/ModelNode.js,1040,
cdbad88af24d6beeb3591dd34e18610cafc252c1,DELETE,regular-file,build/js/node_modules/three/examples/jsm/nodes/accessors/ModelViewProjectionNode.js,944,
821852acc47a7bdb935bb2cf352373738b456247,DELETE,regular-file,build/js/node_modules/three/examples/jsm/nodes/accessors/MorphNode.js,6340,
6b850f5fc606f7b0b71e1ebfe1e2963306b81799,DELETE,regular-file,build/js/node_modules/three/examples/jsm/nodes/accessors/NormalNode.js,2414,
ce8fbd7ff430c1934b8b43010bc5bf97a086cf13,DELETE,regular-file,build/js/node_modules/three/examples/jsm/nodes/accessors/Object3DNode.js,3792,
23bea4c80a6f580324396fbac3d15b4ddf227341,DELETE,regular-file,build/js/node_modules/three/examples/jsm/nodes/accessors/PointUVNode.js,444,
89dc162e2fd4ad9412916d7fa2974f4ea5d9500f,DELETE,regular-file,build/js/node_modules/three/examples/jsm/nodes/accessors/PositionNode.js,2621,
411d4ca356cabc1dace2eac3339763b9fde39671,DELETE,regular-file,build/js/node_modules/three/examples/jsm/nodes/accessors/ReferenceNode.js,2919,
b552b268e917049d3fd719e449317b41c000b23b,DELETE,regular-file,build/js/node_modules/three/examples/jsm/nodes/accessors/ReflectVectorNode.js,750,
41e4e342cfa4b3d540a79a447ced2aa6b54b6015,DELETE,regular-file,build/js/node_modules/three/examples/jsm/nodes/accessors/SceneNode.js,1216,
a32c2de9b07313a83926444ee2471837173500af,DELETE,regular-file,build/js/node_modules/three/examples/jsm/nodes/accessors/SkinningNode.js,3483,
37ed817117be38f119064f8b80a00fe898a4694b,DELETE,regular-file,build/js/node_modules/three/examples/jsm/nodes/accessors/StorageBufferNode.js,1589,
f3c715b340f10c9177650b43b9c9283e15b7dce3,DELETE,regular-file,build/js/node_modules/three/examples/jsm/nodes/accessors/TangentNode.js,2423,
9c49d8d36d45e537e335113f51fe693b5a8cd117,DELETE,regular-file,build/js/node_modules/three/examples/jsm/nodes/accessors/TextureBicubicNode.js,3016,
a13fd0f5d11a535d6c5872ee1c299acb8fd1e6b1,DELETE,regular-file,build/js/node_modules/three/examples/jsm/nodes/accessors/TextureNode.js,7342,
88b0cf67f57c45127e8de8ddf5357b1575688d58,DELETE,regular-file,build/js/node_modules/three/examples/jsm/nodes/accessors/TextureSizeNode.js,880,
f95861cb1cfb59355ad2a4066f8b1efa5d2a1463,DELETE,regular-file,build/js/node_modules/three/examples/jsm/nodes/accessors/TextureStoreNode.js,1565,
473545eb081582978400dcc00fc967d5d78c81ff,DELETE,regular-file,build/js/node_modules/three/examples/jsm/nodes/accessors/UVNode.js,724,
5b80be24c4afb49b414728d4be172240f4cc27de,DELETE,regular-file,build/js/node_modules/three/examples/jsm/nodes/accessors/UniformsNode.js,2691,
b3ece1aeefe7d0b16fdd8fe2070e764cd4700726,DELETE,regular-file,build/js/node_modules/three/examples/jsm/nodes/accessors/UserDataNode.js,663,
4df113a65625e181dbb7509de0e13c4a6d7f6e63,DELETE,regular-file,build/js/node_modules/three/examples/jsm/nodes/accessors/VertexColorNode.js,1238,
7d3a1a7c45856932e1b66be18446442c4d077eb9,DELETE,regular-file,build/js/node_modules/three/examples/jsm/nodes/code/CodeNode.js,1344,
aa0b7042a5a7900dcb524fb5467d707d7603b778,DELETE,regular-file,build/js/node_modules/three/examples/jsm/nodes/code/ExpressionNode.js,655,
b5cfd8e267462bed2716549b88450f64135643f7,DELETE,regular-file,build/js/node_modules/three/examples/jsm/nodes/code/FunctionCallNode.js,1832,
d1c227f335e729e428e83e054787efc8756c4d59,DELETE,regular-file,build/js/node_modules/three/examples/jsm/nodes/code/FunctionNode.js,2743,
52435f22919e98b5198778b8907d63ff8d131f25,DELETE,regular-file,build/js/node_modules/three/examples/jsm/nodes/code/ScriptableNode.js,7803,
4c54f59e1f7bedae55dd4ea4fd81d370e04fdce8,DELETE,regular-file,build/js/node_modules/three/examples/jsm/nodes/code/ScriptableValueNode.js,3246,
79a66814ed31eeadfdd98542cc5522e7010a9f30,DELETE,regular-file,build/js/node_modules/three/examples/jsm/nodes/core/AssignNode.js,2635,
c1cb7c1712676773195bb98c37f77010a694bcf9,DELETE,regular-file,build/js/node_modules/three/examples/jsm/nodes/core/AttributeNode.js,2049,
da173d6f202b4512eae2f7f042043585e4de703e,DELETE,regular-file,build/js/node_modules/three/examples/jsm/nodes/core/BypassNode.js,743,
71b6c22eff7a9ef700287c9a79d9e3f6700f4973,DELETE,regular-file,build/js/node_modules/three/examples/jsm/nodes/core/CacheNode.js,933,
1298a8ecbf6f83498376c4db4cdc6907127bf2f4,DELETE,regular-file,build/js/node_modules/three/examples/jsm/nodes/core/ConstNode.js,556,
b776b9644d2861532b3deb123675ca7a0417fb4a,DELETE,regular-file,build/js/node_modules/three/examples/jsm/nodes/core/ContextNode.js,1143,
c1b724defac7dbece9001595c8d3d7f13ed01d73,DELETE,regular-file,build/js/node_modules/three/examples/jsm/nodes/core/IndexNode.js,1220,
05aab76f9455a165b73290b6e67c5173d25bddab,DELETE,regular-file,build/js/node_modules/three/examples/jsm/nodes/core/InputNode.js,1460,
a30b7ac69ba9d21a59e765d630b9df4a16dcbb90,DELETE,regular-file,build/js/node_modules/three/examples/jsm/nodes/core/LightingModel.js,336,
b8d24605c793018d3d3b720c6d0604c3f40353b0,DELETE,regular-file,build/js/node_modules/three/examples/jsm/nodes/core/Node.js,7951,
35deaa33eb2094fde06546978e9917f1b8bb9409,DELETE,regular-file,build/js/node_modules/three/examples/jsm/nodes/core/NodeAttribute.js,196,
6dd15892b96afcefc6d0d36e584a8edecc04155a,DELETE,regular-file,build/js/node_modules/three/examples/jsm/nodes/core/NodeBuilder.js,23295,
6c73981e4d588423e9e5a1fe6f608e9536e49218,DELETE,regular-file,build/js/node_modules/three/examples/jsm/nodes/core/NodeCache.js,274,
ac47d0a46fb96f02e5a9ad8f4f10c72f46edb269,DELETE,regular-file,build/js/node_modules/three/examples/jsm/nodes/core/NodeCode.js,217,
25866712af29d55ca711771f52d52b6b3438dc57,DELETE,regular-file,build/js/node_modules/three/examples/jsm/nodes/core/NodeFrame.js,2460,
646dabe059299d25c9bb6f9a21be40ddb31e9a71,DELETE,regular-file,build/js/node_modules/three/examples/jsm/nodes/core/NodeFunction.js,330,
09ac2c4d57c02deb5eb264234757913db763661f,DELETE,regular-file,build/js/node_modules/three/examples/jsm/nodes/core/NodeFunctionInput.js,311,
27f6cd856102a6ce15ced76a5498e4187ac6530a,DELETE,regular-file,build/js/node_modules/three/examples/jsm/nodes/core/NodeKeywords.js,1161,
2c9a39fa009e981322ebb2414712db2e65219d48,DELETE,regular-file,build/js/node_modules/three/examples/jsm/nodes/core/NodeParser.js,127,
cfb37e23f5a77e05cfa280881ad74cc2d4e426f5,DELETE,regular-file,build/js/node_modules/three/examples/jsm/nodes/core/NodeUniform.js,446,
bd6d397593a8f0cc2086a8e5cae678c0cdbbc5ca,DELETE,regular-file,build/js/node_modules/three/examples/jsm/nodes/core/NodeUtils.js,3772,
59bb62584bad060c08f7d045215d3b0fdb0ef42d,DELETE,regular-file,build/js/node_modules/three/examples/jsm/nodes/core/NodeVar.js,145,
0a71413bf9969f6872c8e69eaf372463493f8040,DELETE,regular-file,build/js/node_modules/three/examples/jsm/nodes/core/NodeVarying.js,229,
97ae4da8b6109b2fd5a962aaccf4cf3d73a60447,DELETE,regular-file,build/js/node_modules/three/examples/jsm/nodes/core/OutputStructNode.js,1251,
b7541c60f66f857cd0a11fce9bc67b3be74cf75e,DELETE,regular-file,build/js/node_modules/three/examples/jsm/nodes/core/ParameterNode.js,548,
4f15318ae17f9eb43ee3cd6fa1903a7ab69c7e97,DELETE,regular-file,build/js/node_modules/three/examples/jsm/nodes/core/PropertyNode.js,2315,
8f2f037a44a16629335c4ace952637f49e73748c,DELETE,regular-file,build/js/node_modules/three/examples/jsm/nodes/core/StackNode.js,1510,
3f60a853e4b3940885ff75af44e5f674e45d1996,DELETE,regular-file,build/js/node_modules/three/examples/jsm/nodes/core/StructTypeNode.js,314,
5862075c2e3edfb1df2c18375438c6f9b30157ec,DELETE,regular-file,build/js/node_modules/three/examples/jsm/nodes/core/TempNode.js,1284,
aad6b65f44bba99b77fc94434712b7a65b139593,DELETE,regular-file,build/js/node_modules/three/examples/jsm/nodes/core/UniformGroup.js,134,
f35a002bd1fa75365a02711db8246d751eb98918,DELETE,regular-file,build/js/node_modules/three/examples/jsm/nodes/core/UniformGroupNode.js,764,
5e0bfffa979dd91c9c6138f32d697caed555e2d5,DELETE,regular-file,build/js/node_modules/three/examples/jsm/nodes/core/UniformNode.js,1638,
d9a43a3927b518fc8496228dec78e31a259f076c,DELETE,regular-file,build/js/node_modules/three/examples/jsm/nodes/core/VarNode.js,1083,
de15d6641b88ba73b3289d05082500ea1f6b2df7,DELETE,regular-file,build/js/node_modules/three/examples/jsm/nodes/core/VaryingNode.js,1345,
1ef0448f8dccca029d9588f4295879c2b5c1e051,DELETE,regular-file,build/js/node_modules/three/examples/jsm/nodes/core/constants.js,626,
2e9314e71e0edb872e9fbbb96543d83eeb17acbc,DELETE,regular-file,build/js/node_modules/three/examples/jsm/nodes/display/AfterImageNode.js,3452,
4092b45a62d55808dd98b9248c6fc7d2dd58fa23,DELETE,regular-file,build/js/node_modules/three/examples/jsm/nodes/display/AnamorphicNode.js,3570,
f95a4308d73d8cf8cbe964027fe87a273f2c8814,DELETE,regular-file,build/js/node_modules/three/examples/jsm/nodes/display/BlendModeNode.js,3245,
3f6fbb430c17733f59b56f7a763eae632fa33443,DELETE,regular-file,build/js/node_modules/three/examples/jsm/nodes/display/BumpMapNode.js,2599,
fea51a4e120a09e9f6ec263b3117f8bda4404ece,DELETE,regular-file,build/js/node_modules/three/examples/jsm/nodes/display/ColorAdjustmentNode.js,2714,
5ed43ead280aeb746841dbd36a66fd933de2094f,DELETE,regular-file,build/js/node_modules/three/examples/jsm/nodes/display/ColorSpaceNode.js,2707,
c83cc9f7816ba084facce8c74b0cd832595d77dc,DELETE,regular-file,build/js/node_modules/three/examples/jsm/nodes/display/FrontFacingNode.js,524,
4672e78c85d152a43976e28bccb50dae2aeb5755,DELETE,regular-file,build/js/node_modules/three/examples/jsm/nodes/display/GaussianBlurNode.js,4763,
cd9bc32b4c925897ede266078886b73e8369ced1,DELETE,regular-file,build/js/node_modules/three/examples/jsm/nodes/display/NormalMapNode.js,2510,
2e4017ca82922e305f9fe48b7917c45647f0d2be,DELETE,regular-file,build/js/node_modules/three/examples/jsm/nodes/display/PassNode.js,4094,
516477ec75c84ca09211d5f842468f399ce6bfa8,DELETE,regular-file,build/js/node_modules/three/examples/jsm/nodes/display/PosterizeNode.js,628,
19332f6013a100fdf019faac6cc42ababba5b385,DELETE,regular-file,build/js/node_modules/three/examples/jsm/nodes/display/ToneMappingNode.js,5870,
a577c61750829ee3f0879132e9101be0cfdf4298,DELETE,regular-file,build/js/node_modules/three/examples/jsm/nodes/display/ViewportDepthNode.js,2795,
4b28d0f1dc1b0bac6eceb1e065622770a3950d13,DELETE,regular-file,build/js/node_modules/three/examples/jsm/nodes/display/ViewportDepthTextureNode.js,826,
75e6cd4522886dc18aeb8af1c4be9c5f80a6b0a1,DELETE,regular-file,build/js/node_modules/three/examples/jsm/nodes/display/ViewportNode.js,2996,
ead87ff21fabaeb589d54d059de3ce536f2b01bb,DELETE,regular-file,build/js/node_modules/three/examples/jsm/nodes/display/ViewportSharedTextureNode.js,850,
a7f71d2a4f5fbdf71155722fd469e3c1b5288e5e,DELETE,regular-file,build/js/node_modules/three/examples/jsm/nodes/display/ViewportTextureNode.js,2016,
6d3d95edbde5fdd6eb8a489a2c76658a3e8d29dd,DELETE,regular-file,build/js/node_modules/three/examples/jsm/nodes/fog/FogExp2Node.js,756,
8da025a1c175658f1b367c396cb2b2270d607e5d,DELETE,regular-file,build/js/node_modules/three/examples/jsm/nodes/fog/FogNode.js,619,
448c2e45e10c4a154cfbbd08a08351b54d50f8e2,DELETE,regular-file,build/js/node_modules/three/examples/jsm/nodes/fog/FogRangeNode.js,734,
926078b3ebac6d3865d2adb3e872b691475cd14a,DELETE,regular-file,build/js/node_modules/three/examples/jsm/nodes/functions/BSDF/BRDF_GGX.js,1338,
b67d90e71fe4017672bed725e61d140f58f7387b,DELETE,regular-file,build/js/node_modules/three/examples/jsm/nodes/functions/BSDF/BRDF_Lambert.js,217,
d089c8a55a0bb2f37c6ead41894bb2b6a30d478b,DELETE,regular-file,build/js/node_modules/three/examples/jsm/nodes/functions/BSDF/BRDF_Sheen.js,1877,
ae71c17d00cceffc08be8c3bf9bff0eb6a450249,DELETE,regular-file,build/js/node_modules/three/examples/jsm/nodes/functions/BSDF/DFGApprox.js,861,
5c11a07ac33e1e01ed5387d7ffa0ca1d5156c2c5,DELETE,regular-file,build/js/node_modules/three/examples/jsm/nodes/functions/BSDF/D_GGX.js,668,
8003f8919d4e8f88aa16ae9333ee8f60121b8fdc,DELETE,regular-file,build/js/node_modules/three/examples/jsm/nodes/functions/BSDF/EnvironmentBRDF.js,367,
84a6a923d61b0d5bc7973c3b636afe479fd21eb7,DELETE,regular-file,build/js/node_modules/three/examples/jsm/nodes/functions/BSDF/F_Schlick.js,549,
33591c36ceb8b63360adac58db92e3a43b1cc4ce,DELETE,regular-file,build/js/node_modules/three/examples/jsm/nodes/functions/BSDF/Schlick_to_F0.js,500,
34e7c7abae304c2a38398f71f407bb1d2d3ef8a4,DELETE,regular-file,build/js/node_modules/three/examples/jsm/nodes/functions/BSDF/V_GGX_SmithCorrelated.js,898,
d3fef81fb2d422de0aca7e5d8a907b8c3aaae76a,DELETE,regular-file,build/js/node_modules/three/examples/jsm/nodes/functions/PhongLightingModel.js,1964,
ff31877d7b3d4a282c2f679318dd984800db2e48,DELETE,regular-file,build/js/node_modules/three/examples/jsm/nodes/functions/PhysicalLightingModel.js,12498,
1aac829e583e5ab001fcaf740eb8d5b741c02e58,DELETE,regular-file,build/js/node_modules/three/examples/jsm/nodes/functions/material/getGeometryRoughness.js,375,
ba610ced8ef076099ca4d1b8e2c84009e4688a83,DELETE,regular-file,build/js/node_modules/three/examples/jsm/nodes/functions/material/getRoughness.js,522,
6b4df276268fc9bd771ded3ace8062de90ea05b2,DELETE,regular-file,build/js/node_modules/three/examples/jsm/nodes/geometry/RangeNode.js,2659,
2d60e620d9e11d266d2774781a2812135529a6de,DELETE,regular-file,build/js/node_modules/three/examples/jsm/nodes/gpgpu/ComputeNode.js,1511,
84c539ef325d8e8bc8eff175a29a3c96c3b3f80d,DELETE,regular-file,build/js/node_modules/three/examples/jsm/nodes/lighting/AONode.js,448,
46c6389f3df0d95b1b59f88857a910cccdc358d4,DELETE,regular-file,build/js/node_modules/three/examples/jsm/nodes/lighting/AmbientLightNode.js,519,
cc29e2f72528aa17a5636aa499751fa4b22a124b,DELETE,regular-file,build/js/node_modules/three/examples/jsm/nodes/lighting/AnalyticLightNode.js,7208,
6f0bd61e2d151cb7d5734de0b31ae1c96d6408cd,DELETE,regular-file,build/js/node_modules/three/examples/jsm/nodes/lighting/DirectionalLightNode.js,896,
8897ee90e1b1bd44ce2d1bae5bae073a1ceee5ad,DELETE,regular-file,build/js/node_modules/three/examples/jsm/nodes/lighting/EnvironmentNode.js,4222,
ee5d0445b5be1e858ca21880edc4928a0268a675,DELETE,regular-file,build/js/node_modules/three/examples/jsm/nodes/lighting/HemisphereLightNode.js,1395,
214abee385a6e2a2ab39594358cf4a49360f66fb,DELETE,regular-file,build/js/node_modules/three/examples/jsm/nodes/lighting/IESSpotLightNode.js,886,
349993d109e1224576da4803d19d4ae250d8ebb1,DELETE,regular-file,build/js/node_modules/three/examples/jsm/nodes/lighting/LightNode.js,1034,
bde470aea54cb9aa9664c59ddf8210a253c41c98,DELETE,regular-file,build/js/node_modules/three/examples/jsm/nodes/lighting/LightUtils.js,649,
464970c8be963cbee07d48e14ff667db27789fe8,DELETE,regular-file,build/js/node_modules/three/examples/jsm/nodes/lighting/LightingContextNode.js,1660,
318c2a14914c0d62f0ea1b4b41c1159be47a1b24,DELETE,regular-file,build/js/node_modules/three/examples/jsm/nodes/lighting/LightingNode.js,284,
c1a6e992c7ef85db960bc0cfd930131571928dbe,DELETE,regular-file,build/js/node_modules/three/examples/jsm/nodes/lighting/LightsNode.js,3745,
065e586221932c201760d426a9d59558806d1fd7,DELETE,regular-file,build/js/node_modules/three/examples/jsm/nodes/lighting/PointLightNode.js,1645,
7fe812fd766e240416b639b1a1ae25ed87bf1464,DELETE,regular-file,build/js/node_modules/three/examples/jsm/nodes/lighting/SpotLightNode.js,2297,
fff46ef8ccbde622f38ccd7cb1b33892f83c9b6c,DELETE,regular-file,build/js/node_modules/three/examples/jsm/nodes/loaders/NodeLoader.js,1732,
2f2c55e9aeaf3f79210a0b91cc4d86946d41f29d,DELETE,regular-file,build/js/node_modules/three/examples/jsm/nodes/loaders/NodeMaterialLoader.js,918,
c149b9948cfc4d9ff16f032676cb50568a878b6f,DELETE,regular-file,build/js/node_modules/three/examples/jsm/nodes/loaders/NodeObjectLoader.js,1097,
068049b1020a14564e0d794e6dc625ada3ee8680,DELETE,regular-file,build/js/node_modules/three/examples/jsm/nodes/materials/InstancedPointsNodeMaterial.js,3685,
7c6920c5b912629e9c2e7b2a23674450015f8660,DELETE,regular-file,build/js/node_modules/three/examples/jsm/nodes/materials/Line2NodeMaterial.js,11833,
9a1ab32b0f7a02dbb2abc2ef927801adf171802e,DELETE,regular-file,build/js/node_modules/three/examples/jsm/nodes/materials/LineBasicNodeMaterial.js,531,
12682b1c97151d8873f9369bab800f8634c56190,DELETE,regular-file,build/js/node_modules/three/examples/jsm/nodes/materials/LineDashedNodeMaterial.js,1653,
d1057f76ca3209ad7ac44a88ff7301f5d3cd0fa0,DELETE,regular-file,build/js/node_modules/three/examples/jsm/nodes/materials/Materials.js,1292,
5babc5e2f042cbaf5d69734b48ed28989ab1aecd,DELETE,regular-file,build/js/node_modules/three/examples/jsm/nodes/materials/MeshBasicNodeMaterial.js,565,
5587030422de392fd47c9e72d3cea94337409b67,DELETE,regular-file,build/js/node_modules/three/examples/jsm/nodes/materials/MeshLambertNodeMaterial.js,707,
7f3e7f71838780e1226d3fd4bf17184fcafced80,DELETE,regular-file,build/js/node_modules/three/examples/jsm/nodes/materials/MeshNormalNodeMaterial.js,1031,
42a04297bf7efe14fd57f7e5fb4f4213a17c037f,DELETE,regular-file,build/js/node_modules/three/examples/jsm/nodes/materials/MeshPhongNodeMaterial.js,1414,
c4e9439716ad0bc24bb7d113b7ba02ec674dd3be,DELETE,regular-file,build/js/node_modules/three/examples/jsm/nodes/materials/MeshPhysicalNodeMaterial.js,4447,
03ac0174d0aeb89eec84d46ff3949b465b45aaf6,DELETE,regular-file,build/js/node_modules/three/examples/jsm/nodes/materials/MeshSSSNodeMaterial.js,2584,
98695c22e718b07451668e14ce62fab60dd2d42d,DELETE,regular-file,build/js/node_modules/three/examples/jsm/nodes/materials/MeshStandardNodeMaterial.js,1944,
790ebd7acdf11144875fe08cfea9674ab0e16430,DELETE,regular-file,build/js/node_modules/three/examples/jsm/nodes/materials/NodeMaterial.js,12599,
b6857457e350c4d466352458ddcdb2269f0f16e7,DELETE,regular-file,build/js/node_modules/three/examples/jsm/nodes/materials/PointsNodeMaterial.js,653,
e6b54b5613dbe549e618d25a4c496f1761fa72b0,DELETE,regular-file,build/js/node_modules/three/examples/jsm/nodes/materials/SpriteNodeMaterial.js,2135,
1899bc3ce89b227eb42dbc1c88c6cafac0c4f2d8,DELETE,regular-file,build/js/node_modules/three/examples/jsm/nodes/materialx/MaterialXNodes.js,4266,
0aacded082f74ae92beee9b2f5ee40de7e46605f,DELETE,regular-file,build/js/node_modules/three/examples/jsm/nodes/materialx/lib/mx_hsv.js,2702,
bfc84efa10cedc494e19dd38c356d33f1dea5bcf,DELETE,regular-file,build/js/node_modules/three/examples/jsm/nodes/materialx/lib/mx_noise.js,41612,
080fa311dd3f7fe2b08322d183b93361dcdd1100,DELETE,regular-file,build/js/node_modules/three/examples/jsm/nodes/materialx/lib/mx_transform_color.js,944,
7a1685441569015a1219c4c004d292668ea8db2f,DELETE,regular-file,build/js/node_modules/three/examples/jsm/nodes/math/CondNode.js,2446,
a8697dd071c6bab96a253ab22f60ba8e549cce94,DELETE,regular-file,build/js/node_modules/three/examples/jsm/nodes/math/HashNode.js,794,
0f28d2c9016542f96c9792b80601e9c4046ffe28,DELETE,regular-file,build/js/node_modules/three/examples/jsm/nodes/math/MathNode.js,11665,
6977d599012281e536c103c857031b21c49f6d3d,DELETE,regular-file,build/js/node_modules/three/examples/jsm/nodes/math/MathUtils.js,842,
149b28ef07b9bcaf62f4277429e7366624c411cb,DELETE,regular-file,build/js/node_modules/three/examples/jsm/nodes/math/OperatorNode.js,6710,
b8806bbe2372aa79e5644d6a1b09c02faf59c2d1,DELETE,regular-file,build/js/node_modules/three/examples/jsm/nodes/math/TriNoise3D.js,1475,
a3b3901f2e26516853228121f4f28a04380d67b8,DELETE,regular-file,build/js/node_modules/three/examples/jsm/nodes/parsers/GLSLNodeFunction.js,2894,
3ae20b3b0e13e5ba89be4141a8dd3b6eb06237ec,DELETE,regular-file,build/js/node_modules/three/examples/jsm/nodes/parsers/GLSLNodeParser.js,254,
4840908b85b6e80629553749f8ad1f74cf757326,DELETE,regular-file,build/js/node_modules/three/examples/jsm/nodes/procedural/CheckerNode.js,781,
edf7a754bf5a78b64d8a1329b6e1fa4139ea8381,DELETE,regular-file,build/js/node_modules/three/examples/jsm/nodes/shadernode/ShaderNode.js,15018,
dfba683dd9bca24c1dfc9c977d0505fbd7daf97e,DELETE,regular-file,build/js/node_modules/three/examples/jsm/nodes/utils/ArrayElementNode.js,649,
8dc08756268fdb7bdc8600065ede3cfaa40d7c9b,DELETE,regular-file,build/js/node_modules/three/examples/jsm/nodes/utils/ConvertNode.js,1019,
22b5d73950e8e1a6a68ddc1f35cc0f605b94c687,DELETE,regular-file,build/js/node_modules/three/examples/jsm/nodes/utils/DiscardNode.js,739,
cc5f90d2fcd877035b130d5eedde78b70d38932b,DELETE,regular-file,build/js/node_modules/three/examples/jsm/nodes/utils/EquirectUVNode.js,797,
7759174b18db9b7e5303abc7160a692165b22a18,DELETE,regular-file,build/js/node_modules/three/examples/jsm/nodes/utils/FunctionOverloadingNode.js,1766,
a1df4b94495732769e9683321cd20006bd658e41,DELETE,regular-file,build/js/node_modules/three/examples/jsm/nodes/utils/JoinNode.js,1247,
f609c8acee26e9de3b3e4eecfa9bd3d89f57081d,DELETE,regular-file,build/js/node_modules/three/examples/jsm/nodes/utils/LoopNode.js,4539,
c5ea9d3683be3ac826e3463234f62a4c7b9f832e,DELETE,regular-file,build/js/node_modules/three/examples/jsm/nodes/utils/MatcapUVNode.js,783,
0dda7056391f858e8c4db0f107ae845fae0c6f24,DELETE,regular-file,build/js/node_modules/three/examples/jsm/nodes/utils/MaxMipLevelNode.js,938,
d19dda5dbfc21097355cf5a6422f2403f5b6dacc,DELETE,regular-file,build/js/node_modules/three/examples/jsm/nodes/utils/OscNode.js,1576,
7b61b963e011d91bd7a8d2a5652a29996b1c0c93,DELETE,regular-file,build/js/node_modules/three/examples/jsm/nodes/utils/PackingNode.js,1133,
cd6b1414d67937fe881b2d048dc27300e32a3da8,DELETE,regular-file,build/js/node_modules/three/examples/jsm/nodes/utils/ReflectorNode.js,5976,
73858bfb4e7de0f65a979fcc36cd354a5ae277b2,DELETE,regular-file,build/js/node_modules/three/examples/jsm/nodes/utils/RemapNode.js,1009,
2dc9be8d63b1b04ccb80ba0e7cbeff6406da6a33,DELETE,regular-file,build/js/node_modules/three/examples/jsm/nodes/utils/RotateNode.js,1827,
4f432cd09d787304e490ff60e71596cf9d6bd06e,DELETE,regular-file,build/js/node_modules/three/examples/jsm/nodes/utils/RotateUVNode.js,739,
c1a8f172c2b3e497fbfada88cd0a6c7b3716eee5,DELETE,regular-file,build/js/node_modules/three/examples/jsm/nodes/utils/SetNode.js,1285,
65c152ae6c17a7fb2a0876adc98cf12e99f2b352,DELETE,regular-file,build/js/node_modules/three/examples/jsm/nodes/utils/SpecularMIPLevelNode.js,982,
f4cab3e238888a8f52368178542f168eee0f47bf,DELETE,regular-file,build/js/node_modules/three/examples/jsm/nodes/utils/SplitNode.js,2060,
6fe594f1b0f21db4dab9d86b1a683e0a5f21a54d,DELETE,regular-file,build/js/node_modules/three/examples/jsm/nodes/utils/SpriteSheetUVNode.js,961,
6a799865418aa8474d08342d37a503bbe8fe4acb,DELETE,regular-file,build/js/node_modules/three/examples/jsm/nodes/utils/StorageArrayElementNode.js,1574,
3ff86833344bdb66bdd5834fe10a3188066a8ebd,DELETE,regular-file,build/js/node_modules/three/examples/jsm/nodes/utils/TimerNode.js,1878,
3e5c18ce00e7d20bcf7f71d273da612ccfb93b9b,DELETE,regular-file,build/js/node_modules/three/examples/jsm/nodes/utils/TriplanarTexturesNode.js,1952,
a47039803822ad841f5756aa4426f0e0b70377c9,DELETE,regular-file,build/js/node_modules/three/examples/jsm/objects/GroundedSkybox.js,1413,
6b736295348583ea2be19449a0c0e59842a0121c,DELETE,regular-file,build/js/node_modules/three/examples/jsm/objects/InstancedPoints.js,488,
6bbec633618f0fe610cb46d7c7e9371144fddfca,DELETE,regular-file,build/js/node_modules/three/examples/jsm/objects/Lensflare.js,8810,
642d08648e82fa343d31567328f616adb6e03256,DELETE,regular-file,build/js/node_modules/three/examples/jsm/objects/MarchingCubes.js,38025,
218f9edbb4155c29195567f6a3c6c554929d4f15,DELETE,regular-file,build/js/node_modules/three/examples/jsm/objects/QuadMesh.js,1111,
a175403048733a85775aee0b385ce0a712ea5219,DELETE,regular-file,build/js/node_modules/three/examples/jsm/objects/Reflector.js,7043,
21eea0e5db3f484be2c5868f582075dbe962781f,DELETE,regular-file,build/js/node_modules/three/examples/jsm/objects/ReflectorForSSRPass.js,10416,
c402edf5445c7fd5f088eace8a98b668404f9ebc,DELETE,regular-file,build/js/node_modules/three/examples/jsm/objects/Refractor.js,8168,
d43236a4954ddeda4832e231791f487736e3b233,DELETE,regular-file,build/js/node_modules/three/examples/jsm/objects/ShadowMesh.js,2030,
55cdb33a478cc169a2c88041611732c82bdab03a,DELETE,regular-file,build/js/node_modules/three/examples/jsm/objects/Sky.js,6819,
f59cccbf8b5573595eabfb43761bede774dfa964,DELETE,regular-file,build/js/node_modules/three/examples/jsm/objects/Water.js,11216,
354ae4f41c3c1a575490ba06d19761ed50b876f3,DELETE,regular-file,build/js/node_modules/three/examples/jsm/objects/Water2.js,8711,
2a4f1e78268869dfc640023513f7bff1f0b12edf,DELETE,regular-file,build/js/node_modules/three/examples/jsm/offscreen/jank.js,645,
ba69f0a4d5d64548551268ecbf0bc502ac9c6d81,DELETE,regular-file,build/js/node_modules/three/examples/jsm/offscreen/offscreen.js,188,
fa18baafe5d5c6810e0ecf4558994fd277432a7e,DELETE,regular-file,build/js/node_modules/three/examples/jsm/offscreen/scene.js,2078,
3874206734c605d5c81c2b228a430fd4d200b923,DELETE,regular-file,build/js/node_modules/three/examples/jsm/physics/AmmoPhysics.js,7018,
234ac51c6ab2998831ad065dd7f632529c2e1833,DELETE,regular-file,build/js/node_modules/three/examples/jsm/physics/RapierPhysics.js,4188,
86a9468b82c4a2103328fde5de829e86710caa79,DELETE,regular-file,build/js/node_modules/three/examples/jsm/postprocessing/AfterimagePass.js,2248,
14b0554d1bcf88929f9ecf19c6ebf0f72dddf2b0,DELETE,regular-file,build/js/node_modules/three/examples/jsm/postprocessing/BloomPass.js,4001,
7ee11685e24a4d311b95a7bee927a7b4e704ab39,DELETE,regular-file,build/js/node_modules/three/examples/jsm/postprocessing/BokehPass.js,3394,
eac2ec756a034f196aa25d3b07363c5680bee6a5,DELETE,regular-file,build/js/node_modules/three/examples/jsm/postprocessing/ClearPass.js,875,
ff9b1f6e481cbc499d682fc207063ab2e86f6250,DELETE,regular-file,build/js/node_modules/three/examples/jsm/postprocessing/CubeTexturePass.js,1940,
fa5fe42ce5675b2a852c37a90320e2cf4ef498af,DELETE,regular-file,build/js/node_modules/three/examples/jsm/postprocessing/DotScreenPass.js,1368,
110eabc8e6025e01cce12da0c99269a4c457d656,DELETE,regular-file,build/js/node_modules/three/examples/jsm/postprocessing/EffectComposer.js,4651,
b2da31c168d663fc1cc5ad3cad66e6f8c2761d07,DELETE,regular-file,build/js/node_modules/three/examples/jsm/postprocessing/FilmPass.js,1236,
ad0a76214bbcbc09fcb89f78ea62168af9797221,DELETE,regular-file,build/js/node_modules/three/examples/jsm/postprocessing/GTAOPass.js,16582,
5b044da97851b1489e69a3300e48870e9c4c7e93,DELETE,regular-file,build/js/node_modules/three/examples/jsm/postprocessing/GlitchPass.js,3076,
0727f468463b1da9a75645186aaf474676ece633,DELETE,regular-file,build/js/node_modules/three/examples/jsm/postprocessing/HalftonePass.js,1522,
c121009089bb8ab9377b97fb1accc271fbed1125,DELETE,regular-file,build/js/node_modules/three/examples/jsm/postprocessing/LUTPass.js,3229,
b30811c8d4ca86d4adaa1e8b9050e7d776e138d3,DELETE,regular-file,build/js/node_modules/three/examples/jsm/postprocessing/MaskPass.js,2231,
f96a7f46fd9ca3536761d4be0ba2138dbd1cb3cf,DELETE,regular-file,build/js/node_modules/three/examples/jsm/postprocessing/OutlinePass.js,20329,
63febaf1e78585d86391fc4aed1be5e34ce7948e,DELETE,regular-file,build/js/node_modules/three/examples/jsm/postprocessing/OutputPass.js,2524,
a81582d13de21a6b13216959396daf0d6f8dc294,DELETE,regular-file,build/js/node_modules/three/examples/jsm/postprocessing/Pass.js,1706,
a6c3804ec67b900e9809c7f4decc32908e117d89,DELETE,regular-file,build/js/node_modules/three/examples/jsm/postprocessing/RenderPass.js,1915,
3913e1e73efb80ec04e91718e966ed652c093fa0,DELETE,regular-file,build/js/node_modules/three/examples/jsm/postprocessing/RenderPixelatedPass.js,6228,
9bb8118c6f2665cabfd7dab5eeb6703673941962,DELETE,regular-file,build/js/node_modules/three/examples/jsm/postprocessing/SAOPass.js,11389,
2f816a19b86ef0d326e51eb0316fa9c2d1ff281b,DELETE,regular-file,build/js/node_modules/three/examples/jsm/postprocessing/SMAAPass.js,49467,
eb242cee1fff8f7de30bcb5a505d19aa11f0d198,DELETE,regular-file,build/js/node_modules/three/examples/jsm/postprocessing/SSAARenderPass.js,6047,
f011e1aac340a8062c20dcbed2706fe84d371791,DELETE,regular-file,build/js/node_modules/three/examples/jsm/postprocessing/SSAOPass.js,11421,
a1429c5c4a655ce18fe1db795902cfec8722c98e,DELETE,regular-file,build/js/node_modules/three/examples/jsm/postprocessing/SSRPass.js,18545,
55d33df0685a6298a1e9ec50c45d9a00565ef5fd,DELETE,regular-file,build/js/node_modules/three/examples/jsm/postprocessing/SavePass.js,1440,
597016c9935e254a186ec810288ee8772dc2718a,DELETE,regular-file,build/js/node_modules/three/examples/jsm/postprocessing/ShaderPass.js,1576,
fb8c5a303b8320cbbdf7ee55669b14b3d97f4211,DELETE,regular-file,build/js/node_modules/three/examples/jsm/postprocessing/TAARenderPass.js,4878,
f9de8185881bfb737433fd1e5a9937c37f53c8d1,DELETE,regular-file,build/js/node_modules/three/examples/jsm/postprocessing/TexturePass.js,1345,
a53754288d989066a3d25cff2bc3d057af822bfc,DELETE,regular-file,build/js/node_modules/three/examples/jsm/postprocessing/UnrealBloomPass.js,12406,
6d67931b97ff4447950a8b69ab915459981e4eee,DELETE,regular-file,build/js/node_modules/three/examples/jsm/renderers/CSS2DRenderer.js,4407,
3cb368ebc3d02b1d38eab860b025525989b81694,DELETE,regular-file,build/js/node_modules/three/examples/jsm/renderers/CSS3DRenderer.js,7804,
f80df799d42e662bfb01da309e2eaa95c9540d0e,DELETE,regular-file,build/js/node_modules/three/examples/jsm/renderers/Projector.js,19380,
e7cb3932cc11373d11d893ca3cfadf0ff592fc84,DELETE,regular-file,build/js/node_modules/three/examples/jsm/renderers/SVGRenderer.js,12669,
d3a5f2043b767b7264eff04f69eac30e022755fa,DELETE,regular-file,build/js/node_modules/three/examples/jsm/renderers/common/Animation.js,629,
afb3467cf66ed5ccebf621edc484105a44889140,DELETE,regular-file,build/js/node_modules/three/examples/jsm/renderers/common/Attributes.js,1339,
78d01f8b95abb50f1e52aca91a5c4f35e1bebd3b,DELETE,regular-file,build/js/node_modules/three/examples/jsm/renderers/common/Backend.js,3131,
21d3dc1d564804ec2c464ce18f93bc74a6e08895,DELETE,regular-file,build/js/node_modules/three/examples/jsm/renderers/common/Background.js,3672,
9f60f4e41c2eccfd13491d577ef3805d93a3ec32,DELETE,regular-file,build/js/node_modules/three/examples/jsm/renderers/common/Binding.js,265,
2443c7cd683e037ee34c7675619a22651448c60a,DELETE,regular-file,build/js/node_modules/three/examples/jsm/renderers/common/Bindings.js,3110,
a9a664396f0db962d8bd3a9f21ab7278adc58adb,DELETE,regular-file,build/js/node_modules/three/examples/jsm/renderers/common/Buffer.js,472,
0cbdd4c773d3cc11b576bbf1a459401223302f6c,DELETE,regular-file,build/js/node_modules/three/examples/jsm/renderers/common/BufferUtils.js,677,
3e7648e08d2126db7ece5d01026c176f8b7bf274,DELETE,regular-file,build/js/node_modules/three/examples/jsm/renderers/common/ChainMap.js,1131,
085e5d591abc26eddeecab3fa81bc7e421ff8798,DELETE,regular-file,build/js/node_modules/three/examples/jsm/renderers/common/ClippingContext.js,3217,
bb7156325419102855810307878bd293dc3f6b70,DELETE,regular-file,build/js/node_modules/three/examples/jsm/renderers/common/Color4.js,424,
8f29dc4756dbbe86a216f5db39e380707c6702eb,DELETE,regular-file,build/js/node_modules/three/examples/jsm/renderers/common/ComputePipeline.js,261,
034510a9994abe82bd2b0e21844e6997be785995,DELETE,regular-file,build/js/node_modules/three/examples/jsm/renderers/common/Constants.js,269,
ce3d14ac171ad5109bd758fccf515b42d8932108,DELETE,regular-file,build/js/node_modules/three/examples/jsm/renderers/common/CubeRenderTarget.js,1933,
28e05d1c46edcde42db36007d73be2a66944af3d,DELETE,regular-file,build/js/node_modules/three/examples/jsm/renderers/common/DataMap.js,518,
90f6798fe9cd6a7fed1b196c0315a71bbaa89c9a,DELETE,regular-file,build/js/node_modules/three/examples/jsm/renderers/common/Geometries.js,4074,
802fb08689c95b1c2c0056183996f6ce4ab435ae,DELETE,regular-file,build/js/node_modules/three/examples/jsm/renderers/common/Info.js,1462,
8f0f30418f589383b3385c1578fa441a71c72e6c,DELETE,regular-file,build/js/node_modules/three/examples/jsm/renderers/common/Pipeline.js,130,
afb176f1b7ee937613e06c5b519250c903fa76ad,DELETE,regular-file,build/js/node_modules/three/examples/jsm/renderers/common/Pipelines.js,7073,
2598362708dfa52f92a02b5db4f3964648ba09da,DELETE,regular-file,build/js/node_modules/three/examples/jsm/renderers/common/PostProcessing.js,485,
c69627bf0cd9c83ca4b374fcf80fd5eae2f9cb87,DELETE,regular-file,build/js/node_modules/three/examples/jsm/renderers/common/ProgrammableStage.js,300,
68ed3d98e0f49f37b683735a7d08794aeb0a07f3,DELETE,regular-file,build/js/node_modules/three/examples/jsm/renderers/common/RenderContext.js,704,
da21e6d9a0fed9eca3a474bc47c61fd8d38befff,DELETE,regular-file,build/js/node_modules/three/examples/jsm/renderers/common/RenderContexts.js,1158,
7e12009a8af1732b117633642758030727ae156a,DELETE,regular-file,build/js/node_modules/three/examples/jsm/renderers/common/RenderList.js,3539,
9090e6e001a40398a8c9514266ad6b272676bd7e,DELETE,regular-file,build/js/node_modules/three/examples/jsm/renderers/common/RenderLists.js,471,
305306618b6e8002f1e7f66aaef5481c9e015fa6,DELETE,regular-file,build/js/node_modules/three/examples/jsm/renderers/common/RenderObject.js,4352,
e4bd3222cde20f1f4c0555a0031c0ff080e4edf3,DELETE,regular-file,build/js/node_modules/three/examples/jsm/renderers/common/RenderObjects.js,2122,
d9aeadda79832288deff69954aed13be96174129,DELETE,regular-file,build/js/node_modules/three/examples/jsm/renderers/common/RenderPipeline.js,281,
5ddb3ae9c0fa2f3104a3f16839dd00b7de5664d0,DELETE,regular-file,build/js/node_modules/three/examples/jsm/renderers/common/Renderer.js,28399,
a9e6d395c3fabf291de5d2159839fd24bf6305e7,DELETE,regular-file,build/js/node_modules/three/examples/jsm/renderers/common/SampledTexture.js,1257,
ccbdd0e5544bd2585807664218c5358f9e56bdb8,DELETE,regular-file,build/js/node_modules/three/examples/jsm/renderers/common/Sampler.js,253,
8c353e78a4fefdf3374c2b2955f9fc4956bc8e43,DELETE,regular-file,build/js/node_modules/three/examples/jsm/renderers/common/StorageBuffer.js,262,
c891c96f21340219c2199322b28c8450da04dbd5,DELETE,regular-file,build/js/node_modules/three/examples/jsm/renderers/common/StorageBufferAttribute.js,366,
4bb3856c3d5856b24b758148e90c03ed3447c44e,DELETE,regular-file,build/js/node_modules/three/examples/jsm/renderers/common/StorageInstancedBufferAttribute.js,411,
5f3f10471f1403280cfd4d65844523081b8708f8,DELETE,regular-file,build/js/node_modules/three/examples/jsm/renderers/common/StorageTexture.js,314,
57d23f03ae40e468120a24e22c6f1dbedf4b2cc1,DELETE,regular-file,build/js/node_modules/three/examples/jsm/renderers/common/Textures.js,7380,
4386d3e755e025f35009b1d26915394f1adbdcad,DELETE,regular-file,build/js/node_modules/three/examples/jsm/renderers/common/Uniform.js,1972,
4edd9f8f8e6be46a84c880aa97819484141d31d8,DELETE,regular-file,build/js/node_modules/three/examples/jsm/renderers/common/UniformBuffer.js,207,
21bb2cd33010f4d4ca69aa2b7e4a8970f8c0f5a0,DELETE,regular-file,build/js/node_modules/three/examples/jsm/renderers/common/UniformsGroup.js,5396,
bd4d4b010cba78c35596c43641a392922946870c,DELETE,regular-file,build/js/node_modules/three/examples/jsm/renderers/common/nodes/NodeBuilderState.js,821,
6d830d27e975b83a2d15ee77851eb930ac44bbb9,DELETE,regular-file,build/js/node_modules/three/examples/jsm/renderers/common/nodes/NodeSampledTexture.js,767,
6ffcebe9e7ccdc915156bb1d028b7901fd4fe5be,DELETE,regular-file,build/js/node_modules/three/examples/jsm/renderers/common/nodes/NodeSampler.js,240,
27fc647df5ae8ff340c5c5e260e3a6335497219e,DELETE,regular-file,build/js/node_modules/three/examples/jsm/renderers/common/nodes/NodeStorageBuffer.js,354,
ff89218d8dad0689cf529ab9f88d9917eafd8ed2,DELETE,regular-file,build/js/node_modules/three/examples/jsm/renderers/common/nodes/NodeUniform.js,1866,
3babfd1b7a33c36cf1acf21d991b3519cbda9f7f,DELETE,regular-file,build/js/node_modules/three/examples/jsm/renderers/common/nodes/NodeUniformBuffer.js,354,
e44a6f93a9c6a8d067d119b42bc08cd04f78d9e5,DELETE,regular-file,build/js/node_modules/three/examples/jsm/renderers/common/nodes/NodeUniformsGroup.js,599,
5e217a3c705bdb99c1a2d1a47024b3f015938914,DELETE,regular-file,build/js/node_modules/three/examples/jsm/renderers/common/nodes/Nodes.js,10921,
240237b2a478c6ba521eb8bbd006ff3c40570fd5,DELETE,regular-file,build/js/node_modules/three/examples/jsm/renderers/webgl-legacy/nodes/GLSL1NodeBuilder.js,5200,
e6488edf3a35bcda4658d71722f544aa9d583773,DELETE,regular-file,build/js/node_modules/three/examples/jsm/renderers/webgl-legacy/nodes/SlotNode.js,395,
ca6b134fbd5eb2eeb1fe2818c71e422b46187c05,DELETE,regular-file,build/js/node_modules/three/examples/jsm/renderers/webgl-legacy/nodes/WebGLNodeBuilder.js,17440,
0f5a00f3c078788609d14a0592905557434a708f,DELETE,regular-file,build/js/node_modules/three/examples/jsm/renderers/webgl-legacy/nodes/WebGLNodes.js,1061,
ad6255a11c07c93b67761697b866f414787197a5,DELETE,regular-file,build/js/node_modules/three/examples/jsm/renderers/webgl/WebGLBackend.js,28585,
bcf09fd7a4a05300b8aedc300006782bb734036a,DELETE,regular-file,build/js/node_modules/three/examples/jsm/renderers/webgl/nodes/GLSLNodeBuilder.js,16167,
0d459a3598329c283bb151c15cbab53a543fd289,DELETE,regular-file,build/js/node_modules/three/examples/jsm/renderers/webgl/utils/WebGLAttributeUtils.js,5463,
52f0df44684050b7ed50aeecebfe270d445d7731,DELETE,regular-file,build/js/node_modules/three/examples/jsm/renderers/webgl/utils/WebGLCapabilities.js,628,
173c9caa81144f5f24e4a1aaa29f902e7f0417f5,DELETE,regular-file,build/js/node_modules/three/examples/jsm/renderers/webgl/utils/WebGLConstants.js,477,
35d59baa371043837d0776c7deb8687aca339330,DELETE,regular-file,build/js/node_modules/three/examples/jsm/renderers/webgl/utils/WebGLExtensions.js,481,
51a2e0d572f0fbea26fdf74c46751f58a2d63918,DELETE,regular-file,build/js/node_modules/three/examples/jsm/renderers/webgl/utils/WebGLState.js,14774,
8e17aeb7d5ada7e2e8fedef641a95bb5858bd9c4,DELETE,regular-file,build/js/node_modules/three/examples/jsm/renderers/webgl/utils/WebGLTextureUtils.js,18363,
70965baf66fb2dde39f29538c2c34ce78ea4e35d,DELETE,regular-file,build/js/node_modules/three/examples/jsm/renderers/webgl/utils/WebGLUtils.js,10109,
11af2c0e16a415935aeadb9d15e37211b7206597,DELETE,regular-file,build/js/node_modules/three/examples/jsm/renderers/webgpu/WebGPUBackend.js,32109,
c4360d78a88103bc9e21773ed98e3c785ebf3697,DELETE,regular-file,build/js/node_modules/three/examples/jsm/renderers/webgpu/WebGPURenderer.js,989,
cd214f7fe0f8a76961120a61b46ff9db38943d8a,DELETE,regular-file,build/js/node_modules/three/examples/jsm/renderers/webgpu/nodes/WGSLNodeBuilder.js,23872,
1021eb6dc3037d8eb0a630236793c0a0b1b5223d,DELETE,regular-file,build/js/node_modules/three/examples/jsm/renderers/webgpu/nodes/WGSLNodeFunction.js,1960,
5f9dfb8ca21053de6255c2a02e67ad3779dfa645,DELETE,regular-file,build/js/node_modules/three/examples/jsm/renderers/webgpu/nodes/WGSLNodeParser.js,266,
20b66a63890bce312d33ee5e642eeb9e64b93681,DELETE,regular-file,build/js/node_modules/three/examples/jsm/renderers/webgpu/utils/WebGPUAttributeUtils.js,6608,
16169fc49d1d4669452bc12a6cf2050ef07e27e1,DELETE,regular-file,build/js/node_modules/three/examples/jsm/renderers/webgpu/utils/WebGPUBindingUtils.js,5524,
f1de5d640320ec6301e0fd5600cf130d0a166941,DELETE,regular-file,build/js/node_modules/three/examples/jsm/renderers/webgpu/utils/WebGPUConstants.js,7581,
d7816f4f72e71a790be893be22ad296955815edb,DELETE,regular-file,build/js/node_modules/three/examples/jsm/renderers/webgpu/utils/WebGPUPipelineUtils.js,13973,
d46e43715ea7227a4a3e3b55cf773a6f68abd57d,DELETE,regular-file,build/js/node_modules/three/examples/jsm/renderers/webgpu/utils/WebGPUTexturePassUtils.js,6574,
3ec41d5a7ee4329871b9404c3d66e51bdc00f48f,DELETE,regular-file,build/js/node_modules/three/examples/jsm/renderers/webgpu/utils/WebGPUTextureUtils.js,30286,
52d3bea5ad4c03d0686076b8ffa7748e0d3e56ae,DELETE,regular-file,build/js/node_modules/three/examples/jsm/renderers/webgpu/utils/WebGPUUtils.js,1716,
702b978b54b5d113f1cb37ac31697f479994a649,DELETE,regular-file,build/js/node_modules/three/examples/jsm/shaders/ACESFilmicToneMappingShader.js,1910,
b1dbdef10b463771a205b9020f6f6136e5740861,DELETE,regular-file,build/js/node_modules/three/examples/jsm/shaders/AfterimageShader.js,903,
f1f1130f6841957fb2080b4abcf7420c5042183e,DELETE,regular-file,build/js/node_modules/three/examples/jsm/shaders/BasicShader.js,351,
5694f5d53bc68f77cdd32e4e44b0f04b227c31e6,DELETE,regular-file,build/js/node_modules/three/examples/jsm/shaders/BleachBypassShader.js,1212,
530fdc3644a743a5feee07295670e12cd39b7975,DELETE,regular-file,build/js/node_modules/three/examples/jsm/shaders/BlendShader.js,754,
0cd454966f8cc6d8c9e7a9101f14fd0408df3ce1,DELETE,regular-file,build/js/node_modules/three/examples/jsm/shaders/BokehShader.js,5769,
3bb0dcf40615494db576a8cf60040f56b3a8ec56,DELETE,regular-file,build/js/node_modules/three/examples/jsm/shaders/BokehShader2.js,9678,
c1dea9e6bd6ecf243d860e88eed5c7d6e270e9ba,DELETE,regular-file,build/js/node_modules/three/examples/jsm/shaders/BrightnessContrastShader.js,1066,
1298215ef3335ae774a45b1a7999928f7735c1ff,DELETE,regular-file,build/js/node_modules/three/examples/jsm/shaders/ColorCorrectionShader.js,822,
12bced7ea66b6c9f548c358df4f42ccc7d850790,DELETE,regular-file,build/js/node_modules/three/examples/jsm/shaders/ColorifyShader.js,704,
774b2090eae76d1175a2943a0e62a9fac8c214b9,DELETE,regular-file,build/js/node_modules/three/examples/jsm/shaders/ConvolutionShader.js,1809,
8c3f2cd443cd4c96edc9c2c04dc760f374d954c9,DELETE,regular-file,build/js/node_modules/three/examples/jsm/shaders/CopyShader.js,571,
c0e48df7f6237641e6f4da2ab4ab719410e2da52,DELETE,regular-file,build/js/node_modules/three/examples/jsm/shaders/DOFMipMapShader.js,918,
6966eb338cc2861317acbbc19fc630a6310cb229,DELETE,regular-file,build/js/node_modules/three/examples/jsm/shaders/DepthLimitedBlurShader.js,3707,
8e2663f589f75ec52bce8b02d8b0c943c19f1afc,DELETE,regular-file,build/js/node_modules/three/examples/jsm/shaders/DigitalGlitch.js,2574,
6adac2e54ff25aa9861589f1ec4c8beff1fdb127,DELETE,regular-file,build/js/node_modules/three/examples/jsm/shaders/DotScreenShader.js,1204,
3008ab2905256ea5a1ec1b9c67b79791a6195993,DELETE,regular-file,build/js/node_modules/three/examples/jsm/shaders/ExposureShader.js,567,
28df232142502f8316b59c12cf95f651ae59bb05,DELETE,regular-file,build/js/node_modules/three/examples/jsm/shaders/FXAAShader.js,8477,
56e1090dfc8dd3c206c244440a8fb374efa432a7,DELETE,regular-file,build/js/node_modules/three/examples/jsm/shaders/FilmShader.js,923,
7f43a0fa1353dd87c747df62dc95d7bd293f107c,DELETE,regular-file,build/js/node_modules/three/examples/jsm/shaders/FocusShader.js,2305,
65695d6d933603074f08cb339b8899c53197576d,DELETE,regular-file,build/js/node_modules/three/examples/jsm/shaders/FreiChenShader.js,2970,
04a12e8ad40f1616d0302e65084662c06374b4b4,DELETE,regular-file,build/js/node_modules/three/examples/jsm/shaders/GTAOShader.js,13009,
719960497b60080ba43dbb9c4b685de0b5d519de,DELETE,regular-file,build/js/node_modules/three/examples/jsm/shaders/GammaCorrectionShader.js,595,
ac4ca6f8ca14fd0153a6e7a281d884b906e58488,DELETE,regular-file,build/js/node_modules/three/examples/jsm/shaders/GodRaysShader.js,6826,
08fba050559f569b4c6e09d9d17bbce60ab3a282,DELETE,regular-file,build/js/node_modules/three/examples/jsm/shaders/HalftoneShader.js,8584,
8b479c5e7d761f16b6f8685a19470f0ad0992b21,DELETE,regular-file,build/js/node_modules/three/examples/jsm/shaders/HorizontalBlurShader.js,1452,
d7c94aa8f4ae50b018c2c0f603ea11108b69d4a8,DELETE,regular-file,build/js/node_modules/three/examples/jsm/shaders/HorizontalTiltShiftShader.js,1585,
2ab1256e72cfb7cd68197bef723968ecfdd56fde,DELETE,regular-file,build/js/node_modules/three/examples/jsm/shaders/HueSaturationShader.js,1480,
27ed14219e7c4d4db58c755c8ab696e3887066f2,DELETE,regular-file,build/js/node_modules/three/examples/jsm/shaders/KaleidoShader.js,1014,
9f6445bb3b621cb42813ef9bfd891419d7ea7d3e,DELETE,regular-file,build/js/node_modules/three/examples/jsm/shaders/LuminosityHighPassShader.js,1192,
4472980b09d226b144cfd0af5662baf6e42e4819,DELETE,regular-file,build/js/node_modules/three/examples/jsm/shaders/LuminosityShader.js,624,
7f5ce4b594c111891c4ca50f9a808bc01f096578,DELETE,regular-file,build/js/node_modules/three/examples/jsm/shaders/MMDToonShader.js,3466,
c5c4a3e141cfff56c40ec2226780151c71068d35,DELETE,regular-file,build/js/node_modules/three/examples/jsm/shaders/MirrorShader.js,914,
0fc6fc95c4506c409509d4dcbbe9793ad6ee0d04,DELETE,regular-file,build/js/node_modules/three/examples/jsm/shaders/NormalMapShader.js,995,
ca1085daaf83afe67b04ef7cf3f512107e463bdc,DELETE,regular-file,build/js/node_modules/three/examples/jsm/shaders/OutputShader.js,1499,
737741ee722e04b71aceaf7fa991fb09f4f113d6,DELETE,regular-file,build/js/node_modules/three/examples/jsm/shaders/PoissonDenoiseShader.js,6614,
699f4415d8e34e781a797809136db89b6812c39b,DELETE,regular-file,build/js/node_modules/three/examples/jsm/shaders/RGBShiftShader.js,1115,
bd2d12e3882ebdf58e8ca0d381b62a672eb43351,DELETE,regular-file,build/js/node_modules/three/examples/jsm/shaders/SAOShader.js,4879,
dba11e0294c2244a48ef74b6e5b009138a2edb6d,DELETE,regular-file,build/js/node_modules/three/examples/jsm/shaders/SMAAShader.js,14628,
24cda66f5d620054cb4738c07fd7de7f02aed816,DELETE,regular-file,build/js/node_modules/three/examples/jsm/shaders/SSAOShader.js,6478,
e2b7378e1e12a0c080850d1836a8d3ebd0e9ef0e,DELETE,regular-file,build/js/node_modules/three/examples/jsm/shaders/SSRShader.js,9405,
7f696cb821a809f99e84ed9741e56af9d3e184d8,DELETE,regular-file,build/js/node_modules/three/examples/jsm/shaders/SepiaShader.js,936,
4b8cb9039c18e0c06f4ee52b41d12ce243eb7752,DELETE,regular-file,build/js/node_modules/three/examples/jsm/shaders/SobelOperatorShader.js,2352,
72b6a2c0d6288a89005d5db3ec6f64da798da587,DELETE,regular-file,build/js/node_modules/three/examples/jsm/shaders/SubsurfaceScatteringShader.js,3238,
1251fad8e6f5333bca5cbf0df85ad49c8a99cdb7,DELETE,regular-file,build/js/node_modules/three/examples/jsm/shaders/TechnicolorShader.js,864,
29c85338d72f99943c2cc6d91e922221b47cf244,DELETE,regular-file,build/js/node_modules/three/examples/jsm/shaders/ToonShader.js,6779,
bc6e37c6bc84181f0598345b221b0370200e43aa,DELETE,regular-file,build/js/node_modules/three/examples/jsm/shaders/TriangleBlurShader.js,1278,
2f537384581c81a90d9d3b264a1c1d775bb047b8,DELETE,regular-file,build/js/node_modules/three/examples/jsm/shaders/UnpackDepthRGBAShader.js,709,
a47b6d16800ee4c262775faf3a8c48370d9f2806,DELETE,regular-file,build/js/node_modules/three/examples/jsm/shaders/VelocityShader.js,2996,
22e06d5512982df1fed7e5e6c5fafabc89f96c35,DELETE,regular-file,build/js/node_modules/three/examples/jsm/shaders/VerticalBlurShader.js,1446,
16288a01a67745bbb20053c39a1e562da3641424,DELETE,regular-file,build/js/node_modules/three/examples/jsm/shaders/VerticalTiltShiftShader.js,1579,
114ff2cd044480455c523f85eccc7da1a727fc83,DELETE,regular-file,build/js/node_modules/three/examples/jsm/shaders/VignetteShader.js,893,
1ef52c56a651ae575ed76deccccbcaae6b4428b8,DELETE,regular-file,build/js/node_modules/three/examples/jsm/shaders/VolumeShader.js,9745,
7d1ad6c274acfc1fdb415623778ab7ce90c6b2e0,DELETE,regular-file,build/js/node_modules/three/examples/jsm/shaders/WaterRefractionShader.js,1809,
3873dff534b62bfda97e7d4f96e7e366577cc6c1,DELETE,regular-file,build/js/node_modules/three/examples/jsm/textures/FlakesTexture.js,876,
f412c6cdc114723f5f3144ceadbb75c520e0d05e,DELETE,regular-file,build/js/node_modules/three/examples/jsm/transpiler/AST.js,3116,
a336626edcb33cf631de114d55507e68b4f58aaa,DELETE,regular-file,build/js/node_modules/three/examples/jsm/transpiler/GLSLDecoder.js,17145,
10e321042c7627350ef406a45da0af16dff7ef7f,DELETE,regular-file,build/js/node_modules/three/examples/jsm/transpiler/ShaderToyDecoder.js,1019,
ba228bd75b72e44e386ff365c7e2083aa20ea671,DELETE,regular-file,build/js/node_modules/three/examples/jsm/transpiler/TSLEncoder.js,13783,
03427df17ddc1f83f1f383168d245a50a240a188,DELETE,regular-file,build/js/node_modules/three/examples/jsm/transpiler/Transpiler.js,228,
f620433bb5e00f10aceb8d944a04743d0f0acb28,DELETE,regular-file,build/js/node_modules/three/examples/jsm/utils/BufferGeometryUtils.js,31554,
f7fa1b15858036abe04648d8267d493c35870f76,DELETE,regular-file,build/js/node_modules/three/examples/jsm/utils/CameraUtils.js,2850,
cf6aac15425ef47a54f0af71cc5cec615faf1871,DELETE,regular-file,build/js/node_modules/three/examples/jsm/utils/GPUStatsPanel.js,2470,
0be91d568c15bfdead24da29f13fd896a3c1167d,DELETE,regular-file,build/js/node_modules/three/examples/jsm/utils/GeometryCompressionUtils.js,14687,
4f3452ef6d24d4bad796910fc7a982ca265ef0fb,DELETE,regular-file,build/js/node_modules/three/examples/jsm/utils/GeometryUtils.js,5113,
64bb11c226ff4a30ca263f85cdce893db8cc3ce5,DELETE,regular-file,build/js/node_modules/three/examples/jsm/utils/LDrawUtils.js,5808,
f71aab8e2d8c6bdecf123fe17f3a11256e371cbc,DELETE,regular-file,build/js/node_modules/three/examples/jsm/utils/PackedPhongMaterial.js,3950,
45c4c210e816617f35b2a99591b8d70e4026a7a0,DELETE,regular-file,build/js/node_modules/three/examples/jsm/utils/SceneUtils.js,5511,
53b928249dc079049572ca5d2fca71d05c012416,DELETE,regular-file,build/js/node_modules/three/examples/jsm/utils/ShadowMapViewer.js,5595,
1f25e4cbbc9a00f8b012cc5bac9a136d49353619,DELETE,regular-file,build/js/node_modules/three/examples/jsm/utils/SkeletonUtils.js,8421,
5c83031483992942b8f016332a8efa76cd573ee9,DELETE,regular-file,build/js/node_modules/three/examples/jsm/utils/SortUtils.js,3051,
5954a246158fdc5af0adc321ae518e0e99de9bc5,DELETE,regular-file,build/js/node_modules/three/examples/jsm/utils/TextureUtils.js,2367,
f5cbc35bbb63c03f602287e293df165f7a94f592,DELETE,regular-file,build/js/node_modules/three/examples/jsm/utils/UVsDebug.js,3097,
c8d191609387e6b87b6e860c524523b6ba630db0,DELETE,regular-file,build/js/node_modules/three/examples/jsm/utils/WorkerPool.js,1712,
7f4a073c68958a430d94ef4edd382b76e8944bd5,DELETE,regular-file,build/js/node_modules/three/examples/jsm/webxr/ARButton.js,4800,
19589211e8ec89bb7acf37b3317f55578d8ee743,DELETE,regular-file,build/js/node_modules/three/examples/jsm/webxr/OculusHandModel.js,1756,
422764cd7aefd354fbb2200fc90e46b336a9ac24,DELETE,regular-file,build/js/node_modules/three/examples/jsm/webxr/OculusHandPointerModel.js,10102,
d50c06c9766ec1eaaae934dc85ef9b4f3a81d187,DELETE,regular-file,build/js/node_modules/three/examples/jsm/webxr/Text2D.js,1018,
10c362eb86a867ea2e211de4b82d6830808b9518,DELETE,regular-file,build/js/node_modules/three/examples/jsm/webxr/VRButton.js,4801,
34e5d868057dd31b1663216401e6e46bdf06b368,DELETE,regular-file,build/js/node_modules/three/examples/jsm/webxr/XRButton.js,4074,
b888406cf70c4d88134457a424214591425d6f75,DELETE,regular-file,build/js/node_modules/three/examples/jsm/webxr/XRControllerModelFactory.js,7185,
85c7b9b690c854588aa43142e25eafc0a65ff9b5,DELETE,regular-file,build/js/node_modules/three/examples/jsm/webxr/XREstimatedLight.js,5308,
53f9ef7acc49f6cbc3c2f3951f575bade2e84288,DELETE,regular-file,build/js/node_modules/three/examples/jsm/webxr/XRHandMeshModel.js,2449,
37a16d42f9740a3cca4d68e20e990abdba95169b,DELETE,regular-file,build/js/node_modules/three/examples/jsm/webxr/XRHandModelFactory.js,1841,
0cb3fdcad78fb8437444939264d09394b59f7531,DELETE,regular-file,build/js/node_modules/three/examples/jsm/webxr/XRHandPrimitiveModel.js,2316,
4576abd44e4a85f7d60a76520da57d1c46ac6b4c,DELETE,regular-file,build/js/node_modules/three/examples/jsm/webxr/XRPlanes.js,1937,
a7da2f2dcb82e04570eedee0a616eab4fb3d3adb,DELETE,regular-file,build/js/node_modules/three/src/Three.Legacy.js,552,
6c0f476f9fc0c18b9f563fffe6d8e3a7f9efe795,DELETE,regular-file,build/js/node_modules/three/src/Three.js,9641,
056297b26f9817b291b7eb3498b0480e708dd0e4,DELETE,regular-file,build/js/node_modules/three/src/animation/AnimationAction.js,12606,
20d1da29c633d49c5f5484d1e898c820dcf9df67,DELETE,regular-file,build/js/node_modules/three/src/animation/AnimationClip.js,9535,
e7e0f3ea55c369d5c0e709daf0a3bc1547e1a80b,DELETE,regular-file,build/js/node_modules/three/src/animation/AnimationMixer.js,16463,
d43a114f076b75c0f13fac88d6fc9fd26908a15e,DELETE,regular-file,build/js/node_modules/three/src/animation/AnimationObjectGroup.js,9230,
4b144c5370388f641faaa66ff4bad33018cb36ec,DELETE,regular-file,build/js/node_modules/three/src/animation/AnimationUtils.js,7758,
9da91c67f0991c2430c495dc7149823007fde806,DELETE,regular-file,build/js/node_modules/three/src/animation/KeyframeTrack.js,9099,
eb3afe519e23a49d1c82b7c7ad5634a95f7050af,DELETE,regular-file,build/js/node_modules/three/src/animation/PropertyBinding.js,16381,
751c90d7e1b979049341b14eeb731cc35f433fec,DELETE,regular-file,build/js/node_modules/three/src/animation/PropertyMixer.js,6825,
277b3696318a3b93e6c5249716dc03439f8fa181,DELETE,regular-file,build/js/node_modules/three/src/animation/tracks/BooleanKeyframeTrack.js,757,
ee789efac129d25d8d0101e25d1ca061bad661be,DELETE,regular-file,build/js/node_modules/three/src/animation/tracks/ColorKeyframeTrack.js,445,
58b74ca540c2f396a118b85de2db5d15f599ac12,DELETE,regular-file,build/js/node_modules/three/src/animation/tracks/NumberKeyframeTrack.js,311,
d070e4e0f84db15847599b53a1aa4de1c7d664cb,DELETE,regular-file,build/js/node_modules/three/src/animation/tracks/QuaternionKeyframeTrack.js,755,
e7e615703e183c61a136bef9499e7acd24c2d460,DELETE,regular-file,build/js/node_modules/three/src/animation/tracks/StringKeyframeTrack.js,575,
bdccf8b22534653e37e1e2d38bb20e2f9aec3e03,DELETE,regular-file,build/js/node_modules/three/src/animation/tracks/VectorKeyframeTrack.js,312,
cc8f6d6032cea60840b37de5137a7a812fb9ed51,DELETE,regular-file,build/js/node_modules/three/src/audio/Audio.js,6022,
bb34c791f38ce02eef3503a2eaec4bd62171067a,DELETE,regular-file,build/js/node_modules/three/src/audio/AudioAnalyser.js,591,
a7cd911323aa7b8d2b4805f5c2fdf04440a83406,DELETE,regular-file,build/js/node_modules/three/src/audio/AudioContext.js,284,
330b6b2deea05faa2bba67a200928ad2feffde56,DELETE,regular-file,build/js/node_modules/three/src/audio/AudioListener.js,2893,
f60bcb383e4e6fb0cd8fadc795d3efc67c9aeb7a,DELETE,regular-file,build/js/node_modules/three/src/audio/PositionalAudio.js,2653,
4da2d1d4a8d99f4de92db6d7c489bd3747a7abdb,DELETE,regular-file,build/js/node_modules/three/src/cameras/ArrayCamera.js,236,
3f68b3131abf82136fe6108c8daeccbaafd36ed3,DELETE,regular-file,build/js/node_modules/three/src/cameras/Camera.js,1273,
66ba89760a5b33f9606cf7fd7f3016d7fbffc7b3,DELETE,regular-file,build/js/node_modules/three/src/cameras/CubeCamera.js,4449,
87f9691e4b8692a3b94e591e3b6e1d32961db0bb,DELETE,executable,build/js/node_modules/three/src/cameras/OrthographicCamera.js,2753,
8d10450008fa6bae4142d2bd25e31accf282fee6,DELETE,regular-file,build/js/node_modules/three/src/cameras/PerspectiveCamera.js,6470,
ae8f8485e1e99e5052644cb7b8cfdf00587a2f20,DELETE,regular-file,build/js/node_modules/three/src/cameras/StereoCamera.js,2694,
5257bc1bab534b231b5e2fdd7645f7946ae88443,DELETE,regular-file,build/js/node_modules/three/src/constants.js,7896,
d35400898319440a0f440056fdc02edda449306f,DELETE,regular-file,build/js/node_modules/three/src/core/BufferAttribute.js,10600,
531f039f8d5c60deac05823cc5968055fcd3dd5d,DELETE,regular-file,build/js/node_modules/three/src/core/BufferGeometry.js,20685,
0bba330d035ac780e0e4e96925ba8a55af7c3479,DELETE,regular-file,build/js/node_modules/three/src/core/Clock.js,890,
e75d1e71d8b883d994719225b8de325492f20fca,DELETE,regular-file,build/js/node_modules/three/src/core/EventDispatcher.js,1479,
41f690894365af3b380f2c58f79b78f73c66666a,DELETE,regular-file,build/js/node_modules/three/src/core/GLBufferAttribute.js,725,
ed317ee32cd574c8ef7bee5d018e2ebe1ad617ad,DELETE,regular-file,build/js/node_modules/three/src/core/InstancedBufferAttribute.js,631,
0282b46f0fadbeb0001977d8c1a1254dd4bd2d23,DELETE,regular-file,build/js/node_modules/three/src/core/InstancedBufferGeometry.js,562,
7f667161ee773a5d4c42a4eb8285d38b74d67b49,DELETE,regular-file,build/js/node_modules/three/src/core/InstancedInterleavedBuffer.js,747,
105fc9195f8dec0841a0074b930338560c0f39e3,DELETE,regular-file,build/js/node_modules/three/src/core/InterleavedBuffer.js,2807,
47b0f8fb13bc1d50ef4c1f0189525cddd8897d15,DELETE,regular-file,build/js/node_modules/three/src/core/InterleavedBufferAttribute.js,6272,
568afe924b3e46cafecd803f8938379d9fc6df0a,DELETE,regular-file,build/js/node_modules/three/src/core/Layers.js,577,
3dadb4e629a90d3608bf6c8b138174dfb0a7c365,DELETE,regular-file,build/js/node_modules/three/src/core/Object3D.js,19588,
ef72c6b518a81dd32e5480af7a8ea117d8f8f326,DELETE,regular-file,build/js/node_modules/three/src/core/Raycaster.js,2556,
22f9325d09f6f64b1cb24df1e087907ddeef85f6,DELETE,regular-file,build/js/node_modules/three/src/core/RenderTarget.js,3362,
a2d421c40c9618232edab782c0344ffd533978f0,DELETE,regular-file,build/js/node_modules/three/src/core/Uniform.js,199,
7fa592ba4704eee372c44d49db6088f019f6cf78,DELETE,regular-file,build/js/node_modules/three/src/core/UniformsGroup.js,1340,
3234f34c0106a604323601f89602ec6b185d5229,DELETE,regular-file,build/js/node_modules/three/src/extras/DataUtils.js,3482,
0a824aca20631df610bb9fcccc05a21697e64322,DELETE,regular-file,build/js/node_modules/three/src/extras/Earcut.js,17687,
ceddc4d9ddd1d27ddc1b524e5c91996a67c23f6c,DELETE,regular-file,build/js/node_modules/three/src/extras/ImageUtils.js,2496,
bad16989b1b8b8cf8bc7153c0dd8785ebefae7b1,DELETE,regular-file,build/js/node_modules/three/src/extras/PMREMGenerator.js,22272,
b1e0905310012cda645cf9d4846aea85db82356f,DELETE,regular-file,build/js/node_modules/three/src/extras/ShapeUtils.js,1516,
b1b1f46fb83e64443c54cfeda10f81ca064e4a41,DELETE,regular-file,build/js/node_modules/three/src/extras/core/Curve.js,8025,
bc05ccc616ff79132043d057c145ae9b77a83d4f,DELETE,regular-file,build/js/node_modules/three/src/extras/core/CurvePath.js,4737,
a1e06c27d6bb28be018cf2b9fd05a6437044a7b4,DELETE,regular-file,build/js/node_modules/three/src/extras/core/Interpolations.js,1223,
d0ccad8a511529636ab2c087582a38d950f93fdc,DELETE,regular-file,build/js/node_modules/three/src/extras/core/Path.js,3562,
334bb69f44e60e5bd3fd55e5d6cb0fdc9907d8fd,DELETE,regular-file,build/js/node_modules/three/src/extras/core/Shape.js,1419,
036a6a566d97701d1e617b7f866cc5233b4f132d,DELETE,regular-file,build/js/node_modules/three/src/extras/core/ShapePath.js,5801,
edb84f4630cf309728251809dd11214db7a65827,DELETE,regular-file,build/js/node_modules/three/src/extras/curves/ArcCurve.js,317,
7b6c3ce4b54e8833c29d8daf6969105795f04e9a,DELETE,regular-file,build/js/node_modules/three/src/extras/curves/CatmullRomCurve3.js,5479,
a2d45f53f77bc92e70f3aab4e34e6fa8d60382cb,DELETE,regular-file,build/js/node_modules/three/src/extras/curves/CubicBezierCurve.js,1315,
c5afdf26c902bc05e8c3ef3d5c69aec49f7078b1,DELETE,regular-file,build/js/node_modules/three/src/extras/curves/CubicBezierCurve3.js,1364,
c984a853942011a89bcd2add1be38392c751a639,DELETE,regular-file,build/js/node_modules/three/src/extras/curves/Curves.js,540,
7a4d7d1a1d6914c08a60b5804e8e1c0a81ee39bd,DELETE,regular-file,build/js/node_modules/three/src/extras/curves/EllipseCurve.js,2752,
0a636898ce30cb7a22d42256d3fc6bfe6f009621,DELETE,regular-file,build/js/node_modules/three/src/extras/curves/LineCurve.js,1318,
cc49b52a04e13bc7a600a62d5364de95f88982ee,DELETE,regular-file,build/js/node_modules/three/src/extras/curves/LineCurve3.js,1322,
6ed67d988ec7b48be7f3bbd699b4c37eb07f4002,DELETE,regular-file,build/js/node_modules/three/src/extras/curves/QuadraticBezierCurve.js,1189,
bdc882cc21eed2498999a6371de6c6bef605191d,DELETE,regular-file,build/js/node_modules/three/src/extras/curves/QuadraticBezierCurve3.js,1236,
073b9e46bdf2ca235ec5fdc75a25c5ae4aea2886,DELETE,regular-file,build/js/node_modules/three/src/extras/curves/SplineCurve.js,1678,
486a3cd9d675397c886a4e6590bbed215058d970,DELETE,regular-file,build/js/node_modules/three/src/geometries/BoxGeometry.js,4339,
15172e85a76d23a4b37f3e09d5cf441290cb586a,DELETE,regular-file,build/js/node_modules/three/src/geometries/CapsuleGeometry.js,760,
63e912126e69f9b6ed2dc675200bc6dcc976e115,DELETE,regular-file,build/js/node_modules/three/src/geometries/CircleGeometry.js,1960,
912b388f6ef8b275daf9dd5f5aa6a4faa7edd077,DELETE,regular-file,build/js/node_modules/three/src/geometries/ConeGeometry.js,810,
f27e14e7b6a761cd4371bd8f00e32e4caa9591bb,DELETE,regular-file,build/js/node_modules/three/src/geometries/CylinderGeometry.js,5865,
3434df937d9494b445371fe74fcb40257a3d846b,DELETE,regular-file,build/js/node_modules/three/src/geometries/DodecahedronGeometry.js,1351,
795a7c1cc5b798f5025f40048c70ca71b5591573,DELETE,regular-file,build/js/node_modules/three/src/geometries/EdgesGeometry.js,4116,
a27b67da818c2f22c56c198402548923f682fca1,DELETE,regular-file,build/js/node_modules/three/src/geometries/ExtrudeGeometry.js,18337,
b3e327a270da34034bb73e0457853aff4bb4dfe0,DELETE,regular-file,build/js/node_modules/three/src/geometries/Geometries.js,797,
5ffd4a02ba16d4496a097166b5338e6947f61409,DELETE,regular-file,build/js/node_modules/three/src/geometries/IcosahedronGeometry.js,896,
50a1d09dd1814aa77d11050f045f57b4ae1e94c2,DELETE,regular-file,build/js/node_modules/three/src/geometries/LatheGeometry.js,3934,
d91bb1a18830d7b4d6cebb533a50bd925a1cfa23,DELETE,regular-file,build/js/node_modules/three/src/geometries/OctahedronGeometry.js,641,
53f98f7a37a255e17616a94cc738cad74950b81f,DELETE,regular-file,build/js/node_modules/three/src/geometries/PlaneGeometry.js,1999,
114cfeece111b62313ad61efea0050f98e759d09,DELETE,regular-file,build/js/node_modules/three/src/geometries/PolyhedronGeometry.js,6436,
9a8cbbc58711626d95656d5a316bbd8c20c207c7,DELETE,regular-file,build/js/node_modules/three/src/geometries/RingGeometry.js,2760,
5b97d771af1448dc6d1cdaae137d1523312cc9f3,DELETE,regular-file,build/js/node_modules/three/src/geometries/ShapeGeometry.js,3687,
56cd3805b4dc7a25624af6b50de36c6cee6bea3e,DELETE,regular-file,build/js/node_modules/three/src/geometries/SphereGeometry.js,3129,
77c62107f2e8f448ec304aec37a81b2c2f269f1d,DELETE,regular-file,build/js/node_modules/three/src/geometries/TetrahedronGeometry.js,590,
9061e6d031500805c1c79413c4e13dcd9ebc80f6,DELETE,regular-file,build/js/node_modules/three/src/geometries/TorusGeometry.js,2607,
a8b82da0a8f0fc0dae934e8c390426aae3b5b214,DELETE,regular-file,build/js/node_modules/three/src/geometries/TorusKnotGeometry.js,4255,
95247a0ce51197dbd34fc7f374bc7cb9e49ca39e,DELETE,regular-file,build/js/node_modules/three/src/geometries/TubeGeometry.js,4364,
353018bfe64952d681377bb7225a943ddc0749bd,DELETE,regular-file,build/js/node_modules/three/src/geometries/WireframeGeometry.js,3004,
50d9a6dabe936589bfded68d5158753aeee1f179,DELETE,regular-file,build/js/node_modules/three/src/helpers/ArrowHelper.js,2740,
48f7ac5bf87029981fb82b75ee584c4680a8f893,DELETE,regular-file,build/js/node_modules/three/src/helpers/AxesHelper.js,1486,
385ea8096d2f9210dea90136434e0f93751371cf,DELETE,regular-file,build/js/node_modules/three/src/helpers/Box3Helper.js,1287,
2629396bed6d5072a91ee13b975aae92b1f644f6,DELETE,regular-file,build/js/node_modules/three/src/helpers/BoxHelper.js,2481,
4695a9bf8071d2b77e2cd55f77058ad0c22ed01c,DELETE,regular-file,build/js/node_modules/three/src/helpers/CameraHelper.js,8392,
f1b9c85c4a03cfa082b2236de924da379217c73c,DELETE,regular-file,build/js/node_modules/three/src/helpers/DirectionalLightHelper.js,2243,
68f4dadd3e8b2c3189381966f5b4e2468c9f09e2,DELETE,regular-file,build/js/node_modules/three/src/helpers/GridHelper.js,1477,
b54f6938cd1763c72af90009e4bfa16e63ed202e,DELETE,regular-file,build/js/node_modules/three/src/helpers/HemisphereLightHelper.js,2047,
f3106afe648c6e1daa5d5c22de1445620e09c64a,DELETE,regular-file,build/js/node_modules/three/src/helpers/PlaneHelper.js,1737,
88990d491287517f7ed4c7e2ffd90ed1cef3c9ba,DELETE,regular-file,build/js/node_modules/three/src/helpers/PointLightHelper.js,1724,
83695f32c5a49c01cf454b814b8e734e3418864e,DELETE,regular-file,build/js/node_modules/three/src/helpers/PolarGridHelper.js,2096,
cc684e388f9103d8f90aac8bb20af6037d9c9e09,DELETE,regular-file,build/js/node_modules/three/src/helpers/SkeletonHelper.js,2854,
fcf40e355cd48b7956ef704a2407dca239ccdb0b,DELETE,regular-file,build/js/node_modules/three/src/helpers/SpotLightHelper.js,2346,
1c73748619f6240816eb1b3703dd462e3ae2a80d,DELETE,regular-file,build/js/node_modules/three/src/lights/AmbientLight.js,233,
11c31cb745cad8c20257f9861813d5d6fc948311,DELETE,regular-file,build/js/node_modules/three/src/lights/DirectionalLight.js,703,
10ade5b470367fb5e9f2a9acead0e00394cd5d3c,DELETE,regular-file,build/js/node_modules/three/src/lights/DirectionalLightShadow.js,337,
014907f811a36bd7640bb004591a836a837e0d94,DELETE,regular-file,build/js/node_modules/three/src/lights/HemisphereLight.js,605,
ec306ae2620cb24a5609a6e2c0dc29f73445ff72,DELETE,regular-file,build/js/node_modules/three/src/lights/Light.js,1168,
5f0714367ffbfdc7d22ffdb29fe4c53a921171bd,DELETE,regular-file,build/js/node_modules/three/src/lights/LightProbe.js,679,
f9a1dd19f13004b1d66ff4a7169f6ebe3ecfd92f,DELETE,regular-file,build/js/node_modules/three/src/lights/LightShadow.js,2638,
7940a16e4511fdcce292ff69d2cce0e3f9fb07e0,DELETE,regular-file,build/js/node_modules/three/src/lights/PointLight.js,1026,
86847d10c8c9d9117dcd061cca84d9bc2949324f,DELETE,regular-file,build/js/node_modules/three/src/lights/PointLightShadow.js,2566,
084685b347ea0e7db47fa96ab791fd08f820119c,DELETE,regular-file,build/js/node_modules/three/src/lights/RectAreaLight.js,926,
37a464c4463f60e8590681bdcdfd0eccab505bbb,DELETE,regular-file,build/js/node_modules/three/src/lights/SpotLight.js,1366,
7fa37b32f6f29567c69e4cdf307a409ee07015af,DELETE,regular-file,build/js/node_modules/three/src/lights/SpotLightShadow.js,925,
661dab954034cd58d8a8dae4be927afcf02159f5,DELETE,regular-file,build/js/node_modules/three/src/loaders/AnimationLoader.js,1009,
cc42e8f6705cac53fd72869a334b3a05d428ff46,DELETE,regular-file,build/js/node_modules/three/src/loaders/AudioLoader.js,1186,
dd8a7d8f150719eea796269cfafa4af4cf35c64f,DELETE,regular-file,build/js/node_modules/three/src/loaders/BufferGeometryLoader.js,5400,
25af8cd283a4829c32a56aa3e98ed29d7899afdb,DELETE,regular-file,build/js/node_modules/three/src/loaders/Cache.js,503,
02ef233412d3146bb5e3881783c39ab9a21cebc3,DELETE,regular-file,build/js/node_modules/three/src/loaders/CompressedTextureLoader.js,2666,
5115f570df2f59939531fe9a62a3ed76ba08d9ad,DELETE,regular-file,build/js/node_modules/three/src/loaders/CubeTextureLoader.js,959,
8a730ba06ed45752e8db2ac448e2573ba78e9dbe,DELETE,regular-file,build/js/node_modules/three/src/loaders/DataTextureLoader.js,2659,
1e528eb11fb19bf26cd6b522e3aa476009acf25a,DELETE,regular-file,build/js/node_modules/three/src/loaders/FileLoader.js,5554,
986e23cad9fdd01b039b934d59d8159c0829eb5d,DELETE,regular-file,build/js/node_modules/three/src/loaders/ImageBitmapLoader.js,2218,
c6d593c27baa123b49abfae0e26c721e693faba2,DELETE,regular-file,build/js/node_modules/three/src/loaders/ImageLoader.js,1505,
bc3ed5e652b86377aa7bb72190e7c36f3dd6f8a9,DELETE,regular-file,build/js/node_modules/three/src/loaders/Loader.js,1064,
b7ac3c10d5e07b49b79df6578b543bced2a1749d,DELETE,regular-file,build/js/node_modules/three/src/loaders/LoaderUtils.js,1308,
4d53e5768a22b129be4fa4e0d7d3edb1df553ff9,DELETE,regular-file,build/js/node_modules/three/src/loaders/LoadingManager.js,2033,
2551619993fe39b2808324c60474eed910f3e4a8,DELETE,regular-file,build/js/node_modules/three/src/loaders/MaterialLoader.js,14761,
a1b52345c5bb285a348bcd03362bc2f44a069e6e,DELETE,regular-file,build/js/node_modules/three/src/loaders/ObjectLoader.js,26739,
4adc1ec8fa4aed3076384d08581b06a7982e9bdc,DELETE,regular-file,build/js/node_modules/three/src/loaders/TextureLoader.js,679,
b6cc7be93afff5c0ee0e1023681ecbb52590f9f3,DELETE,regular-file,build/js/node_modules/three/src/materials/LineBasicMaterial.js,727,
53f534d0a2ee303c9917bc5d52cb35824c97d52a,DELETE,regular-file,build/js/node_modules/three/src/materials/LineDashedMaterial.js,524,
9e62ebade52d72a8f1201d278b1ed998a2169e70,DELETE,regular-file,build/js/node_modules/three/src/materials/Material.js,16064,
3497fac568b1825d1a5c35b6fa60f491c849d9a0,DELETE,regular-file,build/js/node_modules/three/src/materials/Materials.js,1428,
1e7211a5569b0112fb7c307d92e2ea3de6820d60,DELETE,regular-file,build/js/node_modules/three/src/materials/MeshBasicMaterial.js,1744,
b56155d00ce58bace13f9e71d1d432d6a7fb51b5,DELETE,regular-file,build/js/node_modules/three/src/materials/MeshDepthMaterial.js,977,
a12add1551f8cfbe96236a37cdf360a792fa9f2f,DELETE,regular-file,build/js/node_modules/three/src/materials/MeshDistanceMaterial.js,699,
f92202880901c5470740f106fc465a64380e582d,DELETE,regular-file,build/js/node_modules/three/src/materials/MeshLambertMaterial.js,2734,
84030dcae04ab21aa6a75fd821f205d33b240153,DELETE,regular-file,build/js/node_modules/three/src/materials/MeshMatcapMaterial.js,1528,
b891031b013022b90dbe85c29923bcb16265a4be,DELETE,regular-file,build/js/node_modules/three/src/materials/MeshNormalMaterial.js,1270,
53e38843db98807399573666dcb8453af654c569,DELETE,regular-file,build/js/node_modules/three/src/materials/MeshPhongMaterial.js,2868,
b165a493934ea9b16f313fec0511058b2c8e86cc,DELETE,regular-file,build/js/node_modules/three/src/materials/MeshPhysicalMaterial.js,4321,
f223f8e34f39eb376063eba75f349d4cec35f977,DELETE,regular-file,build/js/node_modules/three/src/materials/MeshStandardMaterial.js,2855,
2f9b2f9e273b5eed18b2641da9633e6ae157c3ac,DELETE,regular-file,build/js/node_modules/three/src/materials/MeshToonMaterial.js,2249,
8ca5500d6ee1248db774443dd1db2b8f45c7e859,DELETE,regular-file,build/js/node_modules/three/src/materials/PointsMaterial.js,719,
e2ab4377aeb98bfc13e680a0642e0fb6ea125bfd,DELETE,regular-file,build/js/node_modules/three/src/materials/RawShaderMaterial.js,268,
d40e9870cc225cd328b33faa3d4eab40e8f41979,DELETE,regular-file,build/js/node_modules/three/src/materials/ShaderMaterial.js,4148,
deea305d9e633ca90a55732f5e7a8a7e553bffe7,DELETE,regular-file,build/js/node_modules/three/src/materials/ShadowMaterial.js,513,
911e9abe75f37693aff5e9c53aa3008032e82665,DELETE,regular-file,build/js/node_modules/three/src/materials/SpriteMaterial.js,761,
3a81d26521b6e69d13e9c73e087eba066b3adb64,DELETE,regular-file,build/js/node_modules/three/src/math/Box2.js,3215,
a49c386ca4233db08ffcc887995ba3364e3933d5,DELETE,regular-file,build/js/node_modules/three/src/math/Box3.js,11471,
5f0bad7d438884097a7a3324f21ee66c0e4b9926,DELETE,regular-file,build/js/node_modules/three/src/math/Color.js,13676,
2fb6e20e89b63f10a023a7ccd23d99582950aa3c,DELETE,regular-file,build/js/node_modules/three/src/math/ColorManagement.js,3825,
d1288244c0a7efae78768430a7fad7a6cd20ca28,DELETE,regular-file,build/js/node_modules/three/src/math/Cylindrical.js,953,
33150c6104a4c2bd96dd588a9b51570c271a267c,DELETE,regular-file,build/js/node_modules/three/src/math/Euler.js,4760,
3bb0e8f8d1d8ae3ad2909c83ec912e5797922276,DELETE,regular-file,build/js/node_modules/three/src/math/Frustum.js,3890,
826b40cfb9db4d17d63a4cadd6f6a07993a55a5b,DELETE,regular-file,build/js/node_modules/three/src/math/Interpolant.js,4271,
bd41206e7992820a87d2f5e612f357026cdbb239,DELETE,regular-file,build/js/node_modules/three/src/math/Line3.js,1776,
e4d4448b8e7ee8a55801302b3743b1657e33e5bf,DELETE,regular-file,build/js/node_modules/three/src/math/MathUtils.js,8547,
6bfb050d7f0945ade30c0bbb40d59a6011911a8d,DELETE,regular-file,build/js/node_modules/three/src/math/Matrix3.js,6056,
bf5bc032f4f5620e24b231110e0f9efea82cd9ee,DELETE,regular-file,build/js/node_modules/three/src/math/Matrix4.js,19714,
d8f2fd43e362323e7732eed910cc93419c977144,DELETE,regular-file,build/js/node_modules/three/src/math/Plane.js,3649,
69e3d895a08bbc2697b4601dbcf38035104ec26b,DELETE,regular-file,build/js/node_modules/three/src/math/Quaternion.js,12618,
ed3d12059aebb4a9fa4e2c5144353f8d0a3a534c,DELETE,regular-file,build/js/node_modules/three/src/math/Ray.js,9979,
76e3d130357c8d0691ef21b9b829fc9af8ecdf91,DELETE,regular-file,build/js/node_modules/three/src/math/Sphere.js,3682,
832cf80b21ed314666d78f6bbf886aff227ab8d4,DELETE,regular-file,build/js/node_modules/three/src/math/Spherical.js,1355,
5ec3610534b07129329a542e917eacba1ccbc391,DELETE,regular-file,build/js/node_modules/three/src/math/SphericalHarmonics3.js,4498,
fdb1f3609c1ee39dae09f621421878d6ab9faa69,DELETE,regular-file,build/js/node_modules/three/src/math/Triangle.js,6526,
d0cb48c8fac281a2d55e6cc170f04339b42a3531,DELETE,regular-file,build/js/node_modules/three/src/math/Vector2.js,5709,
303276b4856b90bdb6e4c46fbd5dc5479ca7fccc,DELETE,regular-file,build/js/node_modules/three/src/math/Vector3.js,10881,
3bdd4c4d47f1008a62fa8801bba4a43bc7a436c2,DELETE,regular-file,build/js/node_modules/three/src/math/Vector4.js,10077,
14c9b58f0bdde6e3a1bd3b541cea070d06c3c115,DELETE,regular-file,build/js/node_modules/three/src/math/interpolants/CubicInterpolant.js,2966,
99331213156d02a8592d081e70eb8880a784e3b6,DELETE,regular-file,build/js/node_modules/three/src/math/interpolants/DiscreteInterpolant.js,482,
dae736e2fe40745330c918fbe53fab5297f6f319,DELETE,regular-file,build/js/node_modules/three/src/math/interpolants/LinearInterpolant.js,704,
3b8bd4f221095fbfaff7a7af555f015a913ea0d4,DELETE,regular-file,build/js/node_modules/three/src/math/interpolants/QuaternionLinearInterpolant.js,789,
b4b2afcf7e554ec73a44747bde134ebe0f4c42b9,DELETE,regular-file,build/js/node_modules/three/src/objects/BatchedMesh.js,24168,
a673aab3725c20b3beba4024e85f017042530a3d,DELETE,regular-file,build/js/node_modules/three/src/objects/Bone.js,180,
d4fee8425505f6694cc3743f9141d56b936a9b8d,DELETE,regular-file,build/js/node_modules/three/src/objects/Group.js,184,
ad07f08017cdcb118641e45d2040eb824c8306da,DELETE,regular-file,build/js/node_modules/three/src/objects/InstancedMesh.js,5682,
08fbc102222284a5b19ead348bccb9bd7035926e,DELETE,regular-file,build/js/node_modules/three/src/objects/LOD.js,3173,
6a6d0d4e2c4daa4bd61016bcc3471b68002ac0c3,DELETE,regular-file,build/js/node_modules/three/src/objects/Line.js,5730,
8c3ac94fee7c3d788f89a811258021571f4c1c32,DELETE,regular-file,build/js/node_modules/three/src/objects/LineLoop.js,218,
4d27d9ab4fcc8d2ba3d5bf691a73ff1a5b3cc75b,DELETE,regular-file,build/js/node_modules/three/src/objects/LineSegments.js,1249,
dd3288d410bcc142e4f426521a69aca4e8e7773e,DELETE,regular-file,build/js/node_modules/three/src/objects/Mesh.js,10506,
20122389c41317eed0060bc29170f6d31c19d04e,DELETE,regular-file,build/js/node_modules/three/src/objects/Points.js,3998,
23abe42b09be417310af72332db21afae2752a39,DELETE,regular-file,build/js/node_modules/three/src/objects/Skeleton.js,5156,
1fc327a567a85094c2ed5421ad114029bfa8bbd5,DELETE,regular-file,build/js/node_modules/three/src/objects/SkinnedMesh.js,5428,
0b41442ef8e4aacedf259d6aec0577e8df9976f8,DELETE,regular-file,build/js/node_modules/three/src/objects/Sprite.js,4767,
e6cc82999521ffeeec3097afed74f5cc5e47e657,DELETE,regular-file,build/js/node_modules/three/src/renderers/WebGL1Renderer.js,178,
be074da600eed1a522f14373188ef2b293825184,DELETE,regular-file,build/js/node_modules/three/src/renderers/WebGL3DRenderTarget.js,493,
769f9e5e0e79c8ff5dc6133c5d6e523ee3ab3c1f,DELETE,regular-file,build/js/node_modules/three/src/renderers/WebGLArrayRenderTarget.js,511,
7d59d87e9731b83509531ec63fc1663cf8bb6ab3,DELETE,regular-file,build/js/node_modules/three/src/renderers/WebGLCubeRenderTarget.js,4090,
167d083dbffb18e00950672081e67b67f6fdb8cb,DELETE,regular-file,build/js/node_modules/three/src/renderers/WebGLRenderTarget.js,269,
1a4a49a7e2740caef562a4008613a105971e0c04,DELETE,regular-file,build/js/node_modules/three/src/renderers/WebGLRenderer.js,68913,
339db86ec8ce4c12426473934b6a944c1e4f3e47,DELETE,regular-file,build/js/node_modules/three/src/renderers/shaders/ShaderChunk.js,15632,
b0eec1537f24e55d9845cf0182fdbf932d817b8f,DELETE,regular-file,build/js/node_modules/three/src/renderers/shaders/ShaderChunk/alphahash_fragment.glsl.js,129,
7353849d0d99f66c0bf81c7b39aa369dd7087ba3,DELETE,regular-file,build/js/node_modules/three/src/renderers/shaders/ShaderChunk/alphahash_pars_fragment.glsl.js,1816,
98296ae1fc0dce0ea0607d805dfef3245129fc2f,DELETE,regular-file,build/js/node_modules/three/src/renderers/shaders/ShaderChunk/alphamap_fragment.glsl.js,116,
ae6f46deaa8d8ae3363d4114172e136c9082b6d7,DELETE,regular-file,build/js/node_modules/three/src/renderers/shaders/ShaderChunk/alphamap_pars_fragment.glsl.js,88,
8c591c1abee0e3595b4d8a9741ff2c9cb2b50a67,DELETE,regular-file,build/js/node_modules/three/src/renderers/shaders/ShaderChunk/alphatest_fragment.glsl.js,285,
90a37fb4ae98be8381b01342aad8acb6555081fb,DELETE,regular-file,build/js/node_modules/three/src/renderers/shaders/ShaderChunk/alphatest_pars_fragment.glsl.js,84,
d1a5848a0d2212d0df5ea0efd05caaaa9be6ce7c,DELETE,regular-file,build/js/node_modules/three/src/renderers/shaders/ShaderChunk/aomap_fragment.glsl.js,700,
7c2eadc7ed8d2ae9ae19d48b20631c208ee8231d,DELETE,regular-file,build/js/node_modules/three/src/renderers/shaders/ShaderChunk/aomap_pars_fragment.glsl.js,113,
fb602a0f7d880425d5ebf0441ab4bacea88d9e93,DELETE,regular-file,build/js/node_modules/three/src/renderers/shaders/ShaderChunk/batching_pars_vertex.glsl.js,579,
6eb4aadad2c5ba2c9e47e2a0d110b2522e1c0578,DELETE,regular-file,build/js/node_modules/three/src/renderers/shaders/ShaderChunk/batching_vertex.glsl.js,110,
f9e1925024334bd72b1bfbb06f09466f9c60020c,DELETE,regular-file,build/js/node_modules/three/src/renderers/shaders/ShaderChunk/begin_vertex.glsl.js,129,
7286cbaa5e73327b7359e372bde7ed336160651c,DELETE,regular-file,build/js/node_modules/three/src/renderers/shaders/ShaderChunk/beginnormal_vertex.glsl.js,138,
72b3c7ef45f51725a2101ea6b7fe5c55d104bf3e,DELETE,regular-file,build/js/node_modules/three/src/renderers/shaders/ShaderChunk/bsdfs.glsl.js,845,
07e5c5f84bb41a7503af8b117dbe17980961dcd4,DELETE,regular-file,build/js/node_modules/three/src/renderers/shaders/ShaderChunk/bumpmap_pars_fragment.glsl.js,1263,
7f4b53b4341377c108eea73462f388405b77cefb,DELETE,regular-file,build/js/node_modules/three/src/renderers/shaders/ShaderChunk/clearcoat_normal_fragment_begin.glsl.js,104,
b09a2dfc7b1e9e67fd3e98210990ded65215f48b,DELETE,regular-file,build/js/node_modules/three/src/renderers/shaders/ShaderChunk/clearcoat_normal_fragment_maps.glsl.js,262,
0f848851c15db18c0438191a9ed99bb3c060e80f,DELETE,regular-file,build/js/node_modules/three/src/renderers/shaders/ShaderChunk/clearcoat_pars_fragment.glsl.js,299,
883576dbbcea8ebd07ec86e1c0291354ef853ee4,DELETE,regular-file,build/js/node_modules/three/src/renderers/shaders/ShaderChunk/clipping_planes_fragment.glsl.js,1762,
bf5d748cd1f206ac02f814e050c69162f1cca6a7,DELETE,regular-file,build/js/node_modules/three/src/renderers/shaders/ShaderChunk/clipping_planes_pars_fragment.glsl.js,150,
9670ad2826613c5644dbdaee328c8bf537f134b8,DELETE,regular-file,build/js/node_modules/three/src/renderers/shaders/ShaderChunk/clipping_planes_pars_vertex.glsl.js,96,
2e00b593874316865e51fc5623cff4b960b53d5f,DELETE,regular-file,build/js/node_modules/three/src/renderers/shaders/ShaderChunk/clipping_planes_vertex.glsl.js,102,
96d4a3728b3c2ffa7a288756b6a4442e0cc82609,DELETE,regular-file,build/js/node_modules/three/src/renderers/shaders/ShaderChunk/color_fragment.glsl.js,153,
1040a715bb7f642ec6e12e7947cb76ac75b36529,DELETE,regular-file,build/js/node_modules/three/src/renderers/shaders/ShaderChunk/color_pars_fragment.glsl.js,143,
80c4934d555ee1e61d64b68247d813b001164a18,DELETE,regular-file,build/js/node_modules/three/src/renderers/shaders/ShaderChunk/color_pars_vertex.glsl.js,178,
b288b7c472c0fb5de15cf19eef4b2e3cf882c7a3,DELETE,regular-file,build/js/node_modules/three/src/renderers/shaders/ShaderChunk/color_vertex.glsl.js,297,
3072c76cd8a4421848878bff6a9279e6444d07f1,DELETE,regular-file,build/js/node_modules/three/src/renderers/shaders/ShaderChunk/colorspace_fragment.glsl.js,82,
4b52daad72fb8e81f49ae19de85875f01cabd8ba,DELETE,regular-file,build/js/node_modules/three/src/renderers/shaders/ShaderChunk/colorspace_pars_fragment.glsl.js,1219,
eb708322636824e56cd1383ab0fd9b3e1f969c9f,DELETE,regular-file,build/js/node_modules/three/src/renderers/shaders/ShaderChunk/common.glsl.js,3811,
630cc119b0850ce2c25090af98aa65d5e47a2f56,DELETE,regular-file,build/js/node_modules/three/src/renderers/shaders/ShaderChunk/cube_uv_reflection_fragment.glsl.js,3878,
a68ac369b71e9a89219f971b064b95b4d94ef8cc,DELETE,regular-file,build/js/node_modules/three/src/renderers/shaders/ShaderChunk/default_fragment.glsl.js,90,
0ce0b03b6d8b3410af0cc3b64ff5aacea2530791,DELETE,regular-file,build/js/node_modules/three/src/renderers/shaders/ShaderChunk/default_vertex.glsl.js,121,
1dc9bf56744ad7f8ec879bf74bea18ab3f60963a,DELETE,regular-file,build/js/node_modules/three/src/renderers/shaders/ShaderChunk/defaultnormal_vertex.glsl.js,1270,
b8ac0759a92ee411c5057f2d91babd58a571c407,DELETE,regular-file,build/js/node_modules/three/src/renderers/shaders/ShaderChunk/displacementmap_pars_vertex.glsl.js,169,
84ada47906b3b213215d1841fbd0ea79ba7968aa,DELETE,regular-file,build/js/node_modules/three/src/renderers/shaders/ShaderChunk/displacementmap_vertex.glsl.js,205,
25d801a6782a1e39c5c317d089e59b1e229efa67,DELETE,regular-file,build/js/node_modules/three/src/renderers/shaders/ShaderChunk/dithering_fragment.glsl.js,107,
609c10358deb73d327f298ea53e6d7e001c57682,DELETE,regular-file,build/js/node_modules/three/src/renderers/shaders/ShaderChunk/dithering_pars_fragment.glsl.js,608,
517d32ec6daa5c01ebaba6826cbcc705738c4c3e,DELETE,regular-file,build/js/node_modules/three/src/renderers/shaders/ShaderChunk/emissivemap_fragment.glsl.js,172,
3a9b02d6127180e1e241f8627e09d490ebec883f,DELETE,regular-file,build/js/node_modules/three/src/renderers/shaders/ShaderChunk/emissivemap_pars_fragment.glsl.js,94,
76cf61b6d45ae67b20a3f95848206fbf776933a7,DELETE,regular-file,build/js/node_modules/three/src/renderers/shaders/ShaderChunk/envmap_common_pars_fragment.glsl.js,246,
96759b88bdb106d7c631163ee73e593cb529c684,DELETE,regular-file,build/js/node_modules/three/src/renderers/shaders/ShaderChunk/envmap_fragment.glsl.js,1259,
17ffaaf295965aaaa0a2be388442c1479c94139a,DELETE,regular-file,build/js/node_modules/three/src/renderers/shaders/ShaderChunk/envmap_pars_fragment.glsl.js,345,
6d13f230976e1831ac860e1876479f0cbed60f1b,DELETE,regular-file,build/js/node_modules/three/src/renderers/shaders/ShaderChunk/envmap_pars_vertex.glsl.js,320,
bb907d7f9e1c2c35a8613253f97f44cce5740974,DELETE,regular-file,build/js/node_modules/three/src/renderers/shaders/ShaderChunk/envmap_physical_pars_fragment.glsl.js,1697,
537c94f1bbde6efd6f9f386a1f84b9bf189eb6db,DELETE,regular-file,build/js/node_modules/three/src/renderers/shaders/ShaderChunk/envmap_vertex.glsl.js,647,
2b4f28252cd6100cd915e0d2787d60be322cb88c,DELETE,regular-file,build/js/node_modules/three/src/renderers/shaders/ShaderChunk/fog_fragment.glsl.js,303,
faade1fe9b156b6a3246f4ccf150004b0ccdef06,DELETE,regular-file,build/js/node_modules/three/src/renderers/shaders/ShaderChunk/fog_pars_fragment.glsl.js,218,
3a7a1929e12ca997ef6ea09764a7657d39bdc1a2,DELETE,regular-file,build/js/node_modules/three/src/renderers/shaders/ShaderChunk/fog_pars_vertex.glsl.js,80,
a329811730352d0911d3f0292f405cbf8675a653,DELETE,regular-file,build/js/node_modules/three/src/renderers/shaders/ShaderChunk/fog_vertex.glsl.js,83,
a2ac095c419157f1802c26a3a53f79591b0a29e2,DELETE,regular-file,build/js/node_modules/three/src/renderers/shaders/ShaderChunk/gradientmap_pars_fragment.glsl.js,512,
858bc824f3646ed3b8473246758b7d7b447300df,DELETE,regular-file,build/js/node_modules/three/src/renderers/shaders/ShaderChunk/iridescence_fragment.glsl.js,3612,
b58bb93404ff936ccba37a503b91cd3ac6eca33a,DELETE,regular-file,build/js/node_modules/three/src/renderers/shaders/ShaderChunk/iridescence_pars_fragment.glsl.js,191,
804c348629d747431fc76b85a648e756535ea8ff,DELETE,regular-file,build/js/node_modules/three/src/renderers/shaders/ShaderChunk/lightmap_fragment.glsl.js,239,
f5fd898d22b81d5aa8bc1194371d42aa81acd9de,DELETE,regular-file,build/js/node_modules/three/src/renderers/shaders/ShaderChunk/lightmap_pars_fragment.glsl.js,122,
2204379a4f256c15e316e0fae69404afe990fa7e,DELETE,regular-file,build/js/node_modules/three/src/renderers/shaders/ShaderChunk/lights_fragment_begin.glsl.js,6138,
ab1042169de3d9bbec00204504ccac06516464b3,DELETE,regular-file,build/js/node_modules/three/src/renderers/shaders/ShaderChunk/lights_fragment_end.glsl.js,425,
96b92f5cd908ae7aabbf81f1d480e8701e4fa343,DELETE,regular-file,build/js/node_modules/three/src/renderers/shaders/ShaderChunk/lights_fragment_maps.glsl.js,897,
52e3640dbc212b618e696b145a5307cf95c4a1b0,DELETE,regular-file,build/js/node_modules/three/src/renderers/shaders/ShaderChunk/lights_lambert_fragment.glsl.js,144,
d70d7baf3649c5f1ffac254147fd94be0a509488,DELETE,regular-file,build/js/node_modules/three/src/renderers/shaders/ShaderChunk/lights_lambert_pars_fragment.glsl.js,1064,
3c2bb6733eada0e670957d371b364e99d50296ec,DELETE,regular-file,build/js/node_modules/three/src/renderers/shaders/ShaderChunk/lights_pars_begin.glsl.js,5463,
b9cfe42148bd1a2259812162745af3ff29b78168,DELETE,regular-file,build/js/node_modules/three/src/renderers/shaders/ShaderChunk/lights_phong_fragment.glsl.js,222,
ea2b2c9881c0175e6e5e7502787e809968ed34a9,DELETE,regular-file,build/js/node_modules/three/src/renderers/shaders/ShaderChunk/lights_phong_pars_fragment.glsl.js,1335,
ec5be1ed5e210a006e7c74029b90f7b3fa8c0576,DELETE,regular-file,build/js/node_modules/three/src/renderers/shaders/ShaderChunk/lights_physical_fragment.glsl.js,4057,
ee47aa521ec9733203b31d42da877bc166b50b9f,DELETE,regular-file,build/js/node_modules/three/src/renderers/shaders/ShaderChunk/lights_physical_pars_fragment.glsl.js,18402,
023926fe74f210ba63dac4ca924176d931afaa00,DELETE,regular-file,build/js/node_modules/three/src/renderers/shaders/ShaderChunk/lights_toon_fragment.glsl.js,95,
170694de469407445658c2f4a351aa0fb033c494,DELETE,regular-file,build/js/node_modules/three/src/renderers/shaders/ShaderChunk/lights_toon_pars_fragment.glsl.js,1002,
1ab95c428e95d714d2e0eb194dd9c5c0aa18e4c4,DELETE,regular-file,build/js/node_modules/three/src/renderers/shaders/ShaderChunk/logdepthbuf_fragment.glsl.js,315,
4b4fedba663b0051e8786017de1ff663edf9bb39,DELETE,regular-file,build/js/node_modules/three/src/renderers/shaders/ShaderChunk/logdepthbuf_pars_fragment.glsl.js,192,
d1ebc03c9c828835693123bf81be047d35818eff,DELETE,regular-file,build/js/node_modules/three/src/renderers/shaders/ShaderChunk/logdepthbuf_pars_vertex.glsl.js,200,
e1b4d21e0748206b37b4015656e1556e840b2e7d,DELETE,regular-file,build/js/node_modules/three/src/renderers/shaders/ShaderChunk/logdepthbuf_vertex.glsl.js,393,
c162b47c29a38de2f604cfb1829340dbdde4d0b7,DELETE,regular-file,build/js/node_modules/three/src/renderers/shaders/ShaderChunk/map_fragment.glsl.js,543,
3410bc3c59c0d26912f46e69201a952ec4a9572a,DELETE,regular-file,build/js/node_modules/three/src/renderers/shaders/ShaderChunk/map_pars_fragment.glsl.js,78,
739bf5a99c5b0b43ad6e980b7beaab396e4fb395,DELETE,regular-file,build/js/node_modules/three/src/renderers/shaders/ShaderChunk/map_particle_fragment.glsl.js,381,
bf688193eace7d4c3449c48388aae3fcf3874d74,DELETE,regular-file,build/js/node_modules/three/src/renderers/shaders/ShaderChunk/map_particle_pars_fragment.glsl.js,292,
5e8b5c45027d15a7b5c04aebf8e67c04aecc99ff,DELETE,regular-file,build/js/node_modules/three/src/renderers/shaders/ShaderChunk/metalnessmap_fragment.glsl.js,294,
ac89c0b371d29eed724e38ee5a6423c493aaa71b,DELETE,regular-file,build/js/node_modules/three/src/renderers/shaders/ShaderChunk/metalnessmap_pars_fragment.glsl.js,96,
1ed3bb902c2262c206c982b057a8dd0046733199,DELETE,regular-file,build/js/node_modules/three/src/renderers/shaders/ShaderChunk/morphcolor_vertex.glsl.js,861,
8b407516ef39af2c15ba416b35e352390e107ce5,DELETE,regular-file,build/js/node_modules/three/src/renderers/shaders/ShaderChunk/morphinstance_vertex.glsl.js,362,
3fe0e11272b85b47bbf8bdc66cc9f9941897cb93,DELETE,regular-file,build/js/node_modules/three/src/renderers/shaders/ShaderChunk/morphnormal_vertex.glsl.js,936,
7cb8769e0cbbdebc6a162d4e67711832c33a93b0,DELETE,regular-file,build/js/node_modules/three/src/renderers/shaders/ShaderChunk/morphtarget_pars_vertex.glsl.js,917,
acab99560811d4d4c570ed759989d1240cbcddbf,DELETE,regular-file,build/js/node_modules/three/src/renderers/shaders/ShaderChunk/morphtarget_vertex.glsl.js,1215,
6d661270f036ae8b7b475514e0fef7aee5efe02a,DELETE,regular-file,build/js/node_modules/three/src/renderers/shaders/ShaderChunk/normal_fragment_begin.glsl.js,1339,
0a743db303583f0a5495a5a415c264b8bfa705e8,DELETE,regular-file,build/js/node_modules/three/src/renderers/shaders/ShaderChunk/normal_fragment_maps.glsl.js,642,
65a7f84c8ebc73d65adb1cbb832a90d7bbf7689f,DELETE,regular-file,build/js/node_modules/three/src/renderers/shaders/ShaderChunk/normal_pars_fragment.glsl.js,165,
65a7f84c8ebc73d65adb1cbb832a90d7bbf7689f,DELETE,regular-file,build/js/node_modules/three/src/renderers/shaders/ShaderChunk/normal_pars_vertex.glsl.js,165,
4b93b94eedb9dcd966d041c7880786dc6d0df067,DELETE,regular-file,build/js/node_modules/three/src/renderers/shaders/ShaderChunk/normal_vertex.glsl.js,303,
9f91adb355aed561b5e886e0525ae32fb129ee67,DELETE,regular-file,build/js/node_modules/three/src/renderers/shaders/ShaderChunk/normalmap_pars_fragment.glsl.js,971,
07fb7207a8665b3272096a4b89fbf5502180d7ee,DELETE,regular-file,build/js/node_modules/three/src/renderers/shaders/ShaderChunk/opaque_fragment.glsl.js,206,
4ee19b70b729d273175d9950074b82da4a0660e0,DELETE,regular-file,build/js/node_modules/three/src/renderers/shaders/ShaderChunk/packing.glsl.js,2171,
a183739943b958ed7fa5c51eae3ae696499444f9,DELETE,regular-file,build/js/node_modules/three/src/renderers/shaders/ShaderChunk/premultiplied_alpha_fragment.glsl.js,223,
c310db1b74a57280f38eec000338bf096c88d86d,DELETE,regular-file,build/js/node_modules/three/src/renderers/shaders/ShaderChunk/project_vertex.glsl.js,312,
a9c8833dceb0abed4501351f2759b83b09cb514c,DELETE,regular-file,build/js/node_modules/three/src/renderers/shaders/ShaderChunk/roughnessmap_fragment.glsl.js,294,
cea3ecd812cd48f92377002418359ca55e7a0f84,DELETE,regular-file,build/js/node_modules/three/src/renderers/shaders/ShaderChunk/roughnessmap_pars_fragment.glsl.js,96,
9b2d1e8674491db5820405b86582819dcf9d74a8,DELETE,regular-file,build/js/node_modules/three/src/renderers/shaders/ShaderChunk/shadowmap_pars_fragment.glsl.js,9965,
6f2b23e8e939963d7156784a8b4aeeb82a1ebb32,DELETE,regular-file,build/js/node_modules/three/src/renderers/shaders/ShaderChunk/shadowmap_pars_vertex.glsl.js,1368,
1f4dd067ca048c23f0034803b2bb67fb8c8a322e,DELETE,regular-file,build/js/node_modules/three/src/renderers/shaders/ShaderChunk/shadowmap_vertex.glsl.js,1798,
9c117f126c80cffb9d26322b74d9cf86f7fb4e5b,DELETE,regular-file,build/js/node_modules/three/src/renderers/shaders/ShaderChunk/shadowmask_pars_fragment.glsl.js,1509,
17d8f40acbefeb5c3a2215670e900ab20ce51f32,DELETE,regular-file,build/js/node_modules/three/src/renderers/shaders/ShaderChunk/skinbase_vertex.glsl.js,247,
10b4dc5222ff53a228501fda1476a62b2428edab,DELETE,regular-file,build/js/node_modules/three/src/renderers/shaders/ShaderChunk/skinning_pars_vertex.glsl.js,589,
a07418c4798f42882771ec720eac742c8f7e841f,DELETE,regular-file,build/js/node_modules/three/src/renderers/shaders/ShaderChunk/skinning_vertex.glsl.js,400,
457ee10b2db9432811f01c1a52cff43b85c2de45,DELETE,regular-file,build/js/node_modules/three/src/renderers/shaders/ShaderChunk/skinnormal_vertex.glsl.js,481,
a57f36b0fac9abd526ff0b9377e0a50c8e8ff5cc,DELETE,regular-file,build/js/node_modules/three/src/renderers/shaders/ShaderChunk/specularmap_fragment.glsl.js,221,
bead42d2cfd5ea7b89771873243ff24fca280e79,DELETE,regular-file,build/js/node_modules/three/src/renderers/shaders/ShaderChunk/specularmap_pars_fragment.glsl.js,94,
46944f4ba1bb58144984a4f294c92c070250290f,DELETE,regular-file,build/js/node_modules/three/src/renderers/shaders/ShaderChunk/tonemapping_fragment.glsl.js,120,
06d2ffc4a9f0163cfa3b32a1657dcc1e6334740d,DELETE,regular-file,build/js/node_modules/three/src/renderers/shaders/ShaderChunk/tonemapping_pars_fragment.glsl.js,5239,
876a3c6f7aff84e5e262dd734496b1204b7bd41b,DELETE,regular-file,build/js/node_modules/three/src/renderers/shaders/ShaderChunk/transmission_fragment.glsl.js,1096,
69e7587695a7428c95d75d27152716d29951d694,DELETE,regular-file,build/js/node_modules/three/src/renderers/shaders/ShaderChunk/transmission_pars_fragment.glsl.js,6166,
135966696aa557bf3543a918ccd001d3fec8600e,DELETE,regular-file,build/js/node_modules/three/src/renderers/shaders/ShaderChunk/uv_pars_fragment.glsl.js,1633,
6cb9cf4676c7054410481aa62a8261ce90bd7dd6,DELETE,regular-file,build/js/node_modules/three/src/renderers/shaders/ShaderChunk/uv_pars_vertex.glsl.js,2496,
791916aab0c7270c076d9a43e93794d19cfe664e,DELETE,regular-file,build/js/node_modules/three/src/renderers/shaders/ShaderChunk/uv_vertex.glsl.js,2758,
b4eefdf802cc2c2a8d94bee41c765783a7fac570,DELETE,regular-file,build/js/node_modules/three/src/renderers/shaders/ShaderChunk/worldpos_vertex.glsl.js,439,
d5641e28a6f6ba1dac0d86d62283555cae7f7c81,DELETE,regular-file,build/js/node_modules/three/src/renderers/shaders/ShaderLib.js,8394,
4d87ca728ec0d25ba98afc64fa2727bc9bf844db,DELETE,regular-file,build/js/node_modules/three/src/renderers/shaders/ShaderLib/background.glsl.js,829,
8a4acb3265f4a9d6f9f16c95367fc8e595319402,DELETE,regular-file,build/js/node_modules/three/src/renderers/shaders/ShaderLib/backgroundCube.glsl.js,1155,
722d3bba1c9648c4d069e0995cc4d71e8f9a7fb7,DELETE,regular-file,build/js/node_modules/three/src/renderers/shaders/ShaderLib/cube.glsl.js,654,
e2542612ff81811fb042c401f94e87a2a0aec4b9,DELETE,regular-file,build/js/node_modules/three/src/renderers/shaders/ShaderLib/depth.glsl.js,2228,
a408912edb27d6ecc7f75ef3cf35f0ec27af7cf9,DELETE,regular-file,build/js/node_modules/three/src/renderers/shaders/ShaderLib/distanceRGBA.glsl.js,1659,
bdf3dfb80f0c505a7a65065540c937617f27ecc6,DELETE,regular-file,build/js/node_modules/three/src/renderers/shaders/ShaderLib/equirect.glsl.js,568,
e04cfcefd396cdd3ce3e9e7cb0653a6758aacf05,DELETE,regular-file,build/js/node_modules/three/src/renderers/shaders/ShaderLib/linedashed.glsl.js,1556,
c9ee73866bde740920393f74d93da1a7bcd2857c,DELETE,regular-file,build/js/node_modules/three/src/renderers/shaders/ShaderLib/meshbasic.glsl.js,2720,
9c433c483de6dff508bfc98fdce720ca8ca08bdc,DELETE,regular-file,build/js/node_modules/three/src/renderers/shaders/ShaderLib/meshlambert.glsl.js,3192,
e83c141597a10aea08d57bcdacc92653ee472002,DELETE,regular-file,build/js/node_modules/three/src/renderers/shaders/ShaderLib/meshmatcap.glsl.js,2692,
5bb2a3ea15d2b257469368732b16f8120077e7e1,DELETE,regular-file,build/js/node_modules/three/src/renderers/shaders/ShaderLib/meshnormal.glsl.js,1872,
b12486db0d7f5315fec9d17f372cef078d6b5717,DELETE,regular-file,build/js/node_modules/three/src/renderers/shaders/ShaderLib/meshphong.glsl.js,3298,
71d71c310bee7b65edcf9022e294360c959cda09,DELETE,regular-file,build/js/node_modules/three/src/renderers/shaders/ShaderLib/meshphysical.glsl.js,5527,
64955ecfaf37ea40105ccfc6e799a24be2b77e6a,DELETE,regular-file,build/js/node_modules/three/src/renderers/shaders/ShaderLib/meshtoon.glsl.js,2992,
51dcdf566ac47164a7fcd94f3bf50304e6fb2021,DELETE,regular-file,build/js/node_modules/three/src/renderers/shaders/ShaderLib/points.glsl.js,1760,
ee623676d50a23b2aa0fe84de7557c423d491e1d,DELETE,regular-file,build/js/node_modules/three/src/renderers/shaders/ShaderLib/shadow.glsl.js,1223,
83e754d8a479224f2969b3e99a1732f037a05370,DELETE,regular-file,build/js/node_modules/three/src/renderers/shaders/ShaderLib/sprite.glsl.js,1963,
49371dd3d400bedf56bee11ad1f53fb470677226,DELETE,regular-file,build/js/node_modules/three/src/renderers/shaders/ShaderLib/vsm.glsl.js,1206,
e4003ed83ec968439db97f575961c69f4acdb6f8,DELETE,regular-file,build/js/node_modules/three/src/renderers/shaders/UniformsLib.js,4586,
14025664a38c1db02bd9fe2843a02626de003189,DELETE,regular-file,build/js/node_modules/three/src/renderers/shaders/UniformsUtils.js,1685,
6965bcf897abdbf0c36022f9c71ac4584726a547,DELETE,regular-file,build/js/node_modules/three/src/renderers/webgl/WebGLAnimation.js,767,
bf473c56df8c3877f585f866841c5782d393cac8,DELETE,regular-file,build/js/node_modules/three/src/renderers/webgl/WebGLAttributes.js,4374,
03dd387e54db12278c024f32ccf9cf8608af6973,DELETE,regular-file,build/js/node_modules/three/src/renderers/webgl/WebGLBackground.js,7010,
0d0571561070c09ce0c0de2724f9f05127530d99,DELETE,regular-file,build/js/node_modules/three/src/renderers/webgl/WebGLBindingStates.js,13647,
3589f73645b6048d7c18caee5d25f9ba9f56456e,DELETE,regular-file,build/js/node_modules/three/src/renderers/webgl/WebGLBufferRenderer.js,1619,
ca4c2dd5aa8edde182696f7288ca1f5456fe97ae,DELETE,regular-file,build/js/node_modules/three/src/renderers/webgl/WebGLCapabilities.js,3167,
9eec046d55a3a9cf1a0f078de79b8b76640985c8,DELETE,regular-file,build/js/node_modules/three/src/renderers/webgl/WebGLClipping.js,3372,
38b26dff2f3a9a5e8e27bac253c6d6f7369205cf,DELETE,regular-file,build/js/node_modules/three/src/renderers/webgl/WebGLCubeMaps.js,1909,
f7c7bc3cd710d55872343df2cee842af3b579ea9,DELETE,regular-file,build/js/node_modules/three/src/renderers/webgl/WebGLCubeUVMaps.js,2755,
a654f74b8704958347978b8266d300ecbea02d4e,DELETE,regular-file,build/js/node_modules/three/src/renderers/webgl/WebGLExtensions.js,2265,
aa4af29975588e78fc5e6de26bd92d0bd4d9c6bd,DELETE,regular-file,build/js/node_modules/three/src/renderers/webgl/WebGLGeometries.js,3893,
4c708b4e1bf918c8518fad6129d7e5d877508e12,DELETE,regular-file,build/js/node_modules/three/src/renderers/webgl/WebGLIndexedBufferRenderer.js,1876,
30364091d21510041e7be6cafa0f5128096a4ac2,DELETE,regular-file,build/js/node_modules/three/src/renderers/webgl/WebGLInfo.js,1025,
5f97910db185b212344c7453b3521f0c7f809354,DELETE,regular-file,build/js/node_modules/three/src/renderers/webgl/WebGLLights.js,13805,
4c9973f3ec16b1e384ae02be4260a9d49fcf2726,DELETE,regular-file,build/js/node_modules/three/src/renderers/webgl/WebGLMaterials.js,14083,
8e39bcfa99578dc03a915d4c2e792466add5d4f2,DELETE,regular-file,build/js/node_modules/three/src/renderers/webgl/WebGLMorphtargets.js,7942,
dd00338013fd7529e3b69603deb895dde83fb8a7,DELETE,regular-file,build/js/node_modules/three/src/renderers/webgl/WebGLObjects.js,1578,
4f2b52a1065ebb4ac17cec5c149a5b9136896533,DELETE,regular-file,build/js/node_modules/three/src/renderers/webgl/WebGLProgram.js,33284,
c58f21532161b7699f0c8654427d4c104c900984,DELETE,regular-file,build/js/node_modules/three/src/renderers/webgl/WebGLPrograms.js,21476,
42d34a3559ffc7f681d26fa1f0c6de62c14606a1,DELETE,regular-file,build/js/node_modules/three/src/renderers/webgl/WebGLProperties.js,560,
2839e8b94ac61eaaca841f9a1224b6ddf67f9d02,DELETE,regular-file,build/js/node_modules/three/src/renderers/webgl/WebGLRenderLists.js,4054,
dec59885fa115e2238c131d84b84da45552575b1,DELETE,regular-file,build/js/node_modules/three/src/renderers/webgl/WebGLRenderStates.js,1687,
b025de29f77ad6317e1ba05d4f9ff6fa5d32c09b,DELETE,regular-file,build/js/node_modules/three/src/renderers/webgl/WebGLShader.js,196,
4e0fffcbb035c5229f3eb9672ba3b129db78df89,DELETE,regular-file,build/js/node_modules/three/src/renderers/webgl/WebGLShaderCache.js,1975,
a3ed13e3ac2464783f8743afc2f7cfcc241c80f3,DELETE,regular-file,build/js/node_modules/three/src/renderers/webgl/WebGLShadowMap.js,11617,
5f86b2cdf17798bc7afdf5af8cb74f9cd15f895d,DELETE,regular-file,build/js/node_modules/three/src/renderers/webgl/WebGLState.js,26126,
e4c81b2500e466afbbb407475aa18b1244c6bac4,DELETE,regular-file,build/js/node_modules/three/src/renderers/webgl/WebGLTextures.js,62806,
6069c6a3110055ddb6ae3fbcd26773e3ffbde44a,DELETE,regular-file,build/js/node_modules/three/src/renderers/webgl/WebGLUniforms.js,20732,
d6ae68334931b23e53a0adcb9c479a841ad09600,DELETE,regular-file,build/js/node_modules/three/src/renderers/webgl/WebGLUniformsGroups.js,8435,
989c84989c9c0b645b7a00a67a6d7698b0a31c3a,DELETE,regular-file,build/js/node_modules/three/src/renderers/webgl/WebGLUtils.js,10337,
a9d08447e3a6b9920b476ce83659e5156fce938c,DELETE,regular-file,build/js/node_modules/three/src/renderers/webxr/WebXRController.js,6520,
6deb02eed5fec4083d301b45093e3b9a44239089,DELETE,regular-file,build/js/node_modules/three/src/renderers/webxr/WebXRDepthSensing.js,2026,
fa9a5738c68302d6505ef8c2b7d38fc468dd9400,DELETE,regular-file,build/js/node_modules/three/src/renderers/webxr/WebXRManager.js,19816,
a69dd415bfa370105b0e3ce42d14c2a39f89789a,DELETE,regular-file,build/js/node_modules/three/src/scenes/Fog.js,462,
e714b5bed2771845422561e80f9a3ba69585d0df,DELETE,regular-file,build/js/node_modules/three/src/scenes/FogExp2.js,447,
197f95bd0de07440aae08bba552933343742a89f,DELETE,regular-file,build/js/node_modules/three/src/scenes/Scene.js,1819,
61a58b3b34929bf02bd734f2092f6bceb54fd041,DELETE,regular-file,build/js/node_modules/three/src/textures/CanvasTexture.js,361,
cc062e695d41b345bd5a122806ae984d27eb9515,DELETE,regular-file,build/js/node_modules/three/src/textures/CompressedArrayTexture.js,434,
3d076ff2058c0ff579aeab82d7e24a91009fa3d5,DELETE,regular-file,build/js/node_modules/three/src/textures/CompressedCubeTexture.js,448,
1ed3b3934c4c9d91d59d7637de14f8245d9c1b6a,DELETE,regular-file,build/js/node_modules/three/src/textures/CompressedTexture.js,703,
e686852f2ca45e56e9ea960372a5e092088dc720,DELETE,regular-file,build/js/node_modules/three/src/textures/CubeTexture.js,642,
36348cc1f04a123e0bd2cf07b0987b8e3e5be267,DELETE,regular-file,build/js/node_modules/three/src/textures/Data3DTexture.js,793,
759973df663786a62e5c524d9773b7ee309688ca,DELETE,regular-file,build/js/node_modules/three/src/textures/DataArrayTexture.js,544,
c0a9195042d73a5e39389c7a8ed1d7dde4c6a4f1,DELETE,regular-file,build/js/node_modules/three/src/textures/DataTexture.js,603,
ea247e123bcc6d40a9bbe33a60c16910b520ed77,DELETE,regular-file,build/js/node_modules/three/src/textures/DepthTexture.js,1417,
db87092f614e41e98ee9543e8fa33f92366d6ece,DELETE,regular-file,build/js/node_modules/three/src/textures/FramebufferTexture.js,403,
9fde12478a1b4e16cdec09d16847e1214ad69e50,DELETE,regular-file,build/js/node_modules/three/src/textures/Source.js,1953,
bca2b5950e0098ec3b79a73a6c61225085f9bacf,DELETE,regular-file,build/js/node_modules/three/src/textures/Texture.js,6013,
9f6b7123513e5b412d21b77747048d903c5d4c79,DELETE,regular-file,build/js/node_modules/three/src/textures/VideoTexture.js,1111,
6fd13ca9dee6385847e5aac917e1fb55e53aafbc,DELETE,regular-file,build/js/node_modules/three/src/utils.js,1557,
2d09749e212fcb6c9d85a3eafa6591dca54947d7,DELETE,regular-file,build/js/node_modules/thunky/index.js,1057,
0067ed01c8c1ebcf67bcb9c6501cb3cdd557dea7,DELETE,regular-file,build/js/node_modules/thunky/promise.js,344,
df1bd6d2ffbeae570f4517b3bd9532db14166076,DELETE,regular-file,build/js/node_modules/thunky/test.js,2059,
84aa1c5ed35fde21a2ac719b0f435e35e868e536,DELETE,regular-file,build/js/node_modules/tmp/lib/tmp.js,22676,
77fbaced17fc86d8cd3f73912b5dd56f3cfb3aaf,DELETE,regular-file,build/js/node_modules/to-regex-range/index.js,6481,
9295d024a8c94ee27b3e2b437769599ac5f2b65d,DELETE,regular-file,build/js/node_modules/toidentifier/index.js,504,
890ad76c7eb990c75e4601becab263df961318fb,DELETE,regular-file,build/js/node_modules/type-is/index.js,5562,
cf2c258ea0a8aae739f1d8262c1142df568d4f2d,DELETE,regular-file,build/js/node_modules/typescript/lib/cancellationToken.js,3714,
29d5dbb786e3ece0ff2b08e676d26092a5081b1e,DELETE,regular-file,build/js/node_modules/typescript/lib/tsc.js,6031103,
398a3a1edac703a4ab6a6b75d9c2ebeaf6221993,DELETE,regular-file,build/js/node_modules/typescript/lib/tsserver.js,26131,
49b9ad8fbbc3c58b94977e906a7e67dcedba1a4c,DELETE,regular-file,build/js/node_modules/typescript/lib/tsserverlibrary.js,1012,
74ad448c62355fa6645a6624d334e1b1152695fe,DELETE,regular-file,build/js/node_modules/typescript/lib/typescript.js,8874208,
3b2d0e0eeb0b16a4e68edeb4e306acdd3c64e84e,DELETE,regular-file,build/js/node_modules/typescript/lib/typingsInstaller.js,10892,
56c6ba15caae2d76c607eae081e0c3ecf91e5bed,DELETE,regular-file,build/js/node_modules/typescript/lib/watchGuard.js,2313,
273117f47c3b3a52d04a7a3ab7de6b20ffd337a9,DELETE,regular-file,build/js/node_modules/ua-parser-js/dist/ua-parser.min.js,23754,
def34b3cbdcdc86c7021b0482178e682e85ea54c,DELETE,regular-file,build/js/node_modules/ua-parser-js/dist/ua-parser.pack.js,18470,
785a104266594322c8020eada4e21c1c6c61059d,DELETE,executable,build/js/node_modules/ua-parser-js/script/cli.js,147,
39e0b86f5e3f19c8ee0ac53f5353dfa68eb38dd2,DELETE,executable,build/js/node_modules/ua-parser-js/src/ua-parser.js,52455,
0c9ba393cf47647ce019ef9425de98b3c117d2f9,DELETE,regular-file,build/js/node_modules/universalify/index.js,777,
15c3d97a12b484c2a1c9735e24c952c3079876d0,DELETE,regular-file,build/js/node_modules/unpipe/index.js,1118,
b06811a52239173c970529c41c8e5630b0fee50e,DELETE,regular-file,build/js/node_modules/update-browserslist-db/check-npm-version.js,401,
1388e94d08ce1c949cd65ef98172fa64c16c096a,DELETE,executable,build/js/node_modules/update-browserslist-db/cli.js,912,
d4bb295cf3d12b60d094f761831e300a24b521e8,DELETE,regular-file,build/js/node_modules/update-browserslist-db/index.js,9860,
c63b278c01079f60115dfa3d23276bf052613c74,DELETE,regular-file,build/js/node_modules/update-browserslist-db/utils.js,712,
0706116fef7e309ea15e868343e2d4a673a7b9dd,DELETE,executable,build/js/node_modules/uri-js/dist/es5/uri.all.js,57304,
fcd845862d917f9aa5cc142908814e901c7b95e8,DELETE,executable,build/js/node_modules/uri-js/dist/es5/uri.all.min.js,17200,
e3531b5b61bb28ab48f0a55722eb63e97b7b83f8,DELETE,executable,build/js/node_modules/uri-js/dist/esnext/index.js,537,
34e7de989e3b474cccad6e4f94910f9a55accc69,DELETE,executable,build/js/node_modules/uri-js/dist/esnext/regexps-iri.js,114,
1cc659f133da37fbecff94099d04d4e0caa7a5ba,DELETE,executable,build/js/node_modules/uri-js/dist/esnext/regexps-uri.js,7813,
6abf0fe6e3f1f897c2066285f25476e4152712f4,DELETE,executable,build/js/node_modules/uri-js/dist/esnext/schemes/http.js,959,
ec4b6e76de671bbd1e7cb3a147d52b7229a401bf,DELETE,executable,build/js/node_modules/uri-js/dist/esnext/schemes/https.js,212,
2553713cde8c8b21fa0d8d5c746824fc7fcdf9c0,DELETE,executable,build/js/node_modules/uri-js/dist/esnext/schemes/mailto.js,7746,
d1fce495554812d1a667aec719e81bf363518ee5,DELETE,executable,build/js/node_modules/uri-js/dist/esnext/schemes/urn-uuid.js,868,
5d3f10aa0f8b137300dfa249bf21c991262e7411,DELETE,executable,build/js/node_modules/uri-js/dist/esnext/schemes/urn.js,2050,
9277f035a0bddd7f03558ef61ac400166e705238,DELETE,executable,build/js/node_modules/uri-js/dist/esnext/schemes/ws.js,1659,
d1e22ccd6e0cc58a1f7f91fde05bc8902ef53218,DELETE,executable,build/js/node_modules/uri-js/dist/esnext/schemes/wss.js,198,
659ce2651cea1d928546bbc296f5f0cb97c07b85,DELETE,executable,build/js/node_modules/uri-js/dist/esnext/uri.js,20153,
072711efdbfe37d4305ae6f12331d00d80a2e586,DELETE,executable,build/js/node_modules/uri-js/dist/esnext/util.js,1114,
dadece25b35f595d717ec52adfc94d23d3b1edda,DELETE,regular-file,build/js/node_modules/uri-js/node_modules/punycode/punycode.es6.js,12780,
a1ef251924c81e2cf620132f7765058c690eeb6e,DELETE,regular-file,build/js/node_modules/uri-js/node_modules/punycode/punycode.js,12711,
549ae2f065ea5add2c4b3667e412a9d0e7d2b1af,DELETE,regular-file,build/js/node_modules/util-deprecate/browser.js,1614,
5e6fcff5ddd3fbf8bdda6310c224114d30b7509e,DELETE,regular-file,build/js/node_modules/util-deprecate/node.js,123,
4265c694fec6f4eb174612ee434c3ab7da8e40fa,DELETE,regular-file,build/js/node_modules/utils-merge/index.js,381,
1db6f6d25b2b6a79d6c650cac2fad395408e1ac2,DELETE,regular-file,build/js/node_modules/uuid/dist/esm-browser/index.js,412,
8b5d46a7e4c5c259a8f186bb5f3223e41893d768,DELETE,regular-file,build/js/node_modules/uuid/dist/esm-browser/md5.js,6852,
b36324c2aa3faa177230ac9916f02e5fff0a6cd3,DELETE,regular-file,build/js/node_modules/uuid/dist/esm-browser/nil.js,54,
7c5b1d5a6b0210d7dc9fbd5501230ca7241cb110,DELETE,regular-file,build/js/node_modules/uuid/dist/esm-browser/parse.js,1104,
3da8673a5cdf3c408c8ae00fad6aed9777d2ae69,DELETE,regular-file,build/js/node_modules/uuid/dist/esm-browser/regex.js,133,
8abbf2ea5b3fc5d01654c425676dae03d8a671fe,DELETE,regular-file,build/js/node_modules/uuid/dist/esm-browser/rng.js,1040,
940548baa840abb95c8ef52f974ea14f6bca838a,DELETE,regular-file,build/js/node_modules/uuid/dist/esm-browser/sha1.js,2488,
310211158db7aed87c83d60533b4b40d8d62fdb9,DELETE,regular-file,build/js/node_modules/uuid/dist/esm-browser/stringify.js,1463,
1a22591ef1eb8f9a426d86a6dc3e105227608883,DELETE,regular-file,build/js/node_modules/uuid/dist/esm-browser/v1.js,3296,
c9ab9a4cd78d32f586cf28d94feec8f16c20478d,DELETE,regular-file,build/js/node_modules/uuid/dist/esm-browser/v3.js,105,
31dd8a1c89b1679760c610425acd3bdc6a101cd6,DELETE,regular-file,build/js/node_modules/uuid/dist/esm-browser/v35.js,1657,
404810a488de0a44cba0a48564183fe8f9296f37,DELETE,regular-file,build/js/node_modules/uuid/dist/esm-browser/v4.js,544,
c08d96ba0bd928b829a168fc3f12cd5044d0e057,DELETE,regular-file,build/js/node_modules/uuid/dist/esm-browser/v5.js,108,
f1cdc7af49bcfc2a66fb1efb3532095e85ce8415,DELETE,regular-file,build/js/node_modules/uuid/dist/esm-browser/validate.js,141,
77530e9cb0e355adb6747e5912ecac98848eb7a9,DELETE,regular-file,build/js/node_modules/uuid/dist/esm-browser/version.js,200,
1db6f6d25b2b6a79d6c650cac2fad395408e1ac2,DELETE,regular-file,build/js/node_modules/uuid/dist/esm-node/index.js,412,
4d68b040f6c192f73ccbf8d724a19b196fca0de1,DELETE,regular-file,build/js/node_modules/uuid/dist/esm-node/md5.js,281,
b36324c2aa3faa177230ac9916f02e5fff0a6cd3,DELETE,regular-file,build/js/node_modules/uuid/dist/esm-node/nil.js,54,
6421c5d5a08e42325718a2caad1f47154eff9de9,DELETE,regular-file,build/js/node_modules/uuid/dist/esm-node/parse.js,1106,
3da8673a5cdf3c408c8ae00fad6aed9777d2ae69,DELETE,regular-file,build/js/node_modules/uuid/dist/esm-node/regex.js,133,
80062449a297eb936b592ee631bcec8f273256c9,DELETE,regular-file,build/js/node_modules/uuid/dist/esm-node/rng.js,323,
e23850b441a0c0d52d0d0aa75ed49cf0b88cd72b,DELETE,regular-file,build/js/node_modules/uuid/dist/esm-node/sha1.js,284,
f9bca12026e21f74488497b6216b135aafa08cd1,DELETE,regular-file,build/js/node_modules/uuid/dist/esm-node/stringify.js,1393,
ebf81acb7d3a877a799daf0c247e3e5bc18da65f,DELETE,regular-file,build/js/node_modules/uuid/dist/esm-node/v1.js,3306,
09063b860499e6a7cf4b374be124df5dded05457,DELETE,regular-file,build/js/node_modules/uuid/dist/esm-node/v3.js,107,
22f6a196037f91b22cd5fca753a7a1f51071fb18,DELETE,regular-file,build/js/node_modules/uuid/dist/esm-node/v35.js,1663,
efad926f68deedd9a3446462576b4fd1f7ddc341,DELETE,regular-file,build/js/node_modules/uuid/dist/esm-node/v4.js,546,
e87fe317d70a00942dd870c8c1c9155b517aa957,DELETE,regular-file,build/js/node_modules/uuid/dist/esm-node/v5.js,110,
f1cdc7af49bcfc2a66fb1efb3532095e85ce8415,DELETE,regular-file,build/js/node_modules/uuid/dist/esm-node/validate.js,141,
77530e9cb0e355adb6747e5912ecac98848eb7a9,DELETE,regular-file,build/js/node_modules/uuid/dist/esm-node/version.js,200,
bf13b103c651d69b40bd9c6f9636ef4f331a713e,DELETE,regular-file,build/js/node_modules/uuid/dist/index.js,1765,
7a4582ace686897b291f71b50b1ac4cbe1744239,DELETE,regular-file,build/js/node_modules/uuid/dist/md5-browser.js,7015,
824d48167a980e1ea70732421b05f66c8622a12f,DELETE,regular-file,build/js/node_modules/uuid/dist/md5.js,550,
7ade577b256b25919a4d06a8d432507daef8d3ed,DELETE,regular-file,build/js/node_modules/uuid/dist/nil.js,188,
4c69fc39e74c2e0858b85333753db64f58a1a5ac,DELETE,regular-file,build/js/node_modules/uuid/dist/parse.js,1380,
1ef91d64c80e220e599881771a9bd231879a538f,DELETE,regular-file,build/js/node_modules/uuid/dist/regex.js,267,
91faeae6d6acb2c2ea05bad67e423ba5666a4392,DELETE,regular-file,build/js/node_modules/uuid/dist/rng-browser.js,1131,
3507f93772a910b44fffb4df2f0e7daeed6586ae,DELETE,regular-file,build/js/node_modules/uuid/dist/rng.js,549,
24cbcedca58c8ad42d50498a9ffa3241fc85c16a,DELETE,regular-file,build/js/node_modules/uuid/dist/sha1-browser.js,2609,
03bdd63cedadafd8dd4ef2c2d186f89826cf80b0,DELETE,regular-file,build/js/node_modules/uuid/dist/sha1.js,553,
b8e7519403eedc36e538a0310315fa3602e1f98d,DELETE,regular-file,build/js/node_modules/uuid/dist/stringify.js,1667,
639ca2f2ddc41d09cfba966f6349bb1ec190e704,DELETE,regular-file,build/js/node_modules/uuid/dist/umd/uuid.min.js,8160,
30b28a7e0faf0193f5c258d83ece2374fb2be350,DELETE,regular-file,build/js/node_modules/uuid/dist/umd/uuidNIL.min.js,280,
d48ea6af50a42ac8dac17fb474f07c0ed5e46a82,DELETE,regular-file,build/js/node_modules/uuid/dist/umd/uuidParse.min.js,883,
fd39adc330cf2b9988cda4a0ce845e048abeac0e,DELETE,regular-file,build/js/node_modules/uuid/dist/umd/uuidStringify.min.js,829,
378e5b902131fd19e37fdfc81167edbee2b55bf8,DELETE,regular-file,build/js/node_modules/uuid/dist/umd/uuidValidate.min.js,420,
274bb090db76ecdc4cc2a39bf46c732ec5082951,DELETE,regular-file,build/js/node_modules/uuid/dist/umd/uuidVersion.min.js,506,
2622889a25e52b8533f0acc629327a1dba7ee243,DELETE,regular-file,build/js/node_modules/uuid/dist/umd/uuidv1.min.js,2020,
8d37b62d70870180d5628e0abb1b568d3dd9f779,DELETE,regular-file,build/js/node_modules/uuid/dist/umd/uuidv3.min.js,5145,
e9df84b830b628dd6240ce8c29a296e0263a1426,DELETE,regular-file,build/js/node_modules/uuid/dist/umd/uuidv4.min.js,1366,
ba6fc63da76e4e07b134808a30fdf6df4f333355,DELETE,regular-file,build/js/node_modules/uuid/dist/umd/uuidv5.min.js,3267,
50a7a9f17a065c7d2a409327643f41dee6f4136c,DELETE,regular-file,build/js/node_modules/uuid/dist/uuid-bin.js,2030,
abb9b3d1672a32e9abcc82e192d06f8d9c779816,DELETE,regular-file,build/js/node_modules/uuid/dist/v1.js,3618,
6b47ff517535a6d8c00d6afaff55b0332f825c9c,DELETE,regular-file,build/js/node_modules/uuid/dist/v3.js,414,
f784c6337fa0e29c17fecd43e90a478f0d2e206a,DELETE,regular-file,build/js/node_modules/uuid/dist/v35.js,2008,
838ce0b28d7436b871c58a314a0e5a5c8de78abb,DELETE,regular-file,build/js/node_modules/uuid/dist/v4.js,860,
99d615e096c5e176d7a97cb25f17862a317a970d,DELETE,regular-file,build/js/node_modules/uuid/dist/v5.js,417,
fd052157d4400d572c97905c9b077a8b26dff0d5,DELETE,regular-file,build/js/node_modules/uuid/dist/validate.js,410,
b72949cdb96e7e5557bf415b3bcc8ea20df4a990,DELETE,regular-file,build/js/node_modules/uuid/dist/version.js,474,
5b5e741279d4b800b0c408c5efbac8de6ece450b,DELETE,regular-file,build/js/node_modules/vary/index.js,2930,
363b624166f93b5c099d770638b0676734f70e54,DELETE,regular-file,build/js/node_modules/void-elements/index.js,376,
93218abfa0f6e4d2bfa4a91940e60ef3b7e307f3,DELETE,regular-file,build/js/node_modules/void-elements/pre-publish.js,891,
4d71973a54c6e72916363968cee46896b094c361,DELETE,regular-file,build/js/node_modules/void-elements/test/index.js,209,
9a5eeb9910c4f09f1d7ad4364c381ad1fdd04e39,DELETE,regular-file,build/js/node_modules/watchpack/lib/DirectoryWatcher.js,20725,
daea90bf92ec4c8d458dfbe3b4f71401fc6c7119,DELETE,regular-file,build/js/node_modules/watchpack/lib/LinkResolver.js,3215,
e0dcd6ac93d903e970a1a47f7f2cbff9e7a51356,DELETE,regular-file,build/js/node_modules/watchpack/lib/getWatcherManager.js,1451,
b281ed691ea0e044d1c75a5658735b96103104b7,DELETE,regular-file,build/js/node_modules/watchpack/lib/reducePlan.js,3598,
2886a746a74d96af1e8e14aa760ba24df046c154,DELETE,regular-file,build/js/node_modules/watchpack/lib/watchEventSource.js,9649,
0b567fce517dbf926cfee387abbbf97af31c9a11,DELETE,regular-file,build/js/node_modules/watchpack/lib/watchpack.js,10599,
8dd311f129ed454485f9e946e638aac54a563d4b,DELETE,regular-file,build/js/node_modules/wbuf/index.js,9217,
179cdbb459f06ac477bb5bc7b5396c02bf865181,DELETE,regular-file,build/js/node_modules/wbuf/test/wbuf-test.js,9974,
5305a836bfdfaa7deee6289ade33aab5ef2052e7,DELETE,executable,build/js/node_modules/webpack-cli/bin/cli.js,330,
130f61e45e579273cd29ea4f362d802de6bda5a3,DELETE,regular-file,build/js/node_modules/webpack-cli/lib/bootstrap.js,456,
f029c39b771d1f7ed94caf0036603b7301fa19bb,DELETE,regular-file,build/js/node_modules/webpack-cli/lib/index.js,200,
a8ff1e42361e7044bc46653636cb6a839c3a5733,DELETE,regular-file,build/js/node_modules/webpack-cli/lib/plugins/cli-plugin.js,5268,
c8ad2e549bdc6801e0d1c80b0308d4b9bd4985ce,DELETE,regular-file,build/js/node_modules/webpack-cli/lib/types.js,77,
324f5122457ae5e2d80aace538645d88ec1efaba,DELETE,regular-file,build/js/node_modules/webpack-cli/lib/utils/dynamic-import-loader.js,317,
8e07613050686f74da200e3c92ef72de0046a0fc,DELETE,regular-file,build/js/node_modules/webpack-cli/lib/webpack-cli.js,84046,
5774a3f1ed414a15a7c456341f125d4575b73ffe,DELETE,regular-file,build/js/node_modules/webpack-cli/node_modules/webpack-merge/dist/index.js,9936,
bae886b70f9595a8a64e8d033462fb8234ff6e0a,DELETE,regular-file,build/js/node_modules/webpack-cli/node_modules/webpack-merge/dist/join-arrays.js,2683,
e4f0fe6b3ab813059ea9f36e90e43f2ec13eadc0,DELETE,regular-file,build/js/node_modules/webpack-cli/node_modules/webpack-merge/dist/merge-with.js,1091,
6195ceb923283adc8634b13b73eb1b8df90d2410,DELETE,regular-file,build/js/node_modules/webpack-cli/node_modules/webpack-merge/dist/types.js,428,
725e10833ccbc6c52093a07455ae748c7d9f8370,DELETE,regular-file,build/js/node_modules/webpack-cli/node_modules/webpack-merge/dist/unique.js,1531,
be4ae68c3d1c5c7e7f925de5397f45c3b19a410e,DELETE,regular-file,build/js/node_modules/webpack-cli/node_modules/webpack-merge/dist/utils.js,3031,
22e0ee98e9a6979e4bb163eee0a5a2309451e75d,DELETE,regular-file,build/js/node_modules/webpack-dev-middleware/dist/index.js,7760,
70f524eed959bc4cca63567d3d2eaf39e811511d,DELETE,regular-file,build/js/node_modules/webpack-dev-middleware/dist/middleware.js,7395,
4d8222ff8f7bbf55dd3eff904e6aaff62ab7f0f6,DELETE,regular-file,build/js/node_modules/webpack-dev-middleware/dist/utils/compatibleAPI.js,6147,
8bd02090b3e549dd0c63692e6444030fc287316b,DELETE,regular-file,build/js/node_modules/webpack-dev-middleware/dist/utils/getFilenameFromUrl.js,4750,
167aa67c71766c7fff3bde2b7d9a35998255be05,DELETE,regular-file,build/js/node_modules/webpack-dev-middleware/dist/utils/getPaths.js,1259,
c4889de05137028c96a2c2ce84e0c7ed78a85124,DELETE,regular-file,build/js/node_modules/webpack-dev-middleware/dist/utils/ready.js,703,
4d1b85bebee71da029f36ac03f270ce9b9604038,DELETE,regular-file,build/js/node_modules/webpack-dev-middleware/dist/utils/setupHooks.js,6320,
e1d29b412e0e35a1a67db737e041bd3ecdd2de07,DELETE,regular-file,build/js/node_modules/webpack-dev-middleware/dist/utils/setupOutputFileSystem.js,1694,
c4f6460ff0582a5e84dbd177e100a8217280e796,DELETE,regular-file,build/js/node_modules/webpack-dev-middleware/dist/utils/setupWriteToDisk.js,3013,
d32c38cbb078f1a4f90e18e32c3525354abbd8db,DELETE,regular-file,build/js/node_modules/webpack-dev-server/bin/cli-flags.js,40632,
93fabf6529b5fee35fe0bd1875a643086936662a,DELETE,regular-file,build/js/node_modules/webpack-dev-server/bin/process-arguments.js,10568,
fc4dd8f3aa158e3b8d57b462f3a21b22d8df328c,DELETE,executable,build/js/node_modules/webpack-dev-server/bin/webpack-dev-server.js,5032,
161ed7362c520d8fa4f504b58dd6d49ba4510160,DELETE,regular-file,build/js/node_modules/webpack-dev-server/client/clients/SockJSClient.js,2519,
904462567aa04fb44214e4cc49e90361d89fd2c2,DELETE,regular-file,build/js/node_modules/webpack-dev-server/client/clients/WebSocketClient.js,2269,
a7e087aee250fe01cf6e3019029c8e54224d8267,DELETE,regular-file,build/js/node_modules/webpack-dev-server/client/index.js,11088,
f21b03a45654fdea0c37034af0b2670e3a8eff4a,DELETE,regular-file,build/js/node_modules/webpack-dev-server/client/modules/logger/index.js,26608,
618b861481d1666312146479a8714f415a262276,DELETE,regular-file,build/js/node_modules/webpack-dev-server/client/modules/sockjs-client/index.js,173460,
1524861cc51f2f41a9e965d09491a6acb0ae59ce,DELETE,regular-file,build/js/node_modules/webpack-dev-server/client/overlay.js,11346,
b4e282ad91248cfb73c10ae9ec26bc3138fcf7a0,DELETE,regular-file,build/js/node_modules/webpack-dev-server/client/overlay/fsm.js,3845,
81aa0084bcf7d55d4933c9324b98252d763ecb88,DELETE,regular-file,build/js/node_modules/webpack-dev-server/client/overlay/runtime-error.js,1123,
02179df01365e874ba45adf5aca9e2047078b4f4,DELETE,regular-file,build/js/node_modules/webpack-dev-server/client/overlay/state-machine.js,2785,
165199ea2cb640bb46d22f2e7cd65a62753844f1,DELETE,regular-file,build/js/node_modules/webpack-dev-server/client/overlay/styles.js,1515,
56f1b1c89196e50e959711ca722fbf196a22edd5,DELETE,regular-file,build/js/node_modules/webpack-dev-server/client/socket.js,2037,
6f3d6a41a63d1fac22bcc9f811199f78fbf9acc3,DELETE,regular-file,build/js/node_modules/webpack-dev-server/client/utils/createSocketURL.js,4372,
f25054ddb91acadc37d5aa012b3e9b9be4d5f1ab,DELETE,regular-file,build/js/node_modules/webpack-dev-server/client/utils/getCurrentScriptSource.js,868,
6fcf9682e6adf8ffd95fc21d9befca4583547a36,DELETE,regular-file,build/js/node_modules/webpack-dev-server/client/utils/log.js,1173,
ab3d052c6d14956f19835808ff6456fb28141d6b,DELETE,regular-file,build/js/node_modules/webpack-dev-server/client/utils/parseURL.js,1281,
fbeb0f1589117ac399f61f6f5ec755ffbea65875,DELETE,regular-file,build/js/node_modules/webpack-dev-server/client/utils/reloadApp.js,2082,
b92c5b9e9ac0063ec1e9234c9d815d945d2bd04f,DELETE,regular-file,build/js/node_modules/webpack-dev-server/client/utils/sendMessage.js,435,
9277b0d3a83f0e38f600067442cd713325962259,DELETE,regular-file,build/js/node_modules/webpack-dev-server/client/utils/stripAnsi.js,690,
79e6fc7910365aaa06a44e2ae51c59daec36b1bb,DELETE,regular-file,build/js/node_modules/webpack-dev-server/lib/Server.js,104334,
cbba2151ff66d044a26bb43b90a3d12d942b5eda,DELETE,regular-file,build/js/node_modules/webpack-dev-server/lib/getPort.js,3554,
30858ba77e59773d4d6b4051dcb66db6ee56bb7c,DELETE,regular-file,build/js/node_modules/webpack-dev-server/lib/servers/BaseServer.js,428,
dcadf52c0053aebcce84077c043d729b11366540,DELETE,regular-file,build/js/node_modules/webpack-dev-server/lib/servers/SockJSServer.js,3528,
2a7636da5d194e3b2fcbcc0c6fd5ccec08751ffe,DELETE,regular-file,build/js/node_modules/webpack-dev-server/lib/servers/WebsocketServer.js,2489,
ca4f628ac17c80e5b1d40910d1b18c605490deda,DELETE,regular-file,build/js/node_modules/webpack-dev-server/node_modules/ws/browser.js,176,
41edb3b81bc186adfeddb9c79b709242fb385002,DELETE,regular-file,build/js/node_modules/webpack-dev-server/node_modules/ws/index.js,376,
f7536e28efa570277e30e9ea001200ee11595fee,DELETE,regular-file,build/js/node_modules/webpack-dev-server/node_modules/ws/lib/buffer-util.js,3056,
74214d466a65a086f4b16050d1a8a7b6935276a8,DELETE,regular-file,build/js/node_modules/webpack-dev-server/node_modules/ws/lib/constants.js,479,
fea4cbc52c3299d0bd5fea32245360594812b5a5,DELETE,regular-file,build/js/node_modules/webpack-dev-server/node_modules/ws/lib/event-target.js,7321,
3d7895c1b0608d4bef7073a6acea9be39a4f8b74,DELETE,regular-file,build/js/node_modules/webpack-dev-server/node_modules/ws/lib/extension.js,6183,
3fd35784ea9ea59cff8c112b6556a89cde7f7b6f,DELETE,regular-file,build/js/node_modules/webpack-dev-server/node_modules/ws/lib/limiter.js,1034,
41ff70e27d7bad779c0b1a6430af21bed1113282,DELETE,regular-file,build/js/node_modules/webpack-dev-server/node_modules/ws/lib/permessage-deflate.js,14510,
54d9b4fadb47f697d35a42cebedd2a2851b85689,DELETE,regular-file,build/js/node_modules/webpack-dev-server/node_modules/ws/lib/receiver.js,16460,
a8b1da3a997767186e4cc29a6d34f42a2c54e3d9,DELETE,regular-file,build/js/node_modules/webpack-dev-server/node_modules/ws/lib/sender.js,16711,
4c58c911bc3da49c9b2610da77ff61b71f111810,DELETE,regular-file,build/js/node_modules/webpack-dev-server/node_modules/ws/lib/stream.js,4204,
d4381e8864fd055e81dd75eeb4b852d9da864673,DELETE,regular-file,build/js/node_modules/webpack-dev-server/node_modules/ws/lib/subprotocol.js,1498,
4a2e68d5127279431a74b6961e8d35161d3276e2,DELETE,regular-file,build/js/node_modules/webpack-dev-server/node_modules/ws/lib/validation.js,3903,
67b52ffddb670505e03f000c34167670a18eafed,DELETE,regular-file,build/js/node_modules/webpack-dev-server/node_modules/ws/lib/websocket-server.js,16254,
ad8764a0273e9ec83f94d9d306f982d65cba2cd3,DELETE,regular-file,build/js/node_modules/webpack-dev-server/node_modules/ws/lib/websocket.js,36463,
bd72988971b1342b42e37829d131eafb695f9a5d,DELETE,regular-file,build/js/node_modules/webpack-merge/lib/index.js,4939,
edc1481b7a7cf0e55a02ca5ad325ea9126c7aa68,DELETE,regular-file,build/js/node_modules/webpack-merge/lib/join-arrays-smart.js,8996,
927018681c271b98d1464f929cb7207aa847abeb,DELETE,regular-file,build/js/node_modules/webpack-merge/lib/join-arrays.js,2129,
b739fad1f6c89d935c024b49018da709796692d0,DELETE,regular-file,build/js/node_modules/webpack-merge/lib/types.js,770,
4d999290802d3e535aec4fe6ea366fb5b58371f5,DELETE,regular-file,build/js/node_modules/webpack-merge/lib/unique.js,911,
e5f82f0545c27ee0b0207f465443835de8634f2f,DELETE,regular-file,build/js/node_modules/webpack-sources/lib/CachedSource.js,11014,
8d63ab2cd18c540780f7765b87349d306497cf84,DELETE,regular-file,build/js/node_modules/webpack-sources/lib/CompatSource.js,2537,
f10463c293e29214f1a42de4b0ef4b9addf477be,DELETE,regular-file,build/js/node_modules/webpack-sources/lib/ConcatSource.js,10220,
ee27842a44b299bc27a5df6031251013b5bc39af,DELETE,regular-file,build/js/node_modules/webpack-sources/lib/OriginalSource.js,5446,
d0962f800d3b5a7dfbe4a4b1307282d8b6e21ed2,DELETE,regular-file,build/js/node_modules/webpack-sources/lib/PrefixSource.js,4236,
0df4baf61dd949a3585faaff19dbb9135e2d5ee9,DELETE,regular-file,build/js/node_modules/webpack-sources/lib/RawSource.js,3598,
9d5833d4c84f119d866ede938af0366cc59e10cd,DELETE,regular-file,build/js/node_modules/webpack-sources/lib/ReplaceSource.js,15073,
fca8f8a44a367d47067300ac53e6a15e2aeb47dc,DELETE,regular-file,build/js/node_modules/webpack-sources/lib/SizeOnlySource.js,1214,
39859e2ba6c31ffa2544435193b0e9aefef60dcb,DELETE,regular-file,build/js/node_modules/webpack-sources/lib/Source.js,1892,
f9be82a032d7daed828f4819e70cde42088bafc6,DELETE,regular-file,build/js/node_modules/webpack-sources/lib/SourceMapSource.js,9684,
860b3dac48e906248f5178e2cde9a9fb15c53eb5,DELETE,regular-file,build/js/node_modules/webpack-sources/lib/helpers/createMappingsSerializer.js,5642,
fbd046effa278ae9eec0db70a43156fc9d64a618,DELETE,regular-file,build/js/node_modules/webpack-sources/lib/helpers/getFromStreamChunks.js,4456,
baee63edbf814e146e0bc95f4515d8855a295cb1,DELETE,regular-file,build/js/node_modules/webpack-sources/lib/helpers/getGeneratedSourceInfo.js,990,
df290d3ebbc2ae845539a45404090e7570762ab4,DELETE,regular-file,build/js/node_modules/webpack-sources/lib/helpers/getName.js,462,
f1f9ce3f77592567bf3a08d0ae12585dd08ebe7d,DELETE,regular-file,build/js/node_modules/webpack-sources/lib/helpers/getSource.js,605,
28dcece5cb127c68246511ebe818f82c0bec2d06,DELETE,regular-file,build/js/node_modules/webpack-sources/lib/helpers/readMappings.js,3116,
b2a4f580c7ba7fbe9ea5d1cc59de976cdf33262f,DELETE,regular-file,build/js/node_modules/webpack-sources/lib/helpers/splitIntoLines.js,660,
4ea2bbfb105b2a8377bc790066e524794640b3aa,DELETE,regular-file,build/js/node_modules/webpack-sources/lib/helpers/splitIntoPotentialTokens.js,978,
0db0549af636736a0bd20b0e4e81387fcc34e31a,DELETE,regular-file,build/js/node_modules/webpack-sources/lib/helpers/streamAndGetSourceAndMap.js,3539,
514015640356185c4c416cfc4f7493fa1fcb7e8a,DELETE,regular-file,build/js/node_modules/webpack-sources/lib/helpers/streamChunks.js,2103,
d1355f188fc4fe707736d137297eb3634607346b,DELETE,regular-file,build/js/node_modules/webpack-sources/lib/helpers/streamChunksOfCombinedSourceMap.js,11689,
ef8871579b82108fde18930ac142b35e60bac702,DELETE,regular-file,build/js/node_modules/webpack-sources/lib/helpers/streamChunksOfRawSource.js,1656,
f98f021970b03502c1d4aa240bd87103b0c9cecb,DELETE,regular-file,build/js/node_modules/webpack-sources/lib/helpers/streamChunksOfSourceMap.js,11573,
a64659ae1ba035d4081febaba82348bee58cbef1,DELETE,regular-file,build/js/node_modules/webpack-sources/lib/helpers/stringBufferUtils.js,3668,
9f795ef7f03deda9888b099afd83164309bc05a0,DELETE,regular-file,build/js/node_modules/webpack-sources/lib/index.js,3187,
cbb748f7e6d74b90d9fb27f28134f6bf085dc022,DELETE,executable,build/js/node_modules/webpack/bin/webpack.js,4441,
4812864a1286d77add33fe73322e6707dfc0514e,DELETE,regular-file,build/js/node_modules/webpack/hot/dev-server.js,1985,
05e0fbe09946573a2927bfdac7ebf48c4c0d2818,DELETE,regular-file,build/js/node_modules/webpack/hot/emitter.js,75,
da4058583b11e1a560519a68cff832052bbb63e1,DELETE,regular-file,build/js/node_modules/webpack/hot/lazy-compilation-node.js,1187,
ec8253f0a3cac0da8e84c16b6b64acb5f8402499,DELETE,regular-file,build/js/node_modules/webpack/hot/lazy-compilation-web.js,2052,
cb46366dd443fd3d065b60c4c53f16eb268eb908,DELETE,regular-file,build/js/node_modules/webpack/hot/log-apply-result.js,1462,
63758822ae60c615092bdec8946c353d369bd455,DELETE,regular-file,build/js/node_modules/webpack/hot/log.js,1770,
5979ab543533024a2e2b0e26cf584c815336280b,DELETE,regular-file,build/js/node_modules/webpack/hot/only-dev-server.js,2643,
b87c2525944e76d9ae4f7b7982c5129d985aaca1,DELETE,regular-file,build/js/node_modules/webpack/hot/poll.js,1219,
36a0cbe38c7ed85050508b82e28c2b9577b61afb,DELETE,regular-file,build/js/node_modules/webpack/hot/signal.js,1741,
a36422ed250f08140dffa66804a28d17b178c5fb,DELETE,regular-file,build/js/node_modules/webpack/lib/APIPlugin.js,9559,
7a9d2f992b4f2b071ca2eb96672f70ff4382f9d2,DELETE,regular-file,build/js/node_modules/webpack/lib/AbstractMethodError.js,1226,
539c20cb35d12f58ce2989074d4ce2d2327d5b30,DELETE,regular-file,build/js/node_modules/webpack/lib/AsyncDependenciesBlock.js,3331,
75888f869a3c00acdba58d21600d749e7e103cd9,DELETE,regular-file,build/js/node_modules/webpack/lib/AsyncDependencyToInitialChunkError.js,913,
991ffc91732a724dabffdb7931827d2cf685d3c4,DELETE,regular-file,build/js/node_modules/webpack/lib/AutomaticPrefetchPlugin.js,1556,
4793a77cbcb8592c58a631dc55685029be692b92,DELETE,regular-file,build/js/node_modules/webpack/lib/BannerPlugin.js,3594,
055ad6d225ae0cc121326b16ac191b0637797842,DELETE,regular-file,build/js/node_modules/webpack/lib/Cache.js,4120,
eece96317358281f44268b9ec7055a5366764639,DELETE,regular-file,build/js/node_modules/webpack/lib/CacheFacade.js,8709,
58a38e5506e3d5a0c9e1f985cc452879c80655ef,DELETE,regular-file,build/js/node_modules/webpack/lib/CaseSensitiveModulesWarning.js,2120,
3b1b93c00b2f9d028fb514e8a27f9dd327bb8445,DELETE,regular-file,build/js/node_modules/webpack/lib/Chunk.js,22194,
462ec9f38af3dfe28487ab8fa3b6e30cc09fb9fc,DELETE,regular-file,build/js/node_modules/webpack/lib/ChunkGraph.js,54772,
9b899dd214f9ef1003c6c31f2c7118fc06175243,DELETE,regular-file,build/js/node_modules/webpack/lib/ChunkGroup.js,15717,
fce913f171ac4a46b34a51afc05bcf3fa73ec2b7,DELETE,regular-file,build/js/node_modules/webpack/lib/ChunkRenderError.js,657,
238144a30ac75d40ecdfe810a651e358e1a7cc8d,DELETE,regular-file,build/js/node_modules/webpack/lib/ChunkTemplate.js,5878,
5c15b328218d790a0c5debbcc1be08f5820b8aad,DELETE,regular-file,build/js/node_modules/webpack/lib/CleanPlugin.js,12271,
b1cf51d744e630a926bb8d3c3605d42f824cfc90,DELETE,regular-file,build/js/node_modules/webpack/lib/CodeGenerationError.js,619,
f0759985e76733fe27113646047561908722a6e9,DELETE,regular-file,build/js/node_modules/webpack/lib/CodeGenerationResults.js,4598,
99cd0fbdadab3a0a781e671b62aeea5b5d64de1f,DELETE,regular-file,build/js/node_modules/webpack/lib/CommentCompilationWarning.js,725,
46ddd7e802e87b0857cda15e4ae885258754c165,DELETE,regular-file,build/js/node_modules/webpack/lib/CompatibilityPlugin.js,5877,
124974b03664fb5c25233cf1890c018180f53efa,DELETE,regular-file,build/js/node_modules/webpack/lib/Compilation.js,168707,
f1472544bca512416473133bb6fdb90301b1f11a,DELETE,regular-file,build/js/node_modules/webpack/lib/Compiler.js,40577,
59e70b49c49e95bfb60c6e6c3935c26868404d66,DELETE,regular-file,build/js/node_modules/webpack/lib/ConcatenationScope.js,4682,
3643553f050e03b082b659fadb6d52545e25d520,DELETE,regular-file,build/js/node_modules/webpack/lib/ConcurrentCompilationError.js,441,
67351383d95a19e03317d0f08c48dba049451baa,DELETE,regular-file,build/js/node_modules/webpack/lib/ConditionalInitFragment.js,3771,
63ed2622de6c3fb2316b786ad42c0bce98a27df4,DELETE,regular-file,build/js/node_modules/webpack/lib/ConstPlugin.js,16548,
8b291072c2b3f1379f8262445757680800df4613,DELETE,regular-file,build/js/node_modules/webpack/lib/ContextExclusionPlugin.js,786,
91a5b1bf3e500d51ee417834b28bebec556044ed,DELETE,regular-file,build/js/node_modules/webpack/lib/ContextModule.js,38212,
23da02663e27b3dbebccde06e05f7ed55b3f4d14,DELETE,regular-file,build/js/node_modules/webpack/lib/ContextModuleFactory.js,14324,
ac425f313214ce10847c7a26f5d32c5e89236e49,DELETE,regular-file,build/js/node_modules/webpack/lib/ContextReplacementPlugin.js,5390,
53a9129a2e2144a321fc938b6c008480524ac408,DELETE,regular-file,build/js/node_modules/webpack/lib/CssModule.js,4261,
574d8ca5e286a3e5fbffd85859e9027402fac473,DELETE,regular-file,build/js/node_modules/webpack/lib/DefinePlugin.js,19942,
dc4d2bc3ae23f8f4abcf19401487afe193c537ef,DELETE,regular-file,build/js/node_modules/webpack/lib/DelegatedModule.js,8213,
ae9b79aaed78d15704d4643d006f6ed3efbed9d2,DELETE,regular-file,build/js/node_modules/webpack/lib/DelegatedModuleFactoryPlugin.js,3527,
735e2f083e25932a03850211a4500ad6317c3f3e,DELETE,regular-file,build/js/node_modules/webpack/lib/DelegatedPlugin.js,1137,
a952b643b568757fd460c425e335b9a53f5fdf2b,DELETE,regular-file,build/js/node_modules/webpack/lib/DependenciesBlock.js,3557,
a18f7365444527c4d67023cf1ee9bd82166c261b,DELETE,regular-file,build/js/node_modules/webpack/lib/Dependency.js,10479,
84d9d7cda7e35f962437da1fb21a449bb0e115b2,DELETE,regular-file,build/js/node_modules/webpack/lib/DependencyTemplate.js,2837,
3b553dae4cb25cfa5650234c681603b52b8d73d1,DELETE,regular-file,build/js/node_modules/webpack/lib/DependencyTemplates.js,1746,
de849fa5376062b82a15d3d6f7bb2e240560b1f7,DELETE,regular-file,build/js/node_modules/webpack/lib/DllEntryPlugin.js,1713,
be17eded399bd3d800b4ff1fbbf3fbbb37412d21,DELETE,regular-file,build/js/node_modules/webpack/lib/DllModule.js,5221,
d8800353da9dfbecdd72fe95dd60cb90853b6601,DELETE,regular-file,build/js/node_modules/webpack/lib/DllModuleFactory.js,1018,
25440df04ee85aa370f9d97ecd1c0d6133c11227,DELETE,regular-file,build/js/node_modules/webpack/lib/DllPlugin.js,1872,
50b2c54102165204bacd942a5340700b308903be,DELETE,regular-file,build/js/node_modules/webpack/lib/DllReferencePlugin.js,6205,
dcfc993f476ae6ff32b195663b5bfabd73d2d278,DELETE,regular-file,build/js/node_modules/webpack/lib/DynamicEntryPlugin.js,2035,
3e290c186f20ab44e57bf8fc4bc226a396fa80fc,DELETE,regular-file,build/js/node_modules/webpack/lib/EntryOptionPlugin.js,2948,
77c879705e8bf8bc3ac9062563c0a5d7eef894de,DELETE,regular-file,build/js/node_modules/webpack/lib/EntryPlugin.js,1772,
7aa019e4d284b637cbdadf9e8e4e73134310033c,DELETE,regular-file,build/js/node_modules/webpack/lib/Entrypoint.js,3060,
1a1ea9ece666d480b52598cce5d7fed1b5f48343,DELETE,regular-file,build/js/node_modules/webpack/lib/EnvironmentNotSupportAsyncWarning.js,1890,
93292cc566c86dde9ee27fcf17797970566336cc,DELETE,regular-file,build/js/node_modules/webpack/lib/EnvironmentPlugin.js,1889,
58c115541935a0f9626dda43c3ab1319f2582dd0,DELETE,regular-file,build/js/node_modules/webpack/lib/ErrorHelpers.js,2915,
ba2e5b6acec11d50e2e14d527c3e6d0fd6e3e880,DELETE,regular-file,build/js/node_modules/webpack/lib/EvalDevToolModulePlugin.js,4200,
9619211cc19ee78b0dd66a3407d00f07a4a8dc4d,DELETE,regular-file,build/js/node_modules/webpack/lib/EvalSourceMapDevToolPlugin.js,7318,
f55dcf2d92d1db6773af9614d8faf73a649b9861,DELETE,regular-file,build/js/node_modules/webpack/lib/ExportsInfo.js,46091,
faf4594bbd0a5029ed1d3ad771a6519a656c090e,DELETE,regular-file,build/js/node_modules/webpack/lib/ExportsInfoApiPlugin.js,2577,
cf22c0ca5a7b39795ad88f499243a43af79c028b,DELETE,regular-file,build/js/node_modules/webpack/lib/ExternalModule.js,29189,
9bde3629daefb1148e8878bfd178ded84e958058,DELETE,regular-file,build/js/node_modules/webpack/lib/ExternalModuleFactoryPlugin.js,8977,
01e7469077741cccb6add49273cc40a1c2d94d28,DELETE,regular-file,build/js/node_modules/webpack/lib/ExternalsPlugin.js,899,
9112ca07b9b9244e76b347c1a3bae692a198eaf2,DELETE,regular-file,build/js/node_modules/webpack/lib/FileSystemInfo.js,119232,
eb3ee4cf43ded506d0fe725a1b22acd9ef9a1919,DELETE,regular-file,build/js/node_modules/webpack/lib/FlagAllModulesAsUsedPlugin.js,1539,
aacbb3d2789d7236ea051ecd5ba783ae46846ca2,DELETE,regular-file,build/js/node_modules/webpack/lib/FlagDependencyExportsPlugin.js,13247,
247dbf9052887fd9ce1734499c5525641f26d319,DELETE,regular-file,build/js/node_modules/webpack/lib/FlagDependencyUsagePlugin.js,11067,
d2826d12fb2b9ed3d71ab739bf6b32f451d6b1bd,DELETE,regular-file,build/js/node_modules/webpack/lib/FlagEntryExportAsUsedPlugin.js,1491,
f97a6955fe751180274e809ec84074bc9cd31320,DELETE,regular-file,build/js/node_modules/webpack/lib/Generator.js,5102,
65d7087281dd064b54db5be47dae037eebef2477,DELETE,regular-file,build/js/node_modules/webpack/lib/GraphHelpers.js,1089,
8259beca634c0728089b2ea96c7ad4a4f1d7bb86,DELETE,regular-file,build/js/node_modules/webpack/lib/HarmonyLinkingError.js,357,
84702401a3703e9b81e4e29bf3074dce4344f319,DELETE,regular-file,build/js/node_modules/webpack/lib/HookWebpackError.js,2082,
d339298140c3cf190a9c6ddddaffe5414372fa58,DELETE,regular-file,build/js/node_modules/webpack/lib/HotModuleReplacementPlugin.js,29604,
d939838527d58585efc930c31b257bb12f306302,DELETE,regular-file,build/js/node_modules/webpack/lib/HotUpdateChunk.js,353,
4fd73e7fa8b09e1187264c10fa3b4ae6a703e370,DELETE,regular-file,build/js/node_modules/webpack/lib/IgnoreErrorModuleFactory.js,1046,
8d6bb619edb16877d7c5b292d8ebba268d8e6aec,DELETE,regular-file,build/js/node_modules/webpack/lib/IgnorePlugin.js,2258,
e844a8369e4fc315b4d81153bb83f5f4353de78c,DELETE,regular-file,build/js/node_modules/webpack/lib/IgnoreWarningsPlugin.js,919,
7a5d9630771d2f0ae312f84b878b27c15c4be2f9,DELETE,regular-file,build/js/node_modules/webpack/lib/InitFragment.js,5474,
a69eed58d9272d8ffa8316e5d7e02ca2ec7bcf9d,DELETE,regular-file,build/js/node_modules/webpack/lib/InvalidDependenciesModuleWarning.js,1874,
b8f77bea369fdcb6e779bd81f8db0ec364b9ef82,DELETE,regular-file,build/js/node_modules/webpack/lib/JavascriptMetaInfoPlugin.js,2359,
ab9d2fc57d86e1ca616dcc62548e4c57bbe6ad94,DELETE,regular-file,build/js/node_modules/webpack/lib/LibManifestPlugin.js,4530,
91cc4ab1440c32d544d1b26c4e8782be00b0d18e,DELETE,regular-file,build/js/node_modules/webpack/lib/LibraryTemplatePlugin.js,1588,
dec3bcae0a66fc276bc370c5cc80bbd11ff7177c,DELETE,regular-file,build/js/node_modules/webpack/lib/LoaderOptionsPlugin.js,2274,
e7d3b38c18aa9aa8790094843a5c53e6d74eaa46,DELETE,regular-file,build/js/node_modules/webpack/lib/LoaderTargetPlugin.js,747,
d05ebad2bf99df20ac21269d66ba77dad139ad0f,DELETE,regular-file,build/js/node_modules/webpack/lib/MainTemplate.js,12890,
467158eebfaf42b2e73b2ea3682eee9766f1dfe8,DELETE,regular-file,build/js/node_modules/webpack/lib/Module.js,34126,
b97daa14a1810b0857325dbfa6c54332c203c6f7,DELETE,regular-file,build/js/node_modules/webpack/lib/ModuleBuildError.js,1887,
bb7341db7621d91e51faab1a3885fa2e3a05c8e9,DELETE,regular-file,build/js/node_modules/webpack/lib/ModuleDependencyError.js,1177,
2fc403b9d6638b1be9e8d5f4b1cad735c8991e35,DELETE,regular-file,build/js/node_modules/webpack/lib/ModuleDependencyWarning.js,1292,
f8227a8fc48e89b42066334a791e3eef577d3b32,DELETE,regular-file,build/js/node_modules/webpack/lib/ModuleError.js,1517,
7b08be28be529213fca8d01e9d891bfda0ce7120,DELETE,regular-file,build/js/node_modules/webpack/lib/ModuleFactory.js,1436,
afe3d3453383d40a796696551b88f8f1a50c49ec,DELETE,regular-file,build/js/node_modules/webpack/lib/ModuleFilenameHelpers.js,13835,
783c6e414d6727d167b82b66f40d21d1017ef83a,DELETE,regular-file,build/js/node_modules/webpack/lib/ModuleGraph.js,25600,
1f12ac9e5cc0b813b1f099e821f8ce54802a429b,DELETE,regular-file,build/js/node_modules/webpack/lib/ModuleGraphConnection.js,5660,
77c8f415aff7dad093b7f36bcf7c1b3914360878,DELETE,regular-file,build/js/node_modules/webpack/lib/ModuleHashingError.js,615,
994bfed88cbdd7aa0071bf28791f8a6edfdbc5fe,DELETE,regular-file,build/js/node_modules/webpack/lib/ModuleInfoHeaderPlugin.js,9086,
6fdf241dee80f736024ab1c3b2b44a16b406d425,DELETE,regular-file,build/js/node_modules/webpack/lib/ModuleNotFoundError.js,2690,
d14c763aec827e1b621a0b0eafc62537870680e1,DELETE,regular-file,build/js/node_modules/webpack/lib/ModuleParseError.js,3670,
360991ab0051cf6b3ce74931aa628da91c2c4d59,DELETE,regular-file,build/js/node_modules/webpack/lib/ModuleProfile.js,2503,
2570862d42118c9787963dc66dfbb13044cd99d1,DELETE,regular-file,build/js/node_modules/webpack/lib/ModuleRestoreError.js,1031,
26ca0c8b5d73ecae8d41610b716508d75f96bfee,DELETE,regular-file,build/js/node_modules/webpack/lib/ModuleStoreError.js,1025,
799037710d7d38bbeb601eb8803fadf3339540a5,DELETE,regular-file,build/js/node_modules/webpack/lib/ModuleTemplate.js,5295,
dee3ae9f001b440872836217529ef02ac64aef1e,DELETE,regular-file,build/js/node_modules/webpack/lib/ModuleTypeConstants.js,6625,
9b45a9afdd071239ac9c167018e6253b765c5753,DELETE,regular-file,build/js/node_modules/webpack/lib/ModuleWarning.js,1595,
8c72da319d9a82869cd472f536e74cc39d9be556,DELETE,regular-file,build/js/node_modules/webpack/lib/MultiCompiler.js,18473,
bf4771a5fef4100af2a8c883598123aad0f9ebe4,DELETE,regular-file,build/js/node_modules/webpack/lib/MultiStats.js,5877,
cfe95f17b28b5234181c36afd8e0b4c158a7fa9a,DELETE,regular-file,build/js/node_modules/webpack/lib/MultiWatching.js,1583,
a84eb56c753de1c47af616c0eb8efd6fbb2279c1,DELETE,regular-file,build/js/node_modules/webpack/lib/NoEmitOnErrorsPlugin.js,713,
fdd3fadf9c6de4dc704cc408931b2ccd8437ffef,DELETE,regular-file,build/js/node_modules/webpack/lib/NoModeWarning.js,663,
02b048ec4fd8a58b36d19ce11ac6f9ca63c04140,DELETE,regular-file,build/js/node_modules/webpack/lib/NodeStuffInWebError.js,843,
87a5cd61405b3253e19cedd37f7c8313f49358b1,DELETE,regular-file,build/js/node_modules/webpack/lib/NodeStuffPlugin.js,8365,
eea12c9359dfa2a00947eaff00e425891b268dec,DELETE,regular-file,build/js/node_modules/webpack/lib/NormalModule.js,49153,
323aef7bb45476980c6bdb855a5db68d190327a9,DELETE,regular-file,build/js/node_modules/webpack/lib/NormalModuleFactory.js,39358,
fb44e088db142a49f0de3738a67c19d610f3d7db,DELETE,regular-file,build/js/node_modules/webpack/lib/NormalModuleReplacementPlugin.js,2103,
50f3471be46db797c52f4b01ad6f32fd3bcb1b36,DELETE,regular-file,build/js/node_modules/webpack/lib/NullFactory.js,637,
102d613c5aaa2c8e93ba1cbedac21b25c823aa8a,DELETE,regular-file,build/js/node_modules/webpack/lib/OptimizationStages.js,225,
37a41201f8456d4e19e92ee87a3796daf88980b2,DELETE,regular-file,build/js/node_modules/webpack/lib/OptionsApply.js,201,
892c5fcd329c51484cf1bc5efa82884cbafbe6b9,DELETE,regular-file,build/js/node_modules/webpack/lib/Parser.js,968,
ae601ae8b457d724fc8048af932287af1a6432e5,DELETE,regular-file,build/js/node_modules/webpack/lib/PlatformPlugin.js,894,
4f09fc0c3dc6bd31d68bf7867bfdcf6e3cc072e3,DELETE,regular-file,build/js/node_modules/webpack/lib/PrefetchPlugin.js,1165,
adfc4ec786765ac9f10038cfbc326e84266c6b50,DELETE,regular-file,build/js/node_modules/webpack/lib/ProgressPlugin.js,18898,
28c3ce5d590afd1ee3880a0ce52a6d7d183d334e,DELETE,regular-file,build/js/node_modules/webpack/lib/ProvidePlugin.js,3722,
7b59dbc9140c603c4298391b5933037f9fb78957,DELETE,regular-file,build/js/node_modules/webpack/lib/RawModule.js,5273,
aaace61c89a5984aa37e34ef3b3a64622471da21,DELETE,regular-file,build/js/node_modules/webpack/lib/RecordIdsPlugin.js,6853,
9ef80190feddf34383c4a496a2e6dcac6ed87819,DELETE,regular-file,build/js/node_modules/webpack/lib/RequestShortener.js,755,
c9acc6643dda9b341f2d0870a2741352f196d73d,DELETE,regular-file,build/js/node_modules/webpack/lib/RequireJsStuffPlugin.js,2290,
9651c6a73e8fcddf87a79ae32c449ac2294248de,DELETE,regular-file,build/js/node_modules/webpack/lib/ResolverFactory.js,5172,
7d201f6267ab675cb07cd3727b2601adafa2caa7,DELETE,regular-file,build/js/node_modules/webpack/lib/RuntimeGlobals.js,9816,
34ca2c19b88c135cbec026021d4ab5574447f7cd,DELETE,regular-file,build/js/node_modules/webpack/lib/RuntimeModule.js,6092,
5d9bcefff49ea0f813c7486bbadd21f649853e47,DELETE,regular-file,build/js/node_modules/webpack/lib/RuntimePlugin.js,17009,
e0861814621e00ebc6cee9fc43d6cf520e4141fa,DELETE,regular-file,build/js/node_modules/webpack/lib/RuntimeTemplate.js,34560,
3a10333e20c32e54564dfbe3b8402ee3f49e9cbe,DELETE,regular-file,build/js/node_modules/webpack/lib/SelfModuleFactory.js,844,
65791735c792058cad6d82108065a1182627796e,DELETE,regular-file,build/js/node_modules/webpack/lib/SingleEntryPlugin.js,161,
4c6a748f0ebafe0ed933112e3deba897ddecaeae,DELETE,regular-file,build/js/node_modules/webpack/lib/SizeFormatHelpers.js,584,
e7d722e12a8ec4f6e1d1826da022b8ba42610975,DELETE,regular-file,build/js/node_modules/webpack/lib/SourceMapDevToolModuleOptionsPlugin.js,1529,
a9dd2f6ba664b6f998e1470ea6d90b1dfd777687,DELETE,regular-file,build/js/node_modules/webpack/lib/SourceMapDevToolPlugin.js,18820,
22a36632a97077d45ed09d45d5390b16b19600d6,DELETE,regular-file,build/js/node_modules/webpack/lib/Stats.js,2286,
3b95cfc35b5674b6b7ea9b9873392df160b62902,DELETE,regular-file,build/js/node_modules/webpack/lib/Template.js,13064,
e68fbc79a019707bdb55a7c292966718247e8476,DELETE,regular-file,build/js/node_modules/webpack/lib/TemplatedPathPlugin.js,10144,
80fa07af1884531f8a65c23226a001cca62952b9,DELETE,regular-file,build/js/node_modules/webpack/lib/UnhandledSchemeError.js,833,
2c59f4a80a8e820146290645fda6aabfe01823b1,DELETE,regular-file,build/js/node_modules/webpack/lib/UnsupportedFeatureWarning.js,780,
3db3daa8f62c4b860fee88618e709b8964ecc65f,DELETE,regular-file,build/js/node_modules/webpack/lib/UseStrictPlugin.js,2677,
11af42a590f554199f5e74f2bc1333d35925c0fd,DELETE,regular-file,build/js/node_modules/webpack/lib/WarnCaseSensitiveModulesPlugin.js,1761,
8cad0869908489b6a8c15b5f2dd05d6506307456,DELETE,regular-file,build/js/node_modules/webpack/lib/WarnDeprecatedOptionPlugin.js,1500,
b8685f03990348d374b68bda3b5a3cb909f59885,DELETE,regular-file,build/js/node_modules/webpack/lib/WarnNoModeSetPlugin.js,545,
a7471e9c347964637a5d28bbadbe3193b7fbd707,DELETE,regular-file,build/js/node_modules/webpack/lib/WatchIgnorePlugin.js,4023,
09ade746b324c73dd679a5fb049812f34762776a,DELETE,regular-file,build/js/node_modules/webpack/lib/Watching.js,14646,
d20d816b246f2d2a5b433e479e474eb3aa0a3e8f,DELETE,regular-file,build/js/node_modules/webpack/lib/WebpackError.js,1766,
981cf8f6dffec3de39f7dc776a84c496f398a419,DELETE,regular-file,build/js/node_modules/webpack/lib/WebpackIsIncludedPlugin.js,2779,
0521b8bfbf2030453c0cce8cc0afb02ca2204173,DELETE,regular-file,build/js/node_modules/webpack/lib/WebpackOptionsApply.js,28687,
12fbe698d9318b014e1842820dbdfe6e6b6ffc66,DELETE,regular-file,build/js/node_modules/webpack/lib/WebpackOptionsDefaulter.js,818,
f5727490e7ef9082dbbf8858e9dd43aa89bb5b7f,DELETE,regular-file,build/js/node_modules/webpack/lib/asset/AssetGenerator.js,17452,
490969b2d280082a44477b425e560e0078220f4c,DELETE,regular-file,build/js/node_modules/webpack/lib/asset/AssetModulesPlugin.js,7234,
b4f1d534948d87c83b1e041987971e81dcb0eaac,DELETE,regular-file,build/js/node_modules/webpack/lib/asset/AssetParser.js,2123,
6149a779d7481521fc9aba01b112bfca5cf43034,DELETE,regular-file,build/js/node_modules/webpack/lib/asset/AssetSourceGenerator.js,2659,
c122f0ea4e4d7b0e16b62be4bfa532b6a5e533e5,DELETE,regular-file,build/js/node_modules/webpack/lib/asset/AssetSourceParser.js,1072,
3098b9c200e802695cc7502ea78c68664da95cdc,DELETE,regular-file,build/js/node_modules/webpack/lib/asset/RawDataUrlModule.js,5012,
84abf28107dc2b4db117bf845d762a9a1ff3d33f,DELETE,regular-file,build/js/node_modules/webpack/lib/async-modules/AwaitDependenciesInitFragment.js,2177,
d395e30c474b206c2b94964639c77f2ba59dbf42,DELETE,regular-file,build/js/node_modules/webpack/lib/async-modules/InferAsyncModulesPlugin.js,1372,
8b4916bdbabff2304067950935bcab03cfae7d1d,DELETE,regular-file,build/js/node_modules/webpack/lib/buildChunkGraph.js,41701,
f2283ffcc0d564db45064c72dec710a478ad29a6,DELETE,regular-file,build/js/node_modules/webpack/lib/cache/AddBuildDependenciesPlugin.js,716,
d8e860f5272f0af99e9c590f09f44ee8665d2fb0,DELETE,regular-file,build/js/node_modules/webpack/lib/cache/AddManagedPathsPlugin.js,1117,
3ac59121bafafbdafae3a7dbe0db04242fb41352,DELETE,regular-file,build/js/node_modules/webpack/lib/cache/IdleFileCachePlugin.js,7147,
814f4cddae9fc384943d521fea262b3143f55844,DELETE,regular-file,build/js/node_modules/webpack/lib/cache/MemoryCachePlugin.js,1527,
ddfb80b15f2230aaf034bc2b3e9dc88b17ec4cc3,DELETE,regular-file,build/js/node_modules/webpack/lib/cache/MemoryWithGcCachePlugin.js,4058,
3f340dbcb9de9a2fbd6b60e8e03430299dc7874c,DELETE,regular-file,build/js/node_modules/webpack/lib/cache/PackFileCacheStrategy.js,43360,
3096157f8ef72932c769572057db65eafe55d468,DELETE,regular-file,build/js/node_modules/webpack/lib/cache/ResolverCachePlugin.js,10916,
7fa918b4a19ec418f2bdc80c7bc93fceccfaf220,DELETE,regular-file,build/js/node_modules/webpack/lib/cache/getLazyHashedEtag.js,2188,
9a212f218a4e75a65dc33decb9ffb334976e5a95,DELETE,regular-file,build/js/node_modules/webpack/lib/cache/mergeEtags.js,1428,
c7ff52bc311ee6a7a1b1aa6f1dfb93acd6f0b1c8,DELETE,regular-file,build/js/node_modules/webpack/lib/cli.js,17854,
51b0896ab0cb0985b6d9384bab3d3cc5c2769d2e,DELETE,regular-file,build/js/node_modules/webpack/lib/config/browserslistTargetHandler.js,9011,
f3e21a5d3fe0bb8129334be64cfd34ae1bfc4e46,DELETE,regular-file,build/js/node_modules/webpack/lib/config/defaults.js,48190,
1fa5a3d1f3ef255fe898bfd470d356023ef4ea58,DELETE,regular-file,build/js/node_modules/webpack/lib/config/normalization.js,17763,
bd1de948ba2210c0defecc0f168e05a5e5d6e25b,DELETE,regular-file,build/js/node_modules/webpack/lib/config/target.js,11733,
787d99cffac9dda1e3031eb7c6dc63ebf67f6d69,DELETE,regular-file,build/js/node_modules/webpack/lib/container/ContainerEntryDependency.js,1160,
789abf29778c994f56755a9446f6912dbf7b24f5,DELETE,regular-file,build/js/node_modules/webpack/lib/container/ContainerEntryModule.js,9010,
4febfebe059901510bde0b72e2babfc83a8c7c4f,DELETE,regular-file,build/js/node_modules/webpack/lib/container/ContainerEntryModuleFactory.js,1020,
2cbf04a694df33c04a82db90ad1a75fae558f6d8,DELETE,regular-file,build/js/node_modules/webpack/lib/container/ContainerExposedDependency.js,1509,
953e7c39290c43c2b1e8595117d05244319b860a,DELETE,regular-file,build/js/node_modules/webpack/lib/container/ContainerPlugin.js,2999,
59657c1ffd700e049f89a40ea07c7aaa14639950,DELETE,regular-file,build/js/node_modules/webpack/lib/container/ContainerReferencePlugin.js,4295,
088720f5e327b51d0819bfccf93d9696c348139f,DELETE,regular-file,build/js/node_modules/webpack/lib/container/FallbackDependency.js,1424,
f09f8cf8c3cad0cee4d20634aa9162d8e96b6efc,DELETE,regular-file,build/js/node_modules/webpack/lib/container/FallbackItemDependency.js,617,
59bf27c92ee3e2a2b54d1df6eeecdfe6d890558f,DELETE,regular-file,build/js/node_modules/webpack/lib/container/FallbackModule.js,5996,
6a9eaeca0aeff344b00546aae19c86d0efa9cc9a,DELETE,regular-file,build/js/node_modules/webpack/lib/container/FallbackModuleFactory.js,953,
3652bf58832802ed8680352cdd8b319994afa21e,DELETE,regular-file,build/js/node_modules/webpack/lib/container/ModuleFederationPlugin.js,2906,
86e4acc2b7ef012d6ab7ad2511633acf3875a0b5,DELETE,regular-file,build/js/node_modules/webpack/lib/container/RemoteModule.js,5862,
21370e304ae6214cdd10e182d635c327e18f861b,DELETE,regular-file,build/js/node_modules/webpack/lib/container/RemoteRuntimeModule.js,4832,
df7fd1f81580517d20e008e01d332c4c9715a00e,DELETE,regular-file,build/js/node_modules/webpack/lib/container/RemoteToExternalDependency.js,638,
cb7df0d55fb69ece93f55b831c971e2a157b3729,DELETE,regular-file,build/js/node_modules/webpack/lib/container/options.js,2790,
112aca22787dcfb0a771f1510c47cc181edfeae0,DELETE,regular-file,build/js/node_modules/webpack/lib/css/CssExportsGenerator.js,6538,
16f6ff16d965affcc9729339f10a5a1320738557,DELETE,regular-file,build/js/node_modules/webpack/lib/css/CssGenerator.js,4851,
b3e677caa6338b4dd5466416d1479877dfb4bbf7,DELETE,regular-file,build/js/node_modules/webpack/lib/css/CssLoadingRuntimeModule.js,20497,
213c2178492689e9fe4eb3c26429ca9f0d4df7f4,DELETE,regular-file,build/js/node_modules/webpack/lib/css/CssModulesPlugin.js,26209,
cf7633bf29b95f773ae7ab86abf59b7d1fcb919e,DELETE,regular-file,build/js/node_modules/webpack/lib/css/CssParser.js,29493,
849515386e2e13883c6ba91c14b994f60e13f472,DELETE,regular-file,build/js/node_modules/webpack/lib/css/walkCssTokens.js,20547,
83e363fc17cd4cc061325eceddd0b35985b6e790,DELETE,regular-file,build/js/node_modules/webpack/lib/debug/ProfilingPlugin.js,12225,
4acb15252716afa855a6e2dbde7e7bb88d72d7d2,DELETE,regular-file,build/js/node_modules/webpack/lib/dependencies/AMDDefineDependency.js,8802,
14fbe4af218cded485794cba024a4df875715eac,DELETE,regular-file,build/js/node_modules/webpack/lib/dependencies/AMDDefineDependencyParserPlugin.js,15406,
2ae03b78bc7be7bf7f1ea1d8b49698b47980ba34,DELETE,regular-file,build/js/node_modules/webpack/lib/dependencies/AMDPlugin.js,7233,
a182f6c230f30636d48ce223fabba49ddc150135,DELETE,regular-file,build/js/node_modules/webpack/lib/dependencies/AMDRequireArrayDependency.js,3500,
f040cb6e86119b1724772debdf1de6d2d78d1024,DELETE,regular-file,build/js/node_modules/webpack/lib/dependencies/AMDRequireContextDependency.js,1568,
615660c3c9e4d2fefad4bf4f88f61ee99f02ff81,DELETE,regular-file,build/js/node_modules/webpack/lib/dependencies/AMDRequireDependenciesBlock.js,711,
803ce398bee01fc2dd72653f1a3f32b8c71ce9e7,DELETE,regular-file,build/js/node_modules/webpack/lib/dependencies/AMDRequireDependenciesBlockParserPlugin.js,12343,
930348fc948969f5f4ac7f5f4c098a838387fd71,DELETE,regular-file,build/js/node_modules/webpack/lib/dependencies/AMDRequireDependency.js,5730,
614633ad3246f40bf6bffd89bde5acdeb423fb2e,DELETE,regular-file,build/js/node_modules/webpack/lib/dependencies/AMDRequireItemDependency.js,943,
cec00bb8412c57f144ea22244fa41bf5d7143b0b,DELETE,regular-file,build/js/node_modules/webpack/lib/dependencies/AMDRuntimeModules.js,1095,
60826f5a859736cec24553b2b156f2521495a62b,DELETE,regular-file,build/js/node_modules/webpack/lib/dependencies/CachedConstDependency.js,3501,
0cd457ee73a4ed5627d70340af43fb1236999855,DELETE,regular-file,build/js/node_modules/webpack/lib/dependencies/CommonJsDependencyHelpers.js,1885,
d4f7a73c8fe0f5c7471f3173510c85db8c58c405,DELETE,regular-file,build/js/node_modules/webpack/lib/dependencies/CommonJsExportRequireDependency.js,11804,
93c831b5dfd27940a500384d58d2eac38cf43787,DELETE,regular-file,build/js/node_modules/webpack/lib/dependencies/CommonJsExportsDependency.js,4851,
2e04a4943146d38c2c11d4cd9ffd388782cf1894,DELETE,regular-file,build/js/node_modules/webpack/lib/dependencies/CommonJsExportsParserPlugin.js,14101,
1164eee150e3f6919edc040da4df31542d8d2e5c,DELETE,regular-file,build/js/node_modules/webpack/lib/dependencies/CommonJsFullRequireDependency.js,4703,
5044bcedf451c50b277828f983ae9eb7a6fa4adc,DELETE,regular-file,build/js/node_modules/webpack/lib/dependencies/CommonJsImportsParserPlugin.js,24533,
b148b17b0b949478b008d144fb2e044a3e8bc106,DELETE,regular-file,build/js/node_modules/webpack/lib/dependencies/CommonJsPlugin.js,9380,
14e64285d0d5885160a1f91740413bb59f4c7f29,DELETE,regular-file,build/js/node_modules/webpack/lib/dependencies/CommonJsRequireContextDependency.js,1988,
09545a86e5ee77937c1cb268534629fbc6047097,DELETE,regular-file,build/js/node_modules/webpack/lib/dependencies/CommonJsRequireDependency.js,1001,
b1b368ead67fd005a0be0fa58dc7de66c456302a,DELETE,regular-file,build/js/node_modules/webpack/lib/dependencies/CommonJsSelfReferenceDependency.js,4528,
e41acef3accd716ecea4a92592b7ecd025de0f86,DELETE,regular-file,build/js/node_modules/webpack/lib/dependencies/ConstDependency.js,3638,
fb12467db13ca3d23f03c475af46d63c4bcd1df1,DELETE,regular-file,build/js/node_modules/webpack/lib/dependencies/ContextDependency.js,4639,
ed6353282020a2cc7498c2ab22fc7a5e979e2fd1,DELETE,regular-file,build/js/node_modules/webpack/lib/dependencies/ContextDependencyHelpers.js,7908,
c5d9a5a86fed559383cff08da4893d9c1f45581f,DELETE,regular-file,build/js/node_modules/webpack/lib/dependencies/ContextDependencyTemplateAsId.js,1791,
8907f9f55d8c5478162412f08a0d7cfb2fffc703,DELETE,regular-file,build/js/node_modules/webpack/lib/dependencies/ContextDependencyTemplateAsRequireCall.js,1834,
448ef7c21ae6f3b8c05c16fb6137de7ad5249291,DELETE,regular-file,build/js/node_modules/webpack/lib/dependencies/ContextElementDependency.js,2915,
9abb5c50cf43ebaa9eb005119c9f9e05df3aa58d,DELETE,regular-file,build/js/node_modules/webpack/lib/dependencies/CreateScriptUrlDependency.js,2193,
3299150bd97ae1390915dd82abe31e8f6ecc6f1f,DELETE,regular-file,build/js/node_modules/webpack/lib/dependencies/CriticalDependencyWarning.js,614,
a7cf6dbb843d37fb456ba85bc9dc9e9e047a9d33,DELETE,regular-file,build/js/node_modules/webpack/lib/dependencies/CssExportDependency.js,4611,
c235be412c15a5f271ade8831950a4e047144f62,DELETE,regular-file,build/js/node_modules/webpack/lib/dependencies/CssImportDependency.js,3616,
2b495dd8c3feb7f4819ca25eccd7853e80ad4733,DELETE,regular-file,build/js/node_modules/webpack/lib/dependencies/CssLocalIdentifierDependency.js,7502,
b63ff53a74e22f92bb12af3ad1a14684abcab04a,DELETE,regular-file,build/js/node_modules/webpack/lib/dependencies/CssSelfLocalIdentifierDependency.js,3583,
15fc53aae8ea529ccb8eb7c6531c7e5724d76273,DELETE,regular-file,build/js/node_modules/webpack/lib/dependencies/CssUrlDependency.js,4470,
737f60e7727e75f174a23245b3ca5db76586eb7f,DELETE,regular-file,build/js/node_modules/webpack/lib/dependencies/DelegatedSourceDependency.js,632,
74697042150b387b2cb219980a41d3cfe92512a6,DELETE,regular-file,build/js/node_modules/webpack/lib/dependencies/DllEntryDependency.js,1331,
cdc5e9c98201bfd1ccf994cd8088fd91a57de678,DELETE,regular-file,build/js/node_modules/webpack/lib/dependencies/DynamicExports.js,2064,
f46444945b7ff8bdc5a726fb813a1d4e67066161,DELETE,regular-file,build/js/node_modules/webpack/lib/dependencies/EntryDependency.js,581,
70383e25d3a1989e7df85e26e2ac9507989ca1b2,DELETE,regular-file,build/js/node_modules/webpack/lib/dependencies/ExportsInfoDependency.js,4659,
ce3e37858466a790eac4d5f9b0573fb8c1a35a02,DELETE,regular-file,build/js/node_modules/webpack/lib/dependencies/ExternalModuleDependency.js,3349,
41bbe538e147da9f7e329838df7179149f8c4ae0,DELETE,regular-file,build/js/node_modules/webpack/lib/dependencies/ExternalModuleInitFragment.js,3649,
4817b722d7e7e6c691dfa90a33a425ce4226a0eb,DELETE,regular-file,build/js/node_modules/webpack/lib/dependencies/HarmonyAcceptDependency.js,4170,
03cb0002ddc4661b3f235c1161dc4dac154d8755,DELETE,regular-file,build/js/node_modules/webpack/lib/dependencies/HarmonyAcceptImportDependency.js,1071,
5464f91b1f03fa09e23ad0e9c99250dd7a110e79,DELETE,regular-file,build/js/node_modules/webpack/lib/dependencies/HarmonyCompatibilityDependency.js,2844,
4cf84fc1ec515afa278cabfe377a673c9ed83cc6,DELETE,regular-file,build/js/node_modules/webpack/lib/dependencies/HarmonyDetectionParserPlugin.js,3567,
09ceb8e4aa06d3de68fd8d08d3acb9b6c36186a6,DELETE,regular-file,build/js/node_modules/webpack/lib/dependencies/HarmonyEvaluatedImportSpecifierDependency.js,4703,
0978a5a242ed7b4c41d617fac5f2f85bd09abddb,DELETE,regular-file,build/js/node_modules/webpack/lib/dependencies/HarmonyExportDependencyParserPlugin.js,7228,
12481cf963c1c9179e11f40248b2f04cad5ecdfb,DELETE,regular-file,build/js/node_modules/webpack/lib/dependencies/HarmonyExportExpressionDependency.js,6241,
ae6497966862daa1105f812d69bc63b6f8792205,DELETE,regular-file,build/js/node_modules/webpack/lib/dependencies/HarmonyExportHeaderDependency.js,2341,
a423ad9763f5a72acf1e35e9d9e885da0b49b536,DELETE,regular-file,build/js/node_modules/webpack/lib/dependencies/HarmonyExportImportedSpecifierDependency.js,38824,
8125cc2db8b2e3f49eef83ab9416c5ebeed14069,DELETE,regular-file,build/js/node_modules/webpack/lib/dependencies/HarmonyExportInitFragment.js,4828,
4e742935942f3e9005234ed5e4e0105c24d9771e,DELETE,regular-file,build/js/node_modules/webpack/lib/dependencies/HarmonyExportSpecifierDependency.js,3435,
1f6e6d4acb90d40e690eaf20732c797cfe8d94c3,DELETE,regular-file,build/js/node_modules/webpack/lib/dependencies/HarmonyExports.js,1440,
e9f26fc945986d7ab85667fa784e362a734203f5,DELETE,regular-file,build/js/node_modules/webpack/lib/dependencies/HarmonyImportDependency.js,12018,
c5af07549ef83d1801b9a8327edf3789335598e0,DELETE,regular-file,build/js/node_modules/webpack/lib/dependencies/HarmonyImportDependencyParserPlugin.js,14902,
bf691745ed3b60cf4ae54c0e960c089f60aaa3f3,DELETE,regular-file,build/js/node_modules/webpack/lib/dependencies/HarmonyImportSideEffectDependency.js,3068,
277624e7662479715f04a4bee0e101c785715a8b,DELETE,regular-file,build/js/node_modules/webpack/lib/dependencies/HarmonyImportSpecifierDependency.js,13912,
a3bbd98de822114f36c597e8360907a899347010,DELETE,regular-file,build/js/node_modules/webpack/lib/dependencies/HarmonyModulesPlugin.js,5063,
b8ba18486493445783133ee86d527b500442ed5a,DELETE,regular-file,build/js/node_modules/webpack/lib/dependencies/HarmonyTopLevelThisParserPlugin.js,1105,
a1811e722bc06975bdd70b34a0b9ccbb4e4d3e57,DELETE,regular-file,build/js/node_modules/webpack/lib/dependencies/ImportContextDependency.js,1609,
1368d405a10e0bf53b4d9d5034837e8deeb99af8,DELETE,regular-file,build/js/node_modules/webpack/lib/dependencies/ImportDependency.js,4451,
dd607302029629824954c0b03b412ebc96542e0d,DELETE,regular-file,build/js/node_modules/webpack/lib/dependencies/ImportEagerDependency.js,2420,
ee27ee1573f9dd7d793383d43f5574ab3fb95c22,DELETE,regular-file,build/js/node_modules/webpack/lib/dependencies/ImportMetaContextDependency.js,1083,
753f0430e8db7e0230a0cbd07d577848be1ee0b0,DELETE,regular-file,build/js/node_modules/webpack/lib/dependencies/ImportMetaContextDependencyParserPlugin.js,9423,
ed9ac05da53561a2534a3b3ce3b7e664f7847712,DELETE,regular-file,build/js/node_modules/webpack/lib/dependencies/ImportMetaContextPlugin.js,2132,
70d8199338d05c708562ccf795fd04e2f0ba3c90,DELETE,regular-file,build/js/node_modules/webpack/lib/dependencies/ImportMetaHotAcceptDependency.js,983,
c6c35a250ce17bdf080140f364dd8a9bba467194,DELETE,regular-file,build/js/node_modules/webpack/lib/dependencies/ImportMetaHotDeclineDependency.js,990,
ff9231d21d03ab4fa5674e0e34a18a2492f0c12b,DELETE,regular-file,build/js/node_modules/webpack/lib/dependencies/ImportMetaPlugin.js,8249,
0f92b5d1886945715f831937197bed3584a4c7c2,DELETE,regular-file,build/js/node_modules/webpack/lib/dependencies/ImportParserPlugin.js,11001,
4ee51a8f748ff4d1a70a768e212df2d953496929,DELETE,regular-file,build/js/node_modules/webpack/lib/dependencies/ImportPlugin.js,2692,
0ed3b053f96cd1501b99dea66bd819a8a48f13ae,DELETE,regular-file,build/js/node_modules/webpack/lib/dependencies/ImportWeakDependency.js,2404,
39ce927eb4561424701f5a80cc0655c43c164541,DELETE,regular-file,build/js/node_modules/webpack/lib/dependencies/JsonExportsDependency.js,2701,
7ae66b3d2b00e6e454b463a04980b44d45396157,DELETE,regular-file,build/js/node_modules/webpack/lib/dependencies/LoaderDependency.js,997,
94937922d60d0a1c78d22f9ded556680ea5f61a7,DELETE,regular-file,build/js/node_modules/webpack/lib/dependencies/LoaderImportDependency.js,1042,
1f42a48242808069d7b07bca5a14eb2182cdd698,DELETE,regular-file,build/js/node_modules/webpack/lib/dependencies/LoaderPlugin.js,8290,
7748a06ba6a7cbbb934f4a14b867bb76be18390b,DELETE,regular-file,build/js/node_modules/webpack/lib/dependencies/LocalModule.js,1207,
2cde22fe145a4619ecf108cf77b325a7555a95f8,DELETE,regular-file,build/js/node_modules/webpack/lib/dependencies/LocalModuleDependency.js,2519,
bcb947c2b0291421d860db76974a28b275b420e4,DELETE,regular-file,build/js/node_modules/webpack/lib/dependencies/LocalModulesHelpers.js,1620,
fd2b3fe5f730ad3973597b8d327fb88a62704cdd,DELETE,regular-file,build/js/node_modules/webpack/lib/dependencies/ModuleDecoratorDependency.js,4213,
76b9d17484a5bfea28b46b2606a5105817b78c95,DELETE,regular-file,build/js/node_modules/webpack/lib/dependencies/ModuleDependency.js,2645,
8086fc79717efc69f351e82ae143b2dee49ac47b,DELETE,regular-file,build/js/node_modules/webpack/lib/dependencies/ModuleDependencyTemplateAsId.js,1240,
9e05906cfe1623c1dd0a699e89359fefb808bcdb,DELETE,regular-file,build/js/node_modules/webpack/lib/dependencies/ModuleDependencyTemplateAsRequireId.js,1243,
1916a7e25638c03940fb591edc9b4ff6a937b3bf,DELETE,regular-file,build/js/node_modules/webpack/lib/dependencies/ModuleHotAcceptDependency.js,956,
70423774b4e535003b7920e87541148bae746c28,DELETE,regular-file,build/js/node_modules/webpack/lib/dependencies/ModuleHotDeclineDependency.js,963,
c22cafc7c7a8f9244bcdf56dc221bc50e307f4ba,DELETE,regular-file,build/js/node_modules/webpack/lib/dependencies/NullDependency.js,1282,
59e22c59a796f9d42209d9010e7a3af4a188c308,DELETE,regular-file,build/js/node_modules/webpack/lib/dependencies/PrefetchDependency.js,444,
9f1d3f6e7dc712244eadb82bf8ea711eb067a125,DELETE,regular-file,build/js/node_modules/webpack/lib/dependencies/ProvidedDependency.js,4661,
3c4312c984763f59d931b3d22f720ac3a82582e1,DELETE,regular-file,build/js/node_modules/webpack/lib/dependencies/PureExpressionDependency.js,4818,
9aa883f2edbb3eb1e759443ed4704f52f83978b3,DELETE,regular-file,build/js/node_modules/webpack/lib/dependencies/RequireContextDependency.js,880,
02ce1c1487eb200e2754c379036d5f4424f8e038,DELETE,regular-file,build/js/node_modules/webpack/lib/dependencies/RequireContextDependencyParserPlugin.js,2009,
30e87fb9e8cce9eb24a531e422a4d2837910e694,DELETE,regular-file,build/js/node_modules/webpack/lib/dependencies/RequireContextPlugin.js,4658,
6cf8294e5e7198a2f7beb9b554a941ce16c3a37e,DELETE,regular-file,build/js/node_modules/webpack/lib/dependencies/RequireEnsureDependenciesBlock.js,846,
c81fada8b4922b5dd559e356930e0f089bf1faa2,DELETE,regular-file,build/js/node_modules/webpack/lib/dependencies/RequireEnsureDependenciesBlockParserPlugin.js,4567,
4fcec7731ceb1e7d16a1969a68e64ecf516a7374,DELETE,regular-file,build/js/node_modules/webpack/lib/dependencies/RequireEnsureDependency.js,3321,
f9a465a55c9fddb5a6822ca628314106a13e762a,DELETE,regular-file,build/js/node_modules/webpack/lib/dependencies/RequireEnsureItemDependency.js,765,
5a1dc31dbddcb967861ec22d09a081bde7e8812a,DELETE,regular-file,build/js/node_modules/webpack/lib/dependencies/RequireEnsurePlugin.js,2411,
7bf756035938b8227a8fb037597bc32fb9475aea,DELETE,regular-file,build/js/node_modules/webpack/lib/dependencies/RequireHeaderDependency.js,2249,
3a25e84a8ff66871cf18f60db81ff53b82f75cd2,DELETE,regular-file,build/js/node_modules/webpack/lib/dependencies/RequireIncludeDependency.js,2413,
7b9de2c9324d85ce20cba17a27e6f7dd7e62d46c,DELETE,regular-file,build/js/node_modules/webpack/lib/dependencies/RequireIncludeDependencyParserPlugin.js,2744,
af5bd0215fd0270bde0a57db472a83a2feb14566,DELETE,regular-file,build/js/node_modules/webpack/lib/dependencies/RequireIncludePlugin.js,1813,
dd82e922094b660aa318e94761d70c9ec7301d74,DELETE,regular-file,build/js/node_modules/webpack/lib/dependencies/RequireResolveContextDependency.js,1780,
da0bd319b9d82af6b2c85ffa59ad5beacbb3d3b0,DELETE,regular-file,build/js/node_modules/webpack/lib/dependencies/RequireResolveDependency.js,1620,
2c9524c98ee1d3f16f0f714d4b9fa3177d55b0ef,DELETE,regular-file,build/js/node_modules/webpack/lib/dependencies/RequireResolveHeaderDependency.js,2473,
714567b7140eb95f0f5172126e60962d900538a2,DELETE,regular-file,build/js/node_modules/webpack/lib/dependencies/RuntimeRequirementsDependency.js,2663,
d91b5e43da5821362773cc5cfbae941fc6883e7c,DELETE,regular-file,build/js/node_modules/webpack/lib/dependencies/StaticExportsDependency.js,1972,
7eb1d1410edccd32cf2867f65655a821602b0b4a,DELETE,regular-file,build/js/node_modules/webpack/lib/dependencies/SystemPlugin.js,4717,
a7c3fba72f9171712f0feef82479532bec8c03b1,DELETE,regular-file,build/js/node_modules/webpack/lib/dependencies/SystemRuntimeModule.js,705,
0d5b0a58bfe24a55e787a10b42f4154199b27a89,DELETE,regular-file,build/js/node_modules/webpack/lib/dependencies/URLDependency.js,5071,
abd345e8c09f4c1a6d5a9ae8069391a11ac9c651,DELETE,regular-file,build/js/node_modules/webpack/lib/dependencies/URLPlugin.js,6363,
6796634c9b49dbc5e515ade157d1b05d99992fb0,DELETE,regular-file,build/js/node_modules/webpack/lib/dependencies/UnsupportedDependency.js,2171,
c2452ecd1c606cdc718efd9ebbac0b5c9403d5e3,DELETE,regular-file,build/js/node_modules/webpack/lib/dependencies/WebAssemblyExportImportedDependency.js,2583,
de23f76f19af01ab48c503069983bfd8838e4d3e,DELETE,regular-file,build/js/node_modules/webpack/lib/dependencies/WebAssemblyImportDependency.js,3047,
0b308734ee7a5f8ebe517840327d64b324161389,DELETE,regular-file,build/js/node_modules/webpack/lib/dependencies/WebpackIsIncludedDependency.js,2696,
16693d1a4cb44b590330b010f213a4601a75d0c4,DELETE,regular-file,build/js/node_modules/webpack/lib/dependencies/WorkerDependency.js,4487,
aff03b843e1509f75a20512a88a6c7dde973d65b,DELETE,regular-file,build/js/node_modules/webpack/lib/dependencies/WorkerPlugin.js,17081,
f4495b500ff546acc6bbe6a5457a8746e37c9e17,DELETE,regular-file,build/js/node_modules/webpack/lib/dependencies/getFunctionExpression.js,1920,
9bafcae635a093b8c35da44c5b0b3cd07f19d19e,DELETE,regular-file,build/js/node_modules/webpack/lib/dependencies/processExportInfo.js,1832,
e8c4e844a8715be8dd19b36bf4493583a33b7b36,DELETE,regular-file,build/js/node_modules/webpack/lib/electron/ElectronTargetPlugin.js,1364,
a235fcebbe4411b2dd21b2bf27df7badecfa6833,DELETE,regular-file,build/js/node_modules/webpack/lib/errors/BuildCycleError.js,600,
30a275fa432e1bda34104beace296b5ef4805ada,DELETE,regular-file,build/js/node_modules/webpack/lib/esm/ExportWebpackRequireRuntimeModule.js,643,
e6d11784600c777e91dd3c15bc63158c389a441f,DELETE,regular-file,build/js/node_modules/webpack/lib/esm/ModuleChunkFormatPlugin.js,6531,
b88533a8363a726b45655b21f08aa97bdb4baa50,DELETE,regular-file,build/js/node_modules/webpack/lib/esm/ModuleChunkLoadingPlugin.js,2855,
829a3596591ea0b51a31a7e0c449fe9b1080d857,DELETE,regular-file,build/js/node_modules/webpack/lib/esm/ModuleChunkLoadingRuntimeModule.js,11377,
780d4a475ca1ee2b89ff5457149f71bf7fd2a82b,DELETE,regular-file,build/js/node_modules/webpack/lib/formatLocation.js,1768,
0109b4929ed58553b43f6b928203de771bc36620,DELETE,regular-file,build/js/node_modules/webpack/lib/hmr/HotModuleReplacement.runtime.js,10214,
19d4984c5fa2535657358b85eb9e342e8218f1e2,DELETE,regular-file,build/js/node_modules/webpack/lib/hmr/HotModuleReplacementRuntimeModule.js,1189,
aab249abc7150c10b240089ab494cd197c141f03,DELETE,regular-file,build/js/node_modules/webpack/lib/hmr/JavascriptHotModuleReplacement.runtime.js,13220,
4b2d5c2999061ac9983bae9c3cbaf2b24c6e306d,DELETE,regular-file,build/js/node_modules/webpack/lib/hmr/LazyCompilationPlugin.js,13563,
9e21e6c6e42235137e1fd0e23aafc3b4f1c15514,DELETE,regular-file,build/js/node_modules/webpack/lib/hmr/lazyCompilationBackend.js,5276,
e0922b43be89450c403761de7b6a0adfacf9bc20,DELETE,regular-file,build/js/node_modules/webpack/lib/ids/ChunkModuleIdRangePlugin.js,2508,
735bc5f166a7c327965179f601350244b42efe51,DELETE,regular-file,build/js/node_modules/webpack/lib/ids/DeterministicChunkIdsPlugin.js,1896,
8cf07e082c3522aad02566d71aa51f571c45e742,DELETE,regular-file,build/js/node_modules/webpack/lib/ids/DeterministicModuleIdsPlugin.js,3081,
e3891a4699e692e3dd3d2bb0be2e934d44f3ede6,DELETE,regular-file,build/js/node_modules/webpack/lib/ids/HashedModuleIdsPlugin.js,2531,
78cdaef0508f76046033edcd6e184629894f3448,DELETE,regular-file,build/js/node_modules/webpack/lib/ids/IdHelpers.js,13032,
f55a5875a7f981d7ff2adf24310672ef2ede41aa,DELETE,regular-file,build/js/node_modules/webpack/lib/ids/NamedChunkIdsPlugin.js,2297,
9656b8d917e877bbd1ae69c6f28269644cb40bd2,DELETE,regular-file,build/js/node_modules/webpack/lib/ids/NamedModuleIdsPlugin.js,1869,
5329ac51faf1a279f7ac526a415bee7438856693,DELETE,regular-file,build/js/node_modules/webpack/lib/ids/NaturalChunkIdsPlugin.js,984,
962bcff38fdb91a289faad271c95addb818b7c5e,DELETE,regular-file,build/js/node_modules/webpack/lib/ids/NaturalModuleIdsPlugin.js,1036,
b0acac363ec90ed8386d9603b5a433e19af81ac2,DELETE,regular-file,build/js/node_modules/webpack/lib/ids/OccurrenceChunkIdsPlugin.js,2605,
71fb2ce047af908db95ab2b59d0f45153fe66294,DELETE,regular-file,build/js/node_modules/webpack/lib/ids/OccurrenceModuleIdsPlugin.js,4632,
aa837624e947082231f4a30eeacc280804bb2d27,DELETE,regular-file,build/js/node_modules/webpack/lib/ids/SyncModuleIdsPlugin.js,4357,
00e367a54b36c951c46dc3f61a6c3d5f72b92a8e,DELETE,regular-file,build/js/node_modules/webpack/lib/index.js,18072,
1bb04abaffb5ee7e2418aa74b33a275098f074fc,DELETE,regular-file,build/js/node_modules/webpack/lib/javascript/ArrayPushCallbackChunkFormatPlugin.js,4876,
05dd14cd1942406078ee1b69bb066f9e9e8432b3,DELETE,regular-file,build/js/node_modules/webpack/lib/javascript/BasicEvaluatedExpression.js,14536,
f2e8a12a996e984c8cdda1b368a0294168dc6850,DELETE,regular-file,build/js/node_modules/webpack/lib/javascript/ChunkHelpers.js,949,
75384ab9a50a79c6845e811f2708813f393f7651,DELETE,regular-file,build/js/node_modules/webpack/lib/javascript/CommonJsChunkFormatPlugin.js,4978,
0dc08a380998def5f4b4771127e26ac8c63b7303,DELETE,regular-file,build/js/node_modules/webpack/lib/javascript/EnableChunkLoadingPlugin.js,3717,
b154a60b35c9c16538dd785e14bd3edc3bc04a0b,DELETE,regular-file,build/js/node_modules/webpack/lib/javascript/JavascriptGenerator.js,8115,
da4a17bd118c2d54bd9963926bae5d8a17d643ea,DELETE,regular-file,build/js/node_modules/webpack/lib/javascript/JavascriptModulesPlugin.js,50416,
94b67732ed33c0a6ba59673927854effdd257f1b,DELETE,regular-file,build/js/node_modules/webpack/lib/javascript/JavascriptParser.js,145055,
7028c4dd1586e3ed7622a507920c8d59971d1b1b,DELETE,regular-file,build/js/node_modules/webpack/lib/javascript/JavascriptParserHelpers.js,3783,
f6f759d44bc823a3b86b172ae8aae490ab87e1f3,DELETE,regular-file,build/js/node_modules/webpack/lib/javascript/StartupHelpers.js,4910,
cb39dfc011b628f3aaeeb29cd2da53761f12fe90,DELETE,regular-file,build/js/node_modules/webpack/lib/json/JsonData.js,1887,
c643f5dc8a86f974342b5c9af7f83eb66e5b2014,DELETE,regular-file,build/js/node_modules/webpack/lib/json/JsonGenerator.js,6070,
b87fdc42e619272e64de557b2ddba75c3c2cc46b,DELETE,regular-file,build/js/node_modules/webpack/lib/json/JsonModulesPlugin.js,1540,
77f9fb8f4c71e5ec608cc4e92c0e1d4109f20311,DELETE,regular-file,build/js/node_modules/webpack/lib/json/JsonParser.js,2307,
fbd88a4bb82b31347c0991c03d5132daa263ef21,DELETE,regular-file,build/js/node_modules/webpack/lib/library/AbstractLibraryPlugin.js,8881,
d604c036c77dc41caf1021616bf29887c99092de,DELETE,regular-file,build/js/node_modules/webpack/lib/library/AmdLibraryPlugin.js,5055,
24859bcd73f1fa4b518d71e8083303f1147b20b1,DELETE,regular-file,build/js/node_modules/webpack/lib/library/AssignLibraryPlugin.js,12402,
bbca42cdb403eaed96358746b4e2c094ad45094e,DELETE,regular-file,build/js/node_modules/webpack/lib/library/EnableLibraryPlugin.js,7372,
1fe8945bcc4648da025a03ec0805c42f39f5a87b,DELETE,regular-file,build/js/node_modules/webpack/lib/library/ExportPropertyLibraryPlugin.js,3859,
9757874232de5ba4527378b6e739700f02507b22,DELETE,regular-file,build/js/node_modules/webpack/lib/library/JsonpLibraryPlugin.js,2636,
23a9510c211d3a560782804d051a0b3627dc7cf0,DELETE,regular-file,build/js/node_modules/webpack/lib/library/ModernModuleLibraryPlugin.js,3960,
57afdc3e1a4e2dd764a4a8b5a00590e90123cd5e,DELETE,regular-file,build/js/node_modules/webpack/lib/library/ModuleLibraryPlugin.js,3219,
701b870d5eaf0e2d23187dd5defb6d089a65828b,DELETE,regular-file,build/js/node_modules/webpack/lib/library/SystemLibraryPlugin.js,7212,
4ec1b6911cff2819602662aaff97cc1065062b15,DELETE,regular-file,build/js/node_modules/webpack/lib/library/UmdLibraryPlugin.js,10231,
a19297d8822072636689877e44e41798623eba82,DELETE,regular-file,build/js/node_modules/webpack/lib/logging/Logger.js,5309,
068e8057226f6ed2a92635a9b6cde3ee76a87a34,DELETE,regular-file,build/js/node_modules/webpack/lib/logging/createConsoleLogger.js,5905,
b0c614081f0c05b5aad516f7708320e7f2244be6,DELETE,regular-file,build/js/node_modules/webpack/lib/logging/runtime.js,1197,
d7f1dfbb559e1e71737d0572d524d538e25ee9d2,DELETE,regular-file,build/js/node_modules/webpack/lib/logging/truncateArgs.js,2315,
cd7f787281a7778a152d55584f2061c19b5ad3ea,DELETE,regular-file,build/js/node_modules/webpack/lib/node/CommonJsChunkLoadingPlugin.js,4121,
221b1af0efa1844d446db9e1a3303880cd8a607b,DELETE,regular-file,build/js/node_modules/webpack/lib/node/NodeEnvironmentPlugin.js,2049,
fca1fc9caafcdae95f56738f227bac32a8d43856,DELETE,regular-file,build/js/node_modules/webpack/lib/node/NodeSourcePlugin.js,353,
1cc01810daa99cae394c4a54498e4c9bb96a7876,DELETE,regular-file,build/js/node_modules/webpack/lib/node/NodeTargetPlugin.js,1282,
c784368e373896d39707656532afd3b233a3df67,DELETE,regular-file,build/js/node_modules/webpack/lib/node/NodeTemplatePlugin.js,1047,
d7b59f2c0e674d890501beeb2dcca7528bfd43ee,DELETE,regular-file,build/js/node_modules/webpack/lib/node/NodeWatchFileSystem.js,5286,
fd138b2e899df4c2937bdeb96c7fefb48f439488,DELETE,regular-file,build/js/node_modules/webpack/lib/node/ReadFileChunkLoadingRuntimeModule.js,10309,
61ab8ff0a192bfd06fcede67dbc173c8ad0818ff,DELETE,regular-file,build/js/node_modules/webpack/lib/node/ReadFileCompileAsyncWasmPlugin.js,3428,
0a46399441918a06f800e20a74d0d208deff048d,DELETE,regular-file,build/js/node_modules/webpack/lib/node/ReadFileCompileWasmPlugin.js,3039,
1d4959459d5d79b848f6565a633476206c07ea18,DELETE,regular-file,build/js/node_modules/webpack/lib/node/RequireChunkLoadingRuntimeModule.js,7996,
5f3a162726a806274ab38d578e2ff15a9f6b91d6,DELETE,regular-file,build/js/node_modules/webpack/lib/node/nodeConsole.js,4300,
e0d766a7db0a5044004290d8d6f55bc98aeb59f7,DELETE,regular-file,build/js/node_modules/webpack/lib/optimize/AggressiveMergingPlugin.js,2497,
457f61d212ad4a246760b9817b055c96d1d83634,DELETE,regular-file,build/js/node_modules/webpack/lib/optimize/AggressiveSplittingPlugin.js,10471,
5321875cb584d693700b024dfa1b4138990412d2,DELETE,regular-file,build/js/node_modules/webpack/lib/optimize/ConcatenatedModule.js,59707,
0bc8a384bb607b81edc5cdd996f634e14a8f17c0,DELETE,regular-file,build/js/node_modules/webpack/lib/optimize/EnsureChunkConditionsPlugin.js,2601,
35d5d757de75b599629af5978f37077796a6fdcb,DELETE,regular-file,build/js/node_modules/webpack/lib/optimize/FlagIncludedChunksPlugin.js,3998,
099c5eb18474ba5f63064e372086c052259ac144,DELETE,regular-file,build/js/node_modules/webpack/lib/optimize/InnerGraph.js,9502,
9d24abe3b47bbfc84544ca7b36ceb9769fc1d97b,DELETE,regular-file,build/js/node_modules/webpack/lib/optimize/InnerGraphPlugin.js,13400,
fc555e09aad395ec06f9a4f0e221a342268fee7f,DELETE,regular-file,build/js/node_modules/webpack/lib/optimize/LimitChunkCountPlugin.js,8912,
b1dbff26989ed7b795fc38970d493b04cc5068c5,DELETE,regular-file,build/js/node_modules/webpack/lib/optimize/MangleExportsPlugin.js,5212,
76cc24795280048a751c8784815f7251c1328b65,DELETE,regular-file,build/js/node_modules/webpack/lib/optimize/MergeDuplicateChunksPlugin.js,3600,
b51164c27d933832c88c9434ec386d4523d599d4,DELETE,regular-file,build/js/node_modules/webpack/lib/optimize/MinChunkSizePlugin.js,3335,
2cc845eb9f0e921d5938175a29e6aea0dfab76b1,DELETE,regular-file,build/js/node_modules/webpack/lib/optimize/MinMaxSizeWarning.js,955,
49c145c6e061ea8129dbe83dcb6b061db3086718,DELETE,regular-file,build/js/node_modules/webpack/lib/optimize/ModuleConcatenationPlugin.js,29060,
0cfd1c84f9ff85fb8508aaf7e9b0f6c4a8f92e3e,DELETE,regular-file,build/js/node_modules/webpack/lib/optimize/RealContentHashPlugin.js,14227,
6dbc2ae6aa02df4029ccc311ecec2c1779ff7c33,DELETE,regular-file,build/js/node_modules/webpack/lib/optimize/RemoveEmptyChunksPlugin.js,1337,
8c244ec5077744534269ff4e9c3b6f28781521e9,DELETE,regular-file,build/js/node_modules/webpack/lib/optimize/RemoveParentModulesPlugin.js,6513,
1923e468303f74bc7891953c8240d7e0d012c261,DELETE,regular-file,build/js/node_modules/webpack/lib/optimize/RuntimeChunkPlugin.js,1480,
8bfb6a5502c642000de16571fc428452378c1ea2,DELETE,regular-file,build/js/node_modules/webpack/lib/optimize/SideEffectsFlagPlugin.js,12298,
c37d200e5d412d5c8ddaa17fb3f9a05ad9ec5a5e,DELETE,regular-file,build/js/node_modules/webpack/lib/optimize/SplitChunksPlugin.js,55998,
5b414fc0dfd26f2289066d1ba9e7f20249c2b4cb,DELETE,regular-file,build/js/node_modules/webpack/lib/performance/AssetsOverSizeLimitWarning.js,922,
270e8aaa708a00e82067d31789c29c4ea9711c10,DELETE,regular-file,build/js/node_modules/webpack/lib/performance/EntrypointsOverSizeLimitWarning.js,1084,
a7319d5950bc336494e55b66234e87b2ff1787cb,DELETE,regular-file,build/js/node_modules/webpack/lib/performance/NoAsyncChunksWarning.js,560,
b1371a231fc367f8013a9849c3db15e306f181c1,DELETE,regular-file,build/js/node_modules/webpack/lib/performance/SizeLimitsPlugin.js,4807,
a330b4a4d73bb6d7d915dd6a062cf59b4bf80181,DELETE,regular-file,build/js/node_modules/webpack/lib/prefetch/ChunkPrefetchFunctionRuntimeModule.js,1314,
08e78ef6b9fd570de7bbe92a41be142c0d3a8088,DELETE,regular-file,build/js/node_modules/webpack/lib/prefetch/ChunkPrefetchPreloadPlugin.js,3097,
740bbe8c3c157fc30574e2b83ed6f0906c188469,DELETE,regular-file,build/js/node_modules/webpack/lib/prefetch/ChunkPrefetchStartupRuntimeModule.js,1671,
74eb2bc613f7754918c171783599774c2e7fdfaa,DELETE,regular-file,build/js/node_modules/webpack/lib/prefetch/ChunkPrefetchTriggerRuntimeModule.js,1409,
8509def176dff7239b565e083185b7de56cc20ab,DELETE,regular-file,build/js/node_modules/webpack/lib/prefetch/ChunkPreloadTriggerRuntimeModule.js,1293,
935716baad5c07c170511ffe70495fb0471b69c4,DELETE,regular-file,build/js/node_modules/webpack/lib/rules/BasicEffectRulePlugin.js,1112,
47ac214f6243eeeb2d434a61ffb769bd7d36162c,DELETE,regular-file,build/js/node_modules/webpack/lib/rules/BasicMatcherRulePlugin.js,1573,
984e86f83fa607d311b1ec601c7cb0c5f9c70742,DELETE,regular-file,build/js/node_modules/webpack/lib/rules/ObjectMatcherRulePlugin.js,2096,
7674dd72779f549b552e71c3451a0134d4894764,DELETE,regular-file,build/js/node_modules/webpack/lib/rules/RuleSetCompiler.js,9585,
56f2423de621345207f6406db9b1963abafc49c4,DELETE,regular-file,build/js/node_modules/webpack/lib/rules/UseEffectRulePlugin.js,5805,
79141c76f2e68cd55fb4dab52d4f74dd4cd1a0a7,DELETE,regular-file,build/js/node_modules/webpack/lib/runtime/AsyncModuleRuntimeModule.js,4197,
74b40a1e883362fdae33fb22e08ac3fb58e6370a,DELETE,regular-file,build/js/node_modules/webpack/lib/runtime/AutoPublicPathRuntimeModule.js,3097,
99609b762bd49c34aed0850daa7452b47b240cc0,DELETE,regular-file,build/js/node_modules/webpack/lib/runtime/BaseUriRuntimeModule.js,894,
22149767907410cd07fd6afc204c5f312c0bd655,DELETE,regular-file,build/js/node_modules/webpack/lib/runtime/ChunkNameRuntimeModule.js,573,
1406e051fd96bb5744ccddb871ba1f2989bb0039,DELETE,regular-file,build/js/node_modules/webpack/lib/runtime/CompatGetDefaultExportRuntimeModule.js,1193,
cf386c0886b9463766e39d470edd4a6ac061421a,DELETE,regular-file,build/js/node_modules/webpack/lib/runtime/CompatRuntimeModule.js,2146,
05b811b19b075b577c454d799878433242661b89,DELETE,regular-file,build/js/node_modules/webpack/lib/runtime/CreateFakeNamespaceObjectRuntimeModule.js,2454,
7859e87d411d1244393f4893293b3474c7a9a96e,DELETE,regular-file,build/js/node_modules/webpack/lib/runtime/CreateScriptRuntimeModule.js,952,
4c8960024d90a73dbc7667afc3184cf5d2168e5b,DELETE,regular-file,build/js/node_modules/webpack/lib/runtime/CreateScriptUrlRuntimeModule.js,959,
4dad207a93555552a91ba2e1f99efbedbf6be911,DELETE,regular-file,build/js/node_modules/webpack/lib/runtime/DefinePropertyGettersRuntimeModule.js,1200,
bc6c0ecbdf1e3ec08c5fa3c7584e0a636c3647e8,DELETE,regular-file,build/js/node_modules/webpack/lib/runtime/EnsureChunkRuntimeModule.js,2265,
8ba563e9254c6ac73d405617a5bef50d2e60d231,DELETE,regular-file,build/js/node_modules/webpack/lib/runtime/GetChunkFilenameRuntimeModule.js,9280,
cf9949394fb29ebb0682034578bba704eed7f872,DELETE,regular-file,build/js/node_modules/webpack/lib/runtime/GetFullHashRuntimeModule.js,730,
0a9fdf50bb8fe5d45c71f6ecc08984e9de741fe6,DELETE,regular-file,build/js/node_modules/webpack/lib/runtime/GetMainFilenameRuntimeModule.js,1326,
e8342b3431c9b14757b0dd11294cbbb1a8901e33,DELETE,regular-file,build/js/node_modules/webpack/lib/runtime/GetTrustedTypesPolicyRuntimeModule.js,2797,
89e556c08586c8ec1675b1312faba12a69378d04,DELETE,regular-file,build/js/node_modules/webpack/lib/runtime/GlobalRuntimeModule.js,1167,
78bf3afeb95d8bb2ef9f0e27815ef87d0fb3e311,DELETE,regular-file,build/js/node_modules/webpack/lib/runtime/HasOwnPropertyRuntimeModule.js,858,
012916c9228cb6579267c7fe69067e83d3b51760,DELETE,regular-file,build/js/node_modules/webpack/lib/runtime/HelperRuntimeModule.js,319,
b6b2f3e381c1b9d51870de654b0c77ad3e3f3c92,DELETE,regular-file,build/js/node_modules/webpack/lib/runtime/LoadScriptRuntimeModule.js,5324,
7b43080d02096ec65c27c0f1cb06c9305e280dd7,DELETE,regular-file,build/js/node_modules/webpack/lib/runtime/MakeNamespaceObjectRuntimeModule.js,1099,
238407c1ba6ef22cebcc815e8d80ed8ce162038b,DELETE,regular-file,build/js/node_modules/webpack/lib/runtime/NonceRuntimeModule.js,501,
2224d02bb4a9cc52a8b477f8d346bc46158d5378,DELETE,regular-file,build/js/node_modules/webpack/lib/runtime/OnChunksLoadedRuntimeModule.js,2126,
7ea226161c9f3c0f1b0b76fa44387b3fb11de739,DELETE,regular-file,build/js/node_modules/webpack/lib/runtime/PublicPathRuntimeModule.js,949,
92e32daed9811ca625dd9515c302ab1513dbe491,DELETE,regular-file,build/js/node_modules/webpack/lib/runtime/RelativeUrlRuntimeModule.js,1305,
1923bafca7e60cfc4f06fd7bc98c3fc4493f30fc,DELETE,regular-file,build/js/node_modules/webpack/lib/runtime/RuntimeIdRuntimeModule.js,868,
6fc74cde8ce46f625213b5b2e9dfeb710cee83ad,DELETE,regular-file,build/js/node_modules/webpack/lib/runtime/StartupChunkDependenciesPlugin.js,2714,
da2ec7548ebf4da4d8a28640df97ce9937d5ed8d,DELETE,regular-file,build/js/node_modules/webpack/lib/runtime/StartupChunkDependenciesRuntimeModule.js,2250,
5133767dab3e67c175d5e682b00bea18fbc01d8a,DELETE,regular-file,build/js/node_modules/webpack/lib/runtime/StartupEntrypointRuntimeModule.js,1597,
b7663ffde1c452e23823057d150e88813b6e3c1e,DELETE,regular-file,build/js/node_modules/webpack/lib/runtime/SystemContextRuntimeModule.js,539,
f5db88dc4626e22204a50c912cb44312d01488c2,DELETE,regular-file,build/js/node_modules/webpack/lib/schemes/DataUriPlugin.js,1970,
453abbd3b13b213f5a5fb5df90ff5c76e7603c9c,DELETE,regular-file,build/js/node_modules/webpack/lib/schemes/FileUriPlugin.js,1334,
510b189f242df02e197d7cd519ceeb4f88c7b802,DELETE,regular-file,build/js/node_modules/webpack/lib/schemes/HttpUriPlugin.js,39803,
021c82ca5d4941ae584cd6afb00497f404a56d05,DELETE,regular-file,build/js/node_modules/webpack/lib/serialization/ArraySerializer.js,882,
89798e3095e557f73f347be35f41b84a41794eb7,DELETE,regular-file,build/js/node_modules/webpack/lib/serialization/BinaryMiddleware.js,31197,
c69ccfe8c7cb127c27f154e856a34d136f87b192,DELETE,regular-file,build/js/node_modules/webpack/lib/serialization/DateObjectSerializer.js,657,
b0869155ff440f8a6227d2ba62c15192b2984e3d,DELETE,regular-file,build/js/node_modules/webpack/lib/serialization/ErrorObjectSerializer.js,1275,
b8de8a958d9ef41cf0f6f7ccd53ca2a10e01c8f3,DELETE,regular-file,build/js/node_modules/webpack/lib/serialization/FileMiddleware.js,20485,
0b1f4182b9658db5dac466a8bd9b215ae3183c20,DELETE,regular-file,build/js/node_modules/webpack/lib/serialization/MapObjectSerializer.js,1095,
32adaeaaede0c3f9cda2ed444c43f00c4f20ab55,DELETE,regular-file,build/js/node_modules/webpack/lib/serialization/NullPrototypeObjectSerializer.js,1220,
68f3cd5d12af6cecd273d2e408b9809d83bd74f9,DELETE,regular-file,build/js/node_modules/webpack/lib/serialization/ObjectMiddleware.js,21392,
428825e388ee939c281e167ad7842212b2afbd76,DELETE,regular-file,build/js/node_modules/webpack/lib/serialization/PlainObjectSerializer.js,2723,
5ac7eec5105e3cfa72cb4bbd9cee05fa9f63f99c,DELETE,regular-file,build/js/node_modules/webpack/lib/serialization/RegExpObjectSerializer.js,712,
ce241c67047d23bcae85226beac1b97a8905fc62,DELETE,regular-file,build/js/node_modules/webpack/lib/serialization/Serializer.js,1611,
de56d29e0abd60e6be22d37cf5c36c44d595c19e,DELETE,regular-file,build/js/node_modules/webpack/lib/serialization/SerializerMiddleware.js,4519,
66811b87d160ffd18f7f0a048c8a17bfd4529e00,DELETE,regular-file,build/js/node_modules/webpack/lib/serialization/SetObjectSerializer.js,893,
faf95de6a175fc15a24c46d0cebf589d7dc4d44c,DELETE,regular-file,build/js/node_modules/webpack/lib/serialization/SingleItemMiddleware.js,806,
5f0cfdbc8043e0ab586e9ecf1e68af41dd51aef5,DELETE,regular-file,build/js/node_modules/webpack/lib/serialization/types.js,575,
bd6eefef13f2c6f68571b06e150374dcfdc40bb0,DELETE,regular-file,build/js/node_modules/webpack/lib/sharing/ConsumeSharedFallbackDependency.js,665,
dcf40e7f9d7850402a541ec8f5f0bdec96c982aa,DELETE,regular-file,build/js/node_modules/webpack/lib/sharing/ConsumeSharedModule.js,7950,
efc5249061aa4e66d61eb83ee1aa85eeef9489dd,DELETE,regular-file,build/js/node_modules/webpack/lib/sharing/ConsumeSharedPlugin.js,11309,
7dc3209b50fc96b946375c28a140cb7e98b69a0d,DELETE,regular-file,build/js/node_modules/webpack/lib/sharing/ConsumeSharedRuntimeModule.js,12977,
4de679a6a745872bccb8594d38c1dc44e0f30c82,DELETE,regular-file,build/js/node_modules/webpack/lib/sharing/ProvideForSharedDependency.js,650,
2df18a618ed7bcc03582d9ec7f2142285433972a,DELETE,regular-file,build/js/node_modules/webpack/lib/sharing/ProvideSharedDependency.js,2017,
22848391eb2a7d37e1493f71e24b276721dcf8e6,DELETE,regular-file,build/js/node_modules/webpack/lib/sharing/ProvideSharedModule.js,6058,
d5bcc829f99f95fb4d8facebcfc31564c5a70a68,DELETE,regular-file,build/js/node_modules/webpack/lib/sharing/ProvideSharedModuleFactory.js,1052,
c57b76324ab61d91ffd6f15e0fe53748a0e0e918,DELETE,regular-file,build/js/node_modules/webpack/lib/sharing/ProvideSharedPlugin.js,7347,
65935b30b99842e7decc3daf69ae9450f7bd32d6,DELETE,regular-file,build/js/node_modules/webpack/lib/sharing/SharePlugin.js,2964,
0f63ef68d7d31663dcb82a40d9578462f4698f22,DELETE,regular-file,build/js/node_modules/webpack/lib/sharing/ShareRuntimeModule.js,5038,
a54a76abb41dc640bb845ab31854b15e783718f8,DELETE,regular-file,build/js/node_modules/webpack/lib/sharing/resolveMatchedConfigs.js,2781,
29aa4d6ef1ffe8ad2dd899fd127d2fa3adde6c0d,DELETE,regular-file,build/js/node_modules/webpack/lib/sharing/utils.js,9348,
c52a12d80e4c45a7ae80f8d49a67d92a8f808ede,DELETE,regular-file,build/js/node_modules/webpack/lib/stats/DefaultStatsFactoryPlugin.js,79217,
70e56b8cb3e89f5e160fa3deabad7473b1d47962,DELETE,regular-file,build/js/node_modules/webpack/lib/stats/DefaultStatsPresetPlugin.js,10784,
419311a72a5fdd66c587baedc29dfb230f623e05,DELETE,regular-file,build/js/node_modules/webpack/lib/stats/DefaultStatsPrinterPlugin.js,53472,
18f21fb9df5b488368d58a7e3c7f84be93226aba,DELETE,regular-file,build/js/node_modules/webpack/lib/stats/StatsFactory.js,11407,
f1e736de114a0241b7650796176fe4e5e7e05c2f,DELETE,regular-file,build/js/node_modules/webpack/lib/stats/StatsPrinter.js,9467,
ac32ce9f7a323b8224cee7343db297860410d9d4,DELETE,regular-file,build/js/node_modules/webpack/lib/util/ArrayHelpers.js,1539,
522abf93de2fe5e6fd3499ec57a77ad29dbc1c2d,DELETE,regular-file,build/js/node_modules/webpack/lib/util/ArrayQueue.js,1974,
9a5a260c21bce4f748d85fccf07bc75d8316401b,DELETE,regular-file,build/js/node_modules/webpack/lib/util/AsyncQueue.js,10203,
a0078275327c75c46ecb7af3fbca2cf831988a4b,DELETE,regular-file,build/js/node_modules/webpack/lib/util/Hash.js,925,
ccceb19d575277f0b794201ee10b95de45e50c0d,DELETE,regular-file,build/js/node_modules/webpack/lib/util/IterableHelpers.js,939,
5469010893d9c87e212d22c6043334803f0bc8e4,DELETE,regular-file,build/js/node_modules/webpack/lib/util/LazyBucketSortedSet.js,6020,
72f481a2468da11a5ee9918ef783a5bc8f274c21,DELETE,regular-file,build/js/node_modules/webpack/lib/util/LazySet.js,4904,
259f621d8e085a4ce9fcedebc21928a1f84da4b9,DELETE,regular-file,build/js/node_modules/webpack/lib/util/MapHelpers.js,1087,
d7725b7bfd46d73e5188daece3cc64e4ffa533d9,DELETE,regular-file,build/js/node_modules/webpack/lib/util/ParallelismFactorCalculator.js,1769,
3d0e79dbe6a5101bee8267de58678ccf8c01b46c,DELETE,regular-file,build/js/node_modules/webpack/lib/util/Queue.js,1064,
5277fedb6c686cb9807d2bc5b32150a1d4fa5c72,DELETE,regular-file,build/js/node_modules/webpack/lib/util/Semaphore.js,1025,
cb837429f0b21142be9aa92154a506e8f1695eb4,DELETE,regular-file,build/js/node_modules/webpack/lib/util/SetHelpers.js,2351,
9260c163a0f6625bc60456bb2219ab73c2386b05,DELETE,regular-file,build/js/node_modules/webpack/lib/util/SortableSet.js,3713,
820f0d1b3d89ef7b7f2d7f1986e9154e4b7e56dd,DELETE,regular-file,build/js/node_modules/webpack/lib/util/StackedCacheMap.js,3385,
0f4011d0ce7e81a8cecf81978445e1343cd5381d,DELETE,regular-file,build/js/node_modules/webpack/lib/util/StackedMap.js,3422,
ea5c8f83544d83bfff7b6175c4e372ecf3256c1c,DELETE,regular-file,build/js/node_modules/webpack/lib/util/StringXor.js,3040,
6cdd7ea9f2b9ae874419c94efeb22c444dc835d6,DELETE,regular-file,build/js/node_modules/webpack/lib/util/TupleQueue.js,1333,
803ae194ec7132a417773ee1e430e86e41d192f1,DELETE,regular-file,build/js/node_modules/webpack/lib/util/TupleSet.js,3124,
f5cec7e4be09a329e6f36426d9d71d5f2284e198,DELETE,regular-file,build/js/node_modules/webpack/lib/util/URLAbsoluteSpecifier.js,2541,
ac64e8695df5c5ed9b96de5d439de56eb6744bf3,DELETE,regular-file,build/js/node_modules/webpack/lib/util/WeakTupleMap.js,4090,
c61623c1bf51d26cbaf04481bf2cadfd971ee806,DELETE,regular-file,build/js/node_modules/webpack/lib/util/binarySearchBounds.js,4223,
295233b7d1cbf0de608ff919fd3360f9ad39ee01,DELETE,regular-file,build/js/node_modules/webpack/lib/util/chainedImports.js,4281,
67479a1e0c242087b29823cbbc5f6c791578565f,DELETE,regular-file,build/js/node_modules/webpack/lib/util/cleverMerge.js,17225,
8d228026e4f126fb94928f773cc8a89e4b9cfb54,DELETE,regular-file,build/js/node_modules/webpack/lib/util/comparators.js,13931,
e388602f246f9a59d1a92afcfa00e0a3ab1f44b0,DELETE,regular-file,build/js/node_modules/webpack/lib/util/compileBooleanMatcher.js,6605,
4f78df1c095d4d1781cc448ff0be26f322843fd2,DELETE,regular-file,build/js/node_modules/webpack/lib/util/conventions.js,2964,
290eaf47d651d18c89c1e4afb75bd65a1a439393,DELETE,regular-file,build/js/node_modules/webpack/lib/util/create-schema-validation.js,711,
991a1a2dbd8eed3efa2208aacfc580af94d42e2b,DELETE,regular-file,build/js/node_modules/webpack/lib/util/createHash.js,5586,
35d694adc7dfdc25b03040c41dfa35fe62e971ba,DELETE,regular-file,build/js/node_modules/webpack/lib/util/deprecation.js,7043,
b69be02889945fdaad5c3e892428a7c98521e117,DELETE,regular-file,build/js/node_modules/webpack/lib/util/deterministicGrouping.js,14907,
ade0a7cf25c2cafc13881ae444ec93fd7fd1241f,DELETE,regular-file,build/js/node_modules/webpack/lib/util/extractUrlAndGlobal.js,531,
795f99055ffc7a759c12c7854e60e14e4f33a581,DELETE,regular-file,build/js/node_modules/webpack/lib/util/findGraphRoots.js,6164,
3a1c3ab8fc0f118bb7158508b8742c0959dcee00,DELETE,regular-file,build/js/node_modules/webpack/lib/util/fs.js,23259,
cc030f8bd7da2093403bf17262500dbf116e27da,DELETE,regular-file,build/js/node_modules/webpack/lib/util/hash/BatchedHash.js,1738,
425edc3b9ba1b131b574a5cc268e87d6e8795da9,DELETE,regular-file,build/js/node_modules/webpack/lib/util/hash/md4.js,3265,
8b5e1388e45464b8a062a8d3ce5a73bc1b9a5dbd,DELETE,regular-file,build/js/node_modules/webpack/lib/util/hash/wasm-hash.js,4563,
b9262b8753ceec6b80f56f37101d15fa79058b4f,DELETE,regular-file,build/js/node_modules/webpack/lib/util/hash/xxhash64.js,1961,
e94a63b503489819676903b5b241bfa834d2066d,DELETE,regular-file,build/js/node_modules/webpack/lib/util/identifier.js,12031,
1cd63dbd5d562b79b08fcfd031e0882cc19a6fb5,DELETE,regular-file,build/js/node_modules/webpack/lib/util/internalSerializables.js,11131,
c1d777963abdfaf86499bed510cd3a80142d3d4d,DELETE,regular-file,build/js/node_modules/webpack/lib/util/makeSerializable.js,968,
c79d1fd80377f45e94fec42a6560d2e44d90c19f,DELETE,regular-file,build/js/node_modules/webpack/lib/util/memoize.js,626,
a1a1d2cc011cd166a4a9f8021e003e4c149c7166,DELETE,regular-file,build/js/node_modules/webpack/lib/util/mergeScope.js,2017,
ec8ca745ffc6e3d8554db18339b4221767625dc9,DELETE,regular-file,build/js/node_modules/webpack/lib/util/nonNumericOnlyHash.js,562,
950d14bf8bb2e4a70678a001f9562b87ecbb5174,DELETE,regular-file,build/js/node_modules/webpack/lib/util/numberHash.js,2926,
19ce8e08f7739420dd251131b02ce2555e020845,DELETE,regular-file,build/js/node_modules/webpack/lib/util/objectToMap.js,343,
38253865231ccef845e524847c51f0fb2481b69b,DELETE,regular-file,build/js/node_modules/webpack/lib/util/processAsyncTree.js,1591,
0cf647bd9e09ac518dbbeefddcd2318ed617bd03,DELETE,regular-file,build/js/node_modules/webpack/lib/util/propertyAccess.js,727,
4ee9e3f54850850478d78334110600f1a32e2adc,DELETE,regular-file,build/js/node_modules/webpack/lib/util/propertyName.js,1341,
711bcfa210abc4a2636b9c6b6957d34c7ecb5b60,DELETE,regular-file,build/js/node_modules/webpack/lib/util/registerExternalSerializer.js,7907,
2b5dc4e3aaf4d15da0631de42ad0d2e9ccef560b,DELETE,regular-file,build/js/node_modules/webpack/lib/util/runtime.js,16009,
8050c266601e66506bb79f37d8c627e6ac026586,DELETE,regular-file,build/js/node_modules/webpack/lib/util/semver.js,15974,
597f0390476e8bc83c02e0342aaa0c29ffdefc0a,DELETE,regular-file,build/js/node_modules/webpack/lib/util/serialization.js,4709,
f75648c45b8ba58b309e27cfb331df40948a49d4,DELETE,regular-file,build/js/node_modules/webpack/lib/util/smartGrouping.js,5260,
b9516786ba181d464a203378a3e924c46f9e5fb9,DELETE,regular-file,build/js/node_modules/webpack/lib/util/source.js,1766,
fae211a358ad8659b235f1dde8f6fe3dde40d587,DELETE,regular-file,build/js/node_modules/webpack/lib/validateSchema.js,6494,
bf294381068ecf822d1145781d8a3ca6959753fc,DELETE,regular-file,build/js/node_modules/webpack/lib/wasm-async/AsyncWasmLoadingRuntimeModule.js,3651,
b29e8a00fb69132484f53c5f0232ae9117d83db2,DELETE,regular-file,build/js/node_modules/webpack/lib/wasm-async/AsyncWebAssemblyGenerator.js,1483,
f3f908f05b0634c91e7db8e1dba5c31154a8e94a,DELETE,regular-file,build/js/node_modules/webpack/lib/wasm-async/AsyncWebAssemblyJavascriptGenerator.js,6226,
74a612757e9535d6c1cd0e6a87f5a71f24051964,DELETE,regular-file,build/js/node_modules/webpack/lib/wasm-async/AsyncWebAssemblyModulesPlugin.js,6694,
40f1c79eacca48e8373c43e49b209146a61000b2,DELETE,regular-file,build/js/node_modules/webpack/lib/wasm-async/AsyncWebAssemblyParser.js,2392,
5174862ca5c69dbab3784109071603b8ba665cea,DELETE,regular-file,build/js/node_modules/webpack/lib/wasm-sync/UnsupportedWebAssemblyFeatureError.js,388,
654a6204f638bb5d68c7059a5a7aecc92d160402,DELETE,regular-file,build/js/node_modules/webpack/lib/wasm-sync/WasmChunkLoadingRuntimeModule.js,12512,
7e5668798be0968869b8443c401a99ba095136de,DELETE,regular-file,build/js/node_modules/webpack/lib/wasm-sync/WasmFinalizeExportsPlugin.js,2881,
dee5a2b14a6a750315878e02adc261e801c0722b,DELETE,regular-file,build/js/node_modules/webpack/lib/wasm-sync/WebAssemblyGenerator.js,13597,
9d78ed205f4e6acb6fa1cb4f0ab1d22f9f0814e2,DELETE,regular-file,build/js/node_modules/webpack/lib/wasm-sync/WebAssemblyInInitialChunkError.js,3198,
e5d53f860681bd7659b28a2007580a5020e213be,DELETE,regular-file,build/js/node_modules/webpack/lib/wasm-sync/WebAssemblyJavascriptGenerator.js,6776,
dc3ff32ef5f4291c48e3c269be366c5f9a69f4df,DELETE,regular-file,build/js/node_modules/webpack/lib/wasm-sync/WebAssemblyModulesPlugin.js,4560,
b7dc394ec6537b89e992d72e575991353d77ec82,DELETE,regular-file,build/js/node_modules/webpack/lib/wasm-sync/WebAssemblyParser.js,5769,
a67f3557268889fb48051de1859da64f4a42fe51,DELETE,regular-file,build/js/node_modules/webpack/lib/wasm-sync/WebAssemblyUtils.js,1890,
fc83d9f06b7d39ddc256225280b4fde026e46d71,DELETE,regular-file,build/js/node_modules/webpack/lib/wasm/EnableWasmLoadingPlugin.js,3889,
94aafc024688a86b4811c6e7a767d5ed18517470,DELETE,regular-file,build/js/node_modules/webpack/lib/web/FetchCompileAsyncWasmPlugin.js,2047,
8acb9a711867124a1332610ba288f0e86087bd19,DELETE,regular-file,build/js/node_modules/webpack/lib/web/FetchCompileWasmPlugin.js,2392,
57b75f81f400d0b12a2bbb4cc7a7e8d2b59eb9f8,DELETE,regular-file,build/js/node_modules/webpack/lib/web/JsonpChunkLoadingPlugin.js,3449,
c6d8eeb5dbf99e09e6e2fa8268cf63a64e14b73f,DELETE,regular-file,build/js/node_modules/webpack/lib/web/JsonpChunkLoadingRuntimeModule.js,16856,
eeed68a28ba65f2089970b85e21ca7c55e079fdf,DELETE,regular-file,build/js/node_modules/webpack/lib/web/JsonpTemplatePlugin.js,1242,
7396300a0b9b4b26df768e1ea20494a628ace88f,DELETE,regular-file,build/js/node_modules/webpack/lib/webpack.js,6129,
ddb6cf51a7d429cbc16b5a03b4dcf6eafe9ee9cb,DELETE,regular-file,build/js/node_modules/webpack/lib/webworker/ImportScriptsChunkLoadingPlugin.js,3760,
7d2ae3a3d61ec1c780db00f37486ff0a7440785b,DELETE,regular-file,build/js/node_modules/webpack/lib/webworker/ImportScriptsChunkLoadingRuntimeModule.js,8597,
382c81243e85718a186bfe364891499a4dc6d5a7,DELETE,regular-file,build/js/node_modules/webpack/lib/webworker/WebWorkerTemplatePlugin.js,742,
07a8edabc1c5ce407d53567aeb24b80b0056e42b,DELETE,regular-file,build/js/node_modules/webpack/node_modules/ajv-keywords/index.js,761,
e731a8a00a488598e56cb7cdafe2e4f9897f961b,DELETE,regular-file,build/js/node_modules/webpack/node_modules/ajv-keywords/keywords/_formatLimit.js,2309,
dd52df720acdf2975d256988fa80ec204b3ddf69,DELETE,regular-file,build/js/node_modules/webpack/node_modules/ajv-keywords/keywords/_util.js,402,
afc73ebf9047b1830ba64c65e4d954fd1bfd6a36,DELETE,regular-file,build/js/node_modules/webpack/node_modules/ajv-keywords/keywords/allRequired.js,474,
acc55a921b860a4182481d21f75446fcf41c7eb7,DELETE,regular-file,build/js/node_modules/webpack/node_modules/ajv-keywords/keywords/anyRequired.js,531,
e5aff6055b4d01773dd1fe1928bfe0527c65773c,DELETE,regular-file,build/js/node_modules/webpack/node_modules/ajv-keywords/keywords/deepProperties.js,1358,
29e8ab56007c618bf5f05f5de28cca1e7029e63e,DELETE,regular-file,build/js/node_modules/webpack/node_modules/ajv-keywords/keywords/deepRequired.js,1293,
d2af6388962a8d0ed069190faa6f4b41fcb57002,DELETE,regular-file,build/js/node_modules/webpack/node_modules/ajv-keywords/keywords/dotjs/_formatLimit.js,7350,
31bd0b683a9b1516eff94ef830a0955e8c90a23e,DELETE,regular-file,build/js/node_modules/webpack/node_modules/ajv-keywords/keywords/dotjs/patternRequired.js,2608,
0a3fb80cdaa4e7aee3a95ca260235df815502117,DELETE,regular-file,build/js/node_modules/webpack/node_modules/ajv-keywords/keywords/dotjs/switch.js,5854,
5323bb8c67f36e19dc47a704b3543a6cef8c6956,DELETE,regular-file,build/js/node_modules/webpack/node_modules/ajv-keywords/keywords/dynamicDefaults.js,2008,
e7daabf85baa8066d33ec25145074a90ef1a1458,DELETE,regular-file,build/js/node_modules/webpack/node_modules/ajv-keywords/keywords/formatMaximum.js,70,
eddd6e404b33522e45c398950f30865f59a304c9,DELETE,regular-file,build/js/node_modules/webpack/node_modules/ajv-keywords/keywords/formatMinimum.js,70,
99534ec233aba114c5847967f673fdd3f621cff0,DELETE,regular-file,build/js/node_modules/webpack/node_modules/ajv-keywords/keywords/index.js,770,
ea88f5ca39623440b941bb300553352c9c15a873,DELETE,regular-file,build/js/node_modules/webpack/node_modules/ajv-keywords/keywords/instanceof.js,1328,
5468463bd40a527ecf089edd8f5ebe5f78bc5686,DELETE,regular-file,build/js/node_modules/webpack/node_modules/ajv-keywords/keywords/oneRequired.js,531,
046f313fd2fc197a511cbcc59929ad677179eb3d,DELETE,regular-file,build/js/node_modules/webpack/node_modules/ajv-keywords/keywords/patternRequired.js,412,
775e13847f3618581add4bb206db8463a25568e7,DELETE,regular-file,build/js/node_modules/webpack/node_modules/ajv-keywords/keywords/prohibited.js,544,
9c1fd3ffdd3c5808fb773244b746968eb017793c,DELETE,regular-file,build/js/node_modules/webpack/node_modules/ajv-keywords/keywords/range.js,985,
973628c3b64c4a31f28109215c3fcf2ac2fc7bf7,DELETE,regular-file,build/js/node_modules/webpack/node_modules/ajv-keywords/keywords/regexp.js,959,
f79c6c7a02e8ac127a99d8c54322d38074f5ad8f,DELETE,regular-file,build/js/node_modules/webpack/node_modules/ajv-keywords/keywords/select.js,2215,
5b0f3f830b18a72715b2129339b1809afc6ba463,DELETE,regular-file,build/js/node_modules/webpack/node_modules/ajv-keywords/keywords/switch.js,817,
d715452b3bbfb3074aab12ece9c649df091c5b46,DELETE,regular-file,build/js/node_modules/webpack/node_modules/ajv-keywords/keywords/transform.js,2152,
3a3574d83fa135d5da4b71e5e80764621900a50d,DELETE,regular-file,build/js/node_modules/webpack/node_modules/ajv-keywords/keywords/typeof.js,818,
cd670dac64cee6d985e4c14cccd49a85acc9df2e,DELETE,regular-file,build/js/node_modules/webpack/node_modules/ajv-keywords/keywords/uniqueItemProperties.js,1845,
aa11812d87bbcf4d5110d0ee080d6185d94543a7,DELETE,regular-file,build/js/node_modules/webpack/node_modules/ajv/.tonic_example.js,439,
e4d9d156ff7578154a2052cf6ad00f972be63885,DELETE,regular-file,build/js/node_modules/webpack/node_modules/ajv/dist/ajv.bundle.js,272665,
7a60eb8a2bd81f0bc7d8ff71704e0dbc54047702,DELETE,regular-file,build/js/node_modules/webpack/node_modules/ajv/dist/ajv.min.js,121997,
06a45b650b3ac57561a53155e5a91827c0a74b18,DELETE,regular-file,build/js/node_modules/webpack/node_modules/ajv/lib/ajv.js,15837,
7558874c73fa65872d137ed7d40c97e2846511dc,DELETE,regular-file,build/js/node_modules/webpack/node_modules/ajv/lib/cache.js,409,
6a30b8892bbe62740c227f11f05d519d826de305,DELETE,regular-file,build/js/node_modules/webpack/node_modules/ajv/lib/compile/async.js,2644,
d6c2acef8741a5fcfbf8181649215b05e61e460c,DELETE,regular-file,build/js/node_modules/webpack/node_modules/ajv/lib/compile/equal.js,176,
0b0ec4e4e38fa75e1ae66b7d9fcf79333dac2f70,DELETE,regular-file,build/js/node_modules/webpack/node_modules/ajv/lib/compile/error_classes.js,828,
de94a63bbc3adaef534d38c18fb63a57c8ca6e69,DELETE,regular-file,build/js/node_modules/webpack/node_modules/ajv/lib/compile/formats.js,12081,
97518c42479dbbec8cb30e9fd2bb070479e385e1,DELETE,regular-file,build/js/node_modules/webpack/node_modules/ajv/lib/compile/index.js,10695,
66f2aee9b6a61243b1bc84fdd07373d43c069fea,DELETE,regular-file,build/js/node_modules/webpack/node_modules/ajv/lib/compile/resolve.js,7847,
08b25aeb912f7283e62764b4fd1a6db66bfc7f06,DELETE,regular-file,build/js/node_modules/webpack/node_modules/ajv/lib/compile/rules.js,2021,
e7903b0f46b4ed31556b276289d17c0a29f2f642,DELETE,regular-file,build/js/node_modules/webpack/node_modules/ajv/lib/compile/schema_obj.js,133,
d193fb170008b388109f1cd93f1b95f447dcd6c8,DELETE,regular-file,build/js/node_modules/webpack/node_modules/ajv/lib/compile/ucs2length.js,558,
ef07b8c75797239e79fa51e7ab0473c4f3745b74,DELETE,regular-file,build/js/node_modules/webpack/node_modules/ajv/lib/compile/util.js,6974,
f11142bec75cb67ffc3fcdf613bf97db78cdcfa8,DELETE,regular-file,build/js/node_modules/webpack/node_modules/ajv/lib/data.js,1048,
ad86d4f0b1f7466ca06bcbc897c36a85151c01be,DELETE,regular-file,build/js/node_modules/webpack/node_modules/ajv/lib/definition_schema.js,872,
05a1979dcb8e922a048a95120bf8a29f093a267a,DELETE,regular-file,build/js/node_modules/webpack/node_modules/ajv/lib/dotjs/_limit.js,7395,
e092a559ea0ae07ac8042d1e8935e80f5a6d08a5,DELETE,regular-file,build/js/node_modules/webpack/node_modules/ajv/lib/dotjs/_limitItems.js,2704,
ecbd3fe1906f346724d23c338b9fa17e02a92357,DELETE,regular-file,build/js/node_modules/webpack/node_modules/ajv/lib/dotjs/_limitLength.js,2825,
d232755ad0b21ef7d4bc4dd4bffe38c6664fc1a9,DELETE,regular-file,build/js/node_modules/webpack/node_modules/ajv/lib/dotjs/_limitProperties.js,2742,
fb8c2e4bbefe95fbf3e0004ecbfdfa7f6f0902f8,DELETE,regular-file,build/js/node_modules/webpack/node_modules/ajv/lib/dotjs/allOf.js,1349,
0600a9d42bce5b07e496f64bc54a4a983211dd2c,DELETE,regular-file,build/js/node_modules/webpack/node_modules/ajv/lib/dotjs/anyOf.js,2925,
dd66bb8f0f951a4a22482e15e1c33585f934d558,DELETE,regular-file,build/js/node_modules/webpack/node_modules/ajv/lib/dotjs/comment.js,573,
15b7c619fff050cd69ae61581a873e4806821f57,DELETE,regular-file,build/js/node_modules/webpack/node_modules/ajv/lib/dotjs/const.js,2113,
7d763009073aa324d9147c26e102055aa607a287,DELETE,regular-file,build/js/node_modules/webpack/node_modules/ajv/lib/dotjs/contains.js,3370,
f3e641e701709c9defa346efe3d25438a53de97e,DELETE,regular-file,build/js/node_modules/webpack/node_modules/ajv/lib/dotjs/custom.js,9770,
e4829497b0727c7d45a99c1ca9c54aa19675ac9c,DELETE,regular-file,build/js/node_modules/webpack/node_modules/ajv/lib/dotjs/dependencies.js,7720,
90580b9ff7940f11b2c15372dab46a2968a262bc,DELETE,regular-file,build/js/node_modules/webpack/node_modules/ajv/lib/dotjs/enum.js,2586,
cd9a5693e70e90a4ca369a33cc15688f5081ba1a,DELETE,regular-file,build/js/node_modules/webpack/node_modules/ajv/lib/dotjs/format.js,5565,
94d27ad853836ddbcceafc56d244af16f00fb367,DELETE,regular-file,build/js/node_modules/webpack/node_modules/ajv/lib/dotjs/if.js,4159,
2fb1b00ef69f67070e7f86c89cd371dcd9f7bd59,DELETE,regular-file,build/js/node_modules/webpack/node_modules/ajv/lib/dotjs/index.js,1100,
bee5d67da246f354c106e70ad5b1979ef901554c,DELETE,regular-file,build/js/node_modules/webpack/node_modules/ajv/lib/dotjs/items.js,6214,
9d6401b8f723f0189387c201849868d81ce2c536,DELETE,regular-file,build/js/node_modules/webpack/node_modules/ajv/lib/dotjs/multipleOf.js,2807,
f50c93785b7129b8de3c1429d25199f3e32a9b41,DELETE,regular-file,build/js/node_modules/webpack/node_modules/ajv/lib/dotjs/not.js,3460,
dfe2fd550ef2894b2ae273c9602216a4302e2d54,DELETE,regular-file,build/js/node_modules/webpack/node_modules/ajv/lib/dotjs/oneOf.js,3188,
1d74d6b04be0ac773ce020f4a855b1d64899fc63,DELETE,regular-file,build/js/node_modules/webpack/node_modules/ajv/lib/dotjs/pattern.js,2586,
bc5ee55478090bd9dad1b7bb4653195f6aed5c7e,DELETE,regular-file,build/js/node_modules/webpack/node_modules/ajv/lib/dotjs/properties.js,15121,
2a54a08f45e5495f24a0d3ed60a1ec3f7bf9cfc9,DELETE,regular-file,build/js/node_modules/webpack/node_modules/ajv/lib/dotjs/propertyNames.js,3607,
8042a4788250a166b25048b40187de745cb3ad42,DELETE,regular-file,build/js/node_modules/webpack/node_modules/ajv/lib/dotjs/ref.js,4711,
14873eee3d528e390adc692b011f58e93126bd0b,DELETE,regular-file,build/js/node_modules/webpack/node_modules/ajv/lib/dotjs/required.js,12395,
0736a0ed2333c6d700df13dc3c1d0e3c758d8d5b,DELETE,regular-file,build/js/node_modules/webpack/node_modules/ajv/lib/dotjs/uniqueItems.js,3694,
f295824b9325af95bb2ab066eacdf4bb476fdb21,DELETE,regular-file,build/js/node_modules/webpack/node_modules/ajv/lib/dotjs/validate.js,20018,
06da9a2dfbe5cc59f86b6bd5fc062ca8f20b2762,DELETE,regular-file,build/js/node_modules/webpack/node_modules/ajv/lib/keyword.js,3911,
e381a762d26fde7f38a5ab38c31f31d75bcba2a6,DELETE,regular-file,build/js/node_modules/webpack/node_modules/ajv/scripts/bundle.js,1795,
5a21a7dddfc23999856226c495fd2c3acf01443f,DELETE,regular-file,build/js/node_modules/webpack/node_modules/ajv/scripts/compile-dots.js,2431,
d4a18dfc7b1c5381b32f62db6aa54ba9251d604a,DELETE,regular-file,build/js/node_modules/webpack/node_modules/json-schema-traverse/index.js,2373,
c51430cdc3d34f28f8010c3c7c472f3cfbf84bd0,DELETE,regular-file,build/js/node_modules/webpack/node_modules/json-schema-traverse/spec/fixtures/schema.js,5544,
c76b64fc8496ca677ca2d9c0cb620a565530f3fa,DELETE,regular-file,build/js/node_modules/webpack/node_modules/json-schema-traverse/spec/index.spec.js,6042,
bd4086fcbf3f9513089fbd80975fed610a1120e7,DELETE,regular-file,build/js/node_modules/webpack/node_modules/schema-utils/dist/ValidationError.js,36623,
94d676f350a271bf5646169463a9621f4853e34d,DELETE,regular-file,build/js/node_modules/webpack/node_modules/schema-utils/dist/index.js,246,
0a912da72e25833bddc3fcb5bc1be65877d5906c,DELETE,regular-file,build/js/node_modules/webpack/node_modules/schema-utils/dist/keywords/absolutePath.js,2419,
1d54aabc8d404c52f293e77f4e6b7af7f66de31e,DELETE,regular-file,build/js/node_modules/webpack/node_modules/schema-utils/dist/keywords/undefinedAsNull.js,2096,
14b243198f7b255e6ba8ae8f1e7a0e2c0db7fc90,DELETE,regular-file,build/js/node_modules/webpack/node_modules/schema-utils/dist/util/Range.js,4069,
4317b86f022542e954490440af626b899dd2aebe,DELETE,regular-file,build/js/node_modules/webpack/node_modules/schema-utils/dist/util/hints.js,2979,
cb091450a19f5e6f6057cdffa989ac6e60e9b913,DELETE,regular-file,build/js/node_modules/webpack/node_modules/schema-utils/dist/validate.js,6313,
a00a2860ea75ebe87e1cf2f3db2dd270996a53d9,DELETE,regular-file,build/js/node_modules/webpack/schemas/WebpackOptions.check.js,292026,
69e04d21c0110e6cab3162b1f212113899e7f316,DELETE,regular-file,build/js/node_modules/webpack/schemas/plugins/BannerPlugin.check.js,4767,
c1a4603988858434d8c31bcc774a0227629bc739,DELETE,regular-file,build/js/node_modules/webpack/schemas/plugins/DllPlugin.check.js,1681,
6e8734cdc8157979a659293f5bcad71f2310f303,DELETE,regular-file,build/js/node_modules/webpack/schemas/plugins/DllReferencePlugin.check.js,10921,
68af3ad27d9af353daf5c74d527526495967f0b4,DELETE,regular-file,build/js/node_modules/webpack/schemas/plugins/HashedModuleIdsPlugin.check.js,1875,
cde232b586d37ab90cf33cb83998f9c5b72309a1,DELETE,regular-file,build/js/node_modules/webpack/schemas/plugins/IgnorePlugin.check.js,1703,
dab47727423bfd42ea92cedcae0e161d1e17e763,DELETE,regular-file,build/js/node_modules/webpack/schemas/plugins/JsonModulesPluginParser.check.js,557,
03e210d6ba0aaaeac453dd57cbd6191852aa4451,DELETE,regular-file,build/js/node_modules/webpack/schemas/plugins/LoaderOptionsPlugin.check.js,1008,
0c3fb4ffea352108a58105f1d303ed5d8c9e499d,DELETE,regular-file,build/js/node_modules/webpack/schemas/plugins/ProgressPlugin.check.js,2929,
c821ebe496a98322076f42e5bda4bd2910854ff4,DELETE,regular-file,build/js/node_modules/webpack/schemas/plugins/SourceMapDevToolPlugin.check.js,7131,
0dd766d2b251474eaa3baaafe1b70ddd0a72c4b5,DELETE,regular-file,build/js/node_modules/webpack/schemas/plugins/WatchIgnorePlugin.check.js,1180,
2cf06373e05515826bd1273eabb80d6efdcf5fdb,DELETE,regular-file,build/js/node_modules/webpack/schemas/plugins/asset/AssetGeneratorOptions.check.js,3829,
bffab4f69ca336838d36def0cea24e887359625d,DELETE,regular-file,build/js/node_modules/webpack/schemas/plugins/asset/AssetInlineGeneratorOptions.check.js,2055,
050bca321fcd98f3b584084891aa9366dd2d45ba,DELETE,regular-file,build/js/node_modules/webpack/schemas/plugins/asset/AssetParserOptions.check.js,1442,
8f9396c923c3502e7c7b873bb7d9a3b2e8bef855,DELETE,regular-file,build/js/node_modules/webpack/schemas/plugins/asset/AssetResourceGeneratorOptions.check.js,2649,
bb067d340a103aa1fcbbb57ca2a717b43a82733b,DELETE,regular-file,build/js/node_modules/webpack/schemas/plugins/container/ContainerPlugin.check.js,12232,
7762f19b421e460fbc220f78e0172623cac35d07,DELETE,regular-file,build/js/node_modules/webpack/schemas/plugins/container/ContainerReferencePlugin.check.js,5362,
dd831ff3ab8895c6868d734e127cc1e2cff54ba2,DELETE,regular-file,build/js/node_modules/webpack/schemas/plugins/container/ExternalsType.check.js,642,
4e9bc895438e80f15c1ab50306a767012a924a38,DELETE,regular-file,build/js/node_modules/webpack/schemas/plugins/container/ModuleFederationPlugin.check.js,25835,
c27c35e9a16c432e9f819ccce3c2162ba1753b9c,DELETE,regular-file,build/js/node_modules/webpack/schemas/plugins/css/CssAutoGeneratorOptions.check.js,1737,
43b6d176df51205bcea8d52e2617bee8cf1e5119,DELETE,regular-file,build/js/node_modules/webpack/schemas/plugins/css/CssAutoParserOptions.check.js,830,
8d9a05ed3a46f96608638353f3043223db7a0aa9,DELETE,regular-file,build/js/node_modules/webpack/schemas/plugins/css/CssGeneratorOptions.check.js,1018,
c27c35e9a16c432e9f819ccce3c2162ba1753b9c,DELETE,regular-file,build/js/node_modules/webpack/schemas/plugins/css/CssGlobalGeneratorOptions.check.js,1737,
43b6d176df51205bcea8d52e2617bee8cf1e5119,DELETE,regular-file,build/js/node_modules/webpack/schemas/plugins/css/CssGlobalParserOptions.check.js,830,
c27c35e9a16c432e9f819ccce3c2162ba1753b9c,DELETE,regular-file,build/js/node_modules/webpack/schemas/plugins/css/CssModuleGeneratorOptions.check.js,1737,
43b6d176df51205bcea8d52e2617bee8cf1e5119,DELETE,regular-file,build/js/node_modules/webpack/schemas/plugins/css/CssModuleParserOptions.check.js,830,
43b6d176df51205bcea8d52e2617bee8cf1e5119,DELETE,regular-file,build/js/node_modules/webpack/schemas/plugins/css/CssParserOptions.check.js,830,
6b876107dcbda50ff16eacf09e6325afdc6a47ab,DELETE,regular-file,build/js/node_modules/webpack/schemas/plugins/debug/ProfilingPlugin.check.js,684,
45078106de3c0692c651d513efc84878b978e513,DELETE,regular-file,build/js/node_modules/webpack/schemas/plugins/ids/OccurrenceChunkIdsPlugin.check.js,602,
45078106de3c0692c651d513efc84878b978e513,DELETE,regular-file,build/js/node_modules/webpack/schemas/plugins/ids/OccurrenceModuleIdsPlugin.check.js,602,
284fe8df432965b9329fc8a00928eef9dbd0a584,DELETE,regular-file,build/js/node_modules/webpack/schemas/plugins/optimize/AggressiveSplittingPlugin.check.js,1120,
69d9a8193ee8188698e2017901d6e4d881a2311c,DELETE,regular-file,build/js/node_modules/webpack/schemas/plugins/optimize/LimitChunkCountPlugin.check.js,1167,
78717b1929f2945783e2126b247b5caab59ae14b,DELETE,regular-file,build/js/node_modules/webpack/schemas/plugins/optimize/MinChunkSizePlugin.check.js,1091,
d6ca85eaec4e010745a740c979853c780d1d084b,DELETE,regular-file,build/js/node_modules/webpack/schemas/plugins/schemes/HttpUriPlugin.check.js,3129,
1f206b676ea79591c08a58b0828a0040b0d711cc,DELETE,regular-file,build/js/node_modules/webpack/schemas/plugins/sharing/ConsumeSharedPlugin.check.js,5278,
920f0e2b0cfb1ba327597ff49d3a015bff56842d,DELETE,regular-file,build/js/node_modules/webpack/schemas/plugins/sharing/ProvideSharedPlugin.check.js,4036,
48fea9c81bf1df1a0cf426d5dad452fdcc87deef,DELETE,regular-file,build/js/node_modules/webpack/schemas/plugins/sharing/SharePlugin.check.js,6009,
3d701cc571603d5172943e573444ada953701a62,DELETE,regular-file,build/js/node_modules/websocket-driver/lib/websocket/driver.js,1105,
f05af5f27477eb019ddb2e2642b2007b41dbafb2,DELETE,regular-file,build/js/node_modules/websocket-driver/lib/websocket/driver/base.js,4651,
f24d6458959fb0f3c6006d53135e4775c780a846,DELETE,regular-file,build/js/node_modules/websocket-driver/lib/websocket/driver/client.js,4322,
583f985fc8dd67ae831446f6bb117e6f189f8b93,DELETE,regular-file,build/js/node_modules/websocket-driver/lib/websocket/driver/draft75.js,3104,
bdaab31b085cc025cfb74ad7d3b10a204a752c62,DELETE,regular-file,build/js/node_modules/websocket-driver/lib/websocket/driver/draft76.js,3186,
bc96b7dc6c8f0a376c87fa21e4e6dd157bcf5ff3,DELETE,regular-file,build/js/node_modules/websocket-driver/lib/websocket/driver/headers.js,815,
9027f904af1aed25e37838676d211b1ca2c9fe0c,DELETE,regular-file,build/js/node_modules/websocket-driver/lib/websocket/driver/hybi.js,14436,
0fb003f821500254d81a42181d88b17e731b9a89,DELETE,regular-file,build/js/node_modules/websocket-driver/lib/websocket/driver/hybi/frame.js,373,
e881273fba3026088e2d595ab01ae9cc8613d65b,DELETE,regular-file,build/js/node_modules/websocket-driver/lib/websocket/driver/hybi/message.js,737,
2fdd32e3323c4f7314f674f12e1015ccb468ee39,DELETE,regular-file,build/js/node_modules/websocket-driver/lib/websocket/driver/proxy.js,2669,
dc635b0eccf4f95eba5cf61b761834b7b5e32f32,DELETE,regular-file,build/js/node_modules/websocket-driver/lib/websocket/driver/server.js,3264,
3564da83e2563b8606d319960b43bc664763e8d2,DELETE,regular-file,build/js/node_modules/websocket-driver/lib/websocket/driver/stream_reader.js,1606,
1396656e6c27f7a2d98bf84c5a4f4a25b33300df,DELETE,regular-file,build/js/node_modules/websocket-driver/lib/websocket/http_parser.js,3288,
96ab31fa39016d8da715505f5e7016c95deac299,DELETE,regular-file,build/js/node_modules/websocket-driver/lib/websocket/streams.js,4907,
533767e07d22abac61eabbde7e74124f5353ca17,DELETE,regular-file,build/js/node_modules/websocket-extensions/lib/parser.js,2944,
b2901ba7b7db43c77acaf0e6870023bd0790bfa5,DELETE,regular-file,build/js/node_modules/websocket-extensions/lib/pipeline/cell.js,1470,
fadb49acdb3a3a4c1bcd8d23d6250cd7b918d2ff,DELETE,regular-file,build/js/node_modules/websocket-extensions/lib/pipeline/functor.js,1522,
930bbc82fd9c78efe9ef9c42cb51c3c23b9e821d,DELETE,regular-file,build/js/node_modules/websocket-extensions/lib/pipeline/index.js,1480,
8a1f45df8c2fc0ec0b09f28a315d7000d9538e8c,DELETE,regular-file,build/js/node_modules/websocket-extensions/lib/pipeline/pledge.js,779,
676ff9444d18a1826694a7a1abb35a8e7ab9ceb5,DELETE,regular-file,build/js/node_modules/websocket-extensions/lib/pipeline/ring_buffer.js,1671,
48adad8531245b536167f57b8ad96c9cd0d8e749,DELETE,regular-file,build/js/node_modules/websocket-extensions/lib/websocket_extensions.js,4865,
4347f91a1c38786e2116635b2f131e04b0ba1670,DELETE,regular-file,build/js/node_modules/which/which.js,3184,
4e3f86b742b7e23dbfcef2d953618c5a1b11143e,DELETE,regular-file,build/js/node_modules/wildcard/examples/arrays.js,163,
62c934d6223625b5eaa644930c33c3d027c5f885,DELETE,regular-file,build/js/node_modules/wildcard/examples/objects.js,179,
31d7efe2c45727a1f1f288b3dad9192aad1ff298,DELETE,regular-file,build/js/node_modules/wildcard/examples/strings.js,138,
1d4257ace4cfc94a1b7a64df8ab70edd988da233,DELETE,regular-file,build/js/node_modules/wildcard/index.js,2697,
e42b8369a4e8502b1774f08c0cb6d0ae1992f4e6,DELETE,regular-file,build/js/node_modules/wildcard/test/all.js,64,
5dfec954c2f3b7924c8e4ab0d575b1db4bfdbc10,DELETE,regular-file,build/js/node_modules/wildcard/test/arrays.js,983,
2f509dc7c2b8c7f232120812f497db775a7dbb83,DELETE,regular-file,build/js/node_modules/wildcard/test/objects.js,2673,
2afc966df07cbb3fa952dde710c5ce3def7bebc2,DELETE,regular-file,build/js/node_modules/wildcard/test/strings.js,1795,
0dcbac8c238f22eea211997feea1707461a54b0d,DELETE,regular-file,build/js/node_modules/workerpool/dist/worker.js,9480,
45c037590d78be4ea670c2a555c5d777b9dc0a67,DELETE,regular-file,build/js/node_modules/workerpool/dist/workerpool.js,56650,
deadcfa89603d6da178bf3fb310b9de9b888b9c1,DELETE,regular-file,build/js/node_modules/workerpool/dist/workerpool.min.js,24056,
0be84d279599c6a49323072ad9aa15f810306c02,DELETE,regular-file,build/js/node_modules/workerpool/src/Pool.js,13783,
d2d794e304edf4460462f471961cbd23b7a0916d,DELETE,regular-file,build/js/node_modules/workerpool/src/Promise.js,6424,
26326ece6a64fa9c00182ba2f22949ebf0c7172b,DELETE,regular-file,build/js/node_modules/workerpool/src/WorkerHandler.js,15538,
7688883fefdbd54bf74c479fe0d82a46042ef573,DELETE,regular-file,build/js/node_modules/workerpool/src/debug-port-allocator.js,613,
fc32f49db8bda2b8cf23f341eec8621defb4bc71,DELETE,regular-file,build/js/node_modules/workerpool/src/environment.js,1175,
2600b3aa4afc3c06f0f11e11d4c733818c0f5138,DELETE,regular-file,build/js/node_modules/workerpool/src/generated/embeddedWorker.js,3800,
8beef14265df92e52fa67ddf9ee10ec37174b93c,DELETE,regular-file,build/js/node_modules/workerpool/src/header.js,815,
a8e7c6b2ac5719c38c788ab430e3c02099874f89,DELETE,regular-file,build/js/node_modules/workerpool/src/index.js,1097,
15b208ecca6152902bc72503cf421bbc0b333f3b,DELETE,regular-file,build/js/node_modules/workerpool/src/requireFoolWebpack.js,296,
2e51c09cea37a1c439f50c91e5cbef2ad0f59a9f,DELETE,regular-file,build/js/node_modules/workerpool/src/transfer.js,370,
a934b262ecca3352392970045c82e08e87562970,DELETE,regular-file,build/js/node_modules/workerpool/src/types.js,887,
05d07deaf6ed72983f1f653c71ceaf3b680b6987,DELETE,regular-file,build/js/node_modules/workerpool/src/worker.js,6657,
d502255bd15c85cabbba259f178e706c0f3a9a7c,DELETE,executable,build/js/node_modules/wrap-ansi/index.js,5772,
bb7e7d6fcf70fdff4c5a48b7fa2ae3c9ba36fe47,DELETE,regular-file,build/js/node_modules/wrappy/wrappy.js,905,
ca4f628ac17c80e5b1d40910d1b18c605490deda,DELETE,regular-file,build/js/node_modules/ws/browser.js,176,
41edb3b81bc186adfeddb9c79b709242fb385002,DELETE,regular-file,build/js/node_modules/ws/index.js,376,
f7536e28efa570277e30e9ea001200ee11595fee,DELETE,regular-file,build/js/node_modules/ws/lib/buffer-util.js,3056,
d691b30a17fc653c63cb365e24ff564ce7d5cd1a,DELETE,regular-file,build/js/node_modules/ws/lib/constants.js,360,
fea4cbc52c3299d0bd5fea32245360594812b5a5,DELETE,regular-file,build/js/node_modules/ws/lib/event-target.js,7321,
3d7895c1b0608d4bef7073a6acea9be39a4f8b74,DELETE,regular-file,build/js/node_modules/ws/lib/extension.js,6183,
3fd35784ea9ea59cff8c112b6556a89cde7f7b6f,DELETE,regular-file,build/js/node_modules/ws/lib/limiter.js,1034,
77d918b556a8c750bab927cc6bc02daaf147e410,DELETE,regular-file,build/js/node_modules/ws/lib/permessage-deflate.js,14110,
70dfd993322a7366b02ea634e2b1d6dfc2882b25,DELETE,regular-file,build/js/node_modules/ws/lib/receiver.js,16376,
c81ec66f6259f671fdfa0d1a57449284265cdb70,DELETE,regular-file,build/js/node_modules/ws/lib/sender.js,13357,
230734b79a870a366a29b0191876817ddb25b3fa,DELETE,regular-file,build/js/node_modules/ws/lib/stream.js,4083,
d4381e8864fd055e81dd75eeb4b852d9da864673,DELETE,regular-file,build/js/node_modules/ws/lib/subprotocol.js,1498,
c352e6ea757b7171d0add5d319b151dd0e5efc0c,DELETE,regular-file,build/js/node_modules/ws/lib/validation.js,3366,
67b52ffddb670505e03f000c34167670a18eafed,DELETE,regular-file,build/js/node_modules/ws/lib/websocket-server.js,16254,
aa57bbadebb85a5a1714925b0736804897c4c8e3,DELETE,regular-file,build/js/node_modules/ws/lib/websocket.js,35256,
ff5847093ebdcdf8290758559893d704ba28e98b,DELETE,regular-file,build/js/node_modules/y18n/build/lib/cjs.js,192,
e38f33594c158b6335ef049f35a0ed18abf7d2d0,DELETE,regular-file,build/js/node_modules/y18n/build/lib/index.js,6268,
181208b81fcaa9d6916aed072abc7ff580781d6c,DELETE,regular-file,build/js/node_modules/y18n/build/lib/platform-shims/node.js,377,
241202c7e2bb27983e2648a8524a8f3a52d21667,DELETE,regular-file,build/js/node_modules/yargs-parser/browser.js,1016,
cc5078890a56b3a172110c88996e2f6a83f0b221,DELETE,regular-file,build/js/node_modules/yargs-parser/build/lib/index.js,2128,
4e8bd996e7a97a2c1e9c9fc4919044a171b73918,DELETE,regular-file,build/js/node_modules/yargs-parser/build/lib/string-utils.js,2084,
5e732efe019ab064effaa667bfe7bf904a5f1cb0,DELETE,regular-file,build/js/node_modules/yargs-parser/build/lib/tokenize-arg-string.js,1092,
63b7c313aa9b5fe645373222c88c5bccb19b806c,DELETE,regular-file,build/js/node_modules/yargs-parser/build/lib/yargs-parser-types.js,425,
828a440dd72780028cf10ccdfe1f08587ba74126,DELETE,regular-file,build/js/node_modules/yargs-parser/build/lib/yargs-parser.js,46398,
c2b75819978415beaef91796d86a853a7d592268,DELETE,regular-file,build/js/node_modules/yargs-unparser/index.js,5238,
be5b3aa69f30d65946196e1c79621ca9987e5f36,DELETE,regular-file,build/js/node_modules/yargs/build/lib/argsert.js,2477,
9a55dae224c4746d3845503d095a2749a1aec826,DELETE,regular-file,build/js/node_modules/yargs/build/lib/command.js,15435,
990d34d00bc2aa13bba6eb39a64c40d19e384ac2,DELETE,regular-file,build/js/node_modules/yargs/build/lib/completion-templates.js,1392,
1c2e9249a72a8dd6c222c81bf13619df39ddd5a7,DELETE,regular-file,build/js/node_modules/yargs/build/lib/completion.js,5529,
680094cd89dffbabcd90325009b564e46c668545,DELETE,regular-file,build/js/node_modules/yargs/build/lib/middleware.js,2190,
4989f53102bff7466b12475db98047852d02eabc,DELETE,regular-file,build/js/node_modules/yargs/build/lib/parse-command.js,1060,
73e1773a26a670272d0c3a9fabff2717b553fdbe,DELETE,regular-file,build/js/node_modules/yargs/build/lib/typings/common-types.js,308,
cb0ff5c3b541f646105198ee23ac0fc3d805023e,DELETE,regular-file,build/js/node_modules/yargs/build/lib/typings/yargs-parser-types.js,11,
ecd1aacad99522c3620720f54bc7be0df02d9b2e,DELETE,regular-file,build/js/node_modules/yargs/build/lib/usage.js,19829,
0e593b4fe6d3d2a6d58a81d1919198d1a6f143aa,DELETE,regular-file,build/js/node_modules/yargs/build/lib/utils/apply-extends.js,2049,
d250c08aaf47c1e104a4ec720a5833242a0c9e26,DELETE,regular-file,build/js/node_modules/yargs/build/lib/utils/is-promise.js,155,
068168eb7fb0003ad7cea782ed1e9fd6be828121,DELETE,regular-file,build/js/node_modules/yargs/build/lib/utils/levenshtein.js,731,
cd68ad2983c063049da26ce1ac731bcbec9017f0,DELETE,regular-file,build/js/node_modules/yargs/build/lib/utils/obj-filter.js,299,
74dc9e4c451d0503ec91fd578429887f96f5a449,DELETE,regular-file,build/js/node_modules/yargs/build/lib/utils/process-argv.js,436,
88fb806df36b9f035b55b958776a4e429a8baeaa,DELETE,regular-file,build/js/node_modules/yargs/build/lib/utils/set-blocking.js,386,
5974e22689d43f748460b4e103493fe70f7f3841,DELETE,regular-file,build/js/node_modules/yargs/build/lib/utils/which-module.js,321,
dd77e075991a63214e31650ca54535e4f3c6cc76,DELETE,regular-file,build/js/node_modules/yargs/build/lib/validation.js,12201,
741b329b5bd25533fcbd53e06b78ef308d5967f0,DELETE,regular-file,build/js/node_modules/yargs/build/lib/yargs-factory.js,42229,
4cfef75e56ba155d6707642f5453e8d1d040dd04,DELETE,regular-file,build/js/node_modules/yargs/build/lib/yerror.js,181,
8ab79a33774dbe17147d469c454d5e59e45d2c73,DELETE,regular-file,build/js/node_modules/yargs/helpers/index.js,291,
2f3e6dcd7299584287a2e2961e6affd2e36f9141,DELETE,regular-file,build/js/node_modules/yocto-queue/index.js,949,
1a746a2ad8d184e87b712e34bd17cb0999773135,DELETE,regular-file,flatton/build/libs/flatton-jvm-1.0-SNAPSHOT.jar,261,
6549bbda16050e94231179aca5d413b502eb1bc0,DELETE,regular-file,flatton/build/libs/flatton-macosarm64-1.0-SNAPSHOT-metadata.jar,261,
6549bbda16050e94231179aca5d413b502eb1bc0,DELETE,regular-file,flatton/build/libs/flatton-macosx64-1.0-SNAPSHOT-metadata.jar,261,
894f0d5353e1e7aa27050053ce1023f68d44b8b4,DELETE,regular-file,flatton/build/libs/flatton-metadata-1.0-SNAPSHOT.jar,852,
1a746a2ad8d184e87b712e34bd17cb0999773135,DELETE,regular-file,kotlin-entity-scanner/build/libs/kotlin-entity-scanner-jvm.jar,261,
4f605c55fe1f99abad46c9b4d6bf5b2cbbe8cd50,DELETE,regular-file,kotlin-entity-scanner/build/libs/kotlin-entity-scanner-metadata.jar,647,
1a746a2ad8d184e87b712e34bd17cb0999773135,DELETE,regular-file,kotlinx-serialization-scanner/build/libs/kotlinx-serialization-scanner-jvm-1.0-SNAPSHOT.jar,261,
6549bbda16050e94231179aca5d413b502eb1bc0,DELETE,regular-file,kotlinx-serialization-scanner/build/libs/kotlinx-serialization-scanner-macosarm64-1.0-SNAPSHOT-metadata.jar,261,
6549bbda16050e94231179aca5d413b502eb1bc0,DELETE,regular-file,kotlinx-serialization-scanner/build/libs/kotlinx-serialization-scanner-macosx64-1.0-SNAPSHOT-metadata.jar,261,
4b72eb7ef26e2243a4beee9392d3e816a8885463,DELETE,regular-file,kotlinx-serialization-scanner/build/libs/kotlinx-serialization-scanner-metadata-1.0-SNAPSHOT.jar,857,
1a746a2ad8d184e87b712e34bd17cb0999773135,DELETE,regular-file,kotlinx-serialization-wireproto/build/libs/kotlinx-serialization-wireproto-jvm-1.0-SNAPSHOT.jar,261,
5eaf12876da7f97067cf6d2e4f013ee556a60da1,DELETE,regular-file,kotlinx-serialization-wireproto/build/libs/kotlinx-serialization-wireproto-macosarm64-1.0-SNAPSHOT-metadata.jar,261,
5eaf12876da7f97067cf6d2e4f013ee556a60da1,DELETE,regular-file,kotlinx-serialization-wireproto/build/libs/kotlinx-serialization-wireproto-macosx64-1.0-SNAPSHOT-metadata.jar,261,
f3299f5299f122096198ba4a99253bb9f3b2406d,DELETE,regular-file,kotlinx-serialization-wireproto/build/libs/kotlinx-serialization-wireproto-metadata-1.0-SNAPSHOT.jar,838,
c9187c2b40a621d5bbff00372b6763ddd4e99521,DELETE,regular-file,ksp-processors/build/libs/ksp-processors-1.0-SNAPSHOT.jar,37174,
1a746a2ad8d184e87b712e34bd17cb0999773135,DELETE,regular-file,moneyfan/build/libs/moneyfan-jvm-1.0-SNAPSHOT.jar,261,
e83896ce08c159dbafd9dbae4ab36daffd34b25a,DELETE,regular-file,moneyfan/build/libs/moneyfan-macosarm64-1.0-SNAPSHOT-metadata.jar,261,
e83896ce08c159dbafd9dbae4ab36daffd34b25a,DELETE,regular-file,moneyfan/build/libs/moneyfan-macosx64-1.0-SNAPSHOT-metadata.jar,261,
5f49f60309037175c2d8c3b3fa5ed6ad1cf25727,DELETE,regular-file,moneyfan/build/libs/moneyfan-metadata-1.0-SNAPSHOT.jar,862,
6e8013e3a33b53cdd0f886ecbf68865fb3dfdf6f,DELETE,regular-file,rtsgame/js/ai/battleJournal.js,5333,
2a5858b47c436fa6846a86025bc75ba803cd2ef6,DELETE,regular-file,rtsgame/js/ai/commandHierarchy.js,39920,
f0f605e40e841c9200e568638c9e9ecc1807227a,DELETE,regular-file,rtsgame/js/ai/commandHierarchy.test.js,19819,
739771c15bd314681852de4226159ff0d8148eb1,DELETE,regular-file,rtsgame/js/ai/strategicAI.js,31065,
b39c1d9d71a1050d2ce2baa507c4118728edfe7f,DELETE,regular-file,rtsgame/js/ai/strategicAI.test.js,13253,
8da877193a789b6dfa06aa39b0abf1758f894f2a,DELETE,regular-file,rtsgame/js/app.js,18484,
a262d020ad15a45441dfa7a4671f766e20892ffb,DELETE,regular-file,rtsgame/js/config/buildingTypes.js,4525,
b68f051a9b1af79a00600e17e0ff99257bce4301,DELETE,regular-file,rtsgame/js/config/gameConstants.js,3567,
6740f28c61f5cdbbe3432f264aea0296f7ef894d,DELETE,regular-file,rtsgame/js/config/modelDefaults.js,4999,
b5eb4ac2383e1a46b4ac10a7bfce35e62f893720,DELETE,regular-file,rtsgame/js/config/simulationConfig.js,2055,
d1cb8a4b66218f478f3fea141f8c9ccaac3dfad1,DELETE,regular-file,rtsgame/js/config/terrainProperties.js,2905,
354900e21da321d1084d8a1fa5aa07bca6b833cb,DELETE,regular-file,rtsgame/js/config/unitTypes.js,8630,
ea34654b174a52504053ba69123d33b2c9f444f5,DELETE,regular-file,rtsgame/js/core/autonomousBehavior.js,12457,
f7f7bd8c3e0b57eef69a472bf4ec46c7253d15bf,DELETE,regular-file,rtsgame/js/core/battleLogger.js,1360,
7d80ac344f253f0dbe0fae1406e87ad823a4fe6f,DELETE,regular-file,rtsgame/js/core/battleReplay.js,16185,
6abd4b96d3b2584e7ae624d29e2d28ef17278118,DELETE,regular-file,rtsgame/js/core/building.js,9243,
874da30d68b50bb2383c61be35b2e3cdc48a6ca4,DELETE,regular-file,rtsgame/js/core/building.test.js,12897,
44204e3a66b2b3fe5433c6b83860eb414cffaabf,DELETE,regular-file,rtsgame/js/core/command/authoritySystem.js,4532,
58cd4b2978099e0a9c912856cb1ad33f85308f71,DELETE,regular-file,rtsgame/js/core/command/commandHierarchy.js,5408,
7f87fa82196df6af0cb52e6220092f528b3ecd3c,DELETE,regular-file,rtsgame/js/core/command/index.js,142,
413148a584657a7124981a520c113fd054da59c8,DELETE,regular-file,rtsgame/js/core/commands.js,4659,
8f9d0f870b72d624fedc48a12c3845e3c5e70ef8,DELETE,regular-file,rtsgame/js/core/components/commandComponent.js,3794,
48f3d11e73478bbbac3b58070f4c2d72e4f3dcc8,DELETE,regular-file,rtsgame/js/core/components/computroniumComponent.js,2702,
b6b5574c12ccaed01240e371ddb167b14ee80000,DELETE,regular-file,rtsgame/js/core/components/healthComponent.js,1730,
7fc1375e7bb1b6103415e3a2bcb4612118e4d796,DELETE,regular-file,rtsgame/js/core/components/identifierComponent.js,520,
b60e8fb0818628500fb0d2c6b7593bf4b541bad6,DELETE,regular-file,rtsgame/js/core/components/index.js,451,
0b95c48b202a416ba18079e97964217ca10ec097,DELETE,regular-file,rtsgame/js/core/components/positionComponent.js,1019,
af8fed73cb44b8d2b25e0d42136daee4f215ab47,DELETE,regular-file,rtsgame/js/core/components/resourceComponent.js,3007,
0519ecba6ea913e21689ec692e81e9e4973fbf73,DELETE,regular-file,rtsgame/js/core/components/shieldComponent.js,1,
842f1ff6cae0060641602b003a3ee7e44411b454,DELETE,regular-file,rtsgame/js/core/components/weaponComponent.js,3885,
e955144ea25e0ea77bad3ca838e53c3c34e60b3a,DELETE,regular-file,rtsgame/js/core/computroniumManager.js,14191,
d713a758e3522e3782ea7fc394cc4707815f4e9c,DELETE,regular-file,rtsgame/js/core/deterministicRNG.js,9446,
8f409c1674196e017525284a45fc3d15ba41df7f,DELETE,regular-file,rtsgame/js/core/enhancedCommandHierarchy.js,90814,
c9822fd349ee61c3c85617a2850f4ba53c0f0f31,DELETE,regular-file,rtsgame/js/core/entities/caption.js,1305,
698dd3e93111a172708a7cfb066b44575e3800b7,DELETE,regular-file,rtsgame/js/core/entities/effect.js,5648,
f92df11db04a12cae475beeb1ee068d1c9f7508b,DELETE,regular-file,rtsgame/js/core/entities/index.js,173,
ddcf0191a7dee3c1380650a98f3309509108e025,DELETE,regular-file,rtsgame/js/core/entities/projectile.js,4012,
3b595420ac51b437664e9edc516e7f63740633a5,DELETE,regular-file,rtsgame/js/core/entityFactory.js,3378,
1fa9871a3fb41b45cd658c236af85cc1378c0287,DELETE,regular-file,rtsgame/js/core/game.js,28164,
46e4de5106635a4f504a96e2c589d6720619e6a3,DELETE,regular-file,rtsgame/js/core/gameContextManager.js,4768,
53800c19a690671566a2943bc57883710450c490,DELETE,regular-file,rtsgame/js/core/gameEngine.js,10221,
1eed45b98c10c7c590269b0a7e7fd2da7b03475e,DELETE,regular-file,rtsgame/js/core/gameInitializer.js,2603,
60cfe1fb241cf5d5d2e33ba72cf0f48619f039db,DELETE,regular-file,rtsgame/js/core/gameState.js,2468,
ffe4c7647227c9a9b659d3e97a0d7f02c223457b,DELETE,regular-file,rtsgame/js/core/main_simulation.js,27666,
4ed959ed0f67c79f3f149f24c633e778379ea94e,DELETE,regular-file,rtsgame/js/core/optimization/index.js,145,
f83214bcb79811df72143d23f9dfd556e020c2b8,DELETE,regular-file,rtsgame/js/core/optimization/performanceMonitor.js,1717,
0975e23d38ebcbfe1950f98c706fbe23fd3e4d33,DELETE,regular-file,rtsgame/js/core/optimization/spatialIndex.js,5062,
3294f8ec0d7e40059ae71ef477a7eb59ba74e0c4,DELETE,regular-file,rtsgame/js/core/progression/index.js,94,
5210e3924fa55b6b6011a089f469d2383d0d154d,DELETE,regular-file,rtsgame/js/core/progression/progressionManager.js,3891,
b8dd0ec836eed79acd6ee05640d15f2a826063b9,DELETE,regular-file,rtsgame/js/core/recordingUtils.js,3683,
b3c1f8e471ff0011e0e255054fe373b08d5eb4b2,DELETE,regular-file,rtsgame/js/core/rendering/batchProcessor.js,5315,
c3e398bd78aa59e3407b48accf85375289f6a84a,DELETE,regular-file,rtsgame/js/core/rendering/camera.js,2058,
5a039ce24f757b9a330a613465a9f966d90cd100,DELETE,regular-file,rtsgame/js/core/rendering/index.js,230,
baa93c65f9f39b7d6acb4cc4d0d6e8f7c7148776,DELETE,regular-file,rtsgame/js/core/rendering/modelManager.js,4901,
57a717c8feb948d257781b9ecadd919aa29971c9,DELETE,regular-file,rtsgame/js/core/rendering/renderer.js,6789,
06a66c2c335ca611b99cbfc5a1917dd16cfd2e3a,DELETE,regular-file,rtsgame/js/core/replay/battleJournal.js,29030,
8d5edcd2f069c1d03516420f8b22746f909272af,DELETE,regular-file,rtsgame/js/core/replay/index.js,181,
ee60a5c32d1ea06e9cfad3a9b63f740cde4f14af,DELETE,regular-file,rtsgame/js/core/replay/replayManager.js,2600,
697a107bcb1c6293cd3a1ffb94afb206262b7900,DELETE,regular-file,rtsgame/js/core/replay/replayPlayer.js,3161,
9a50f91ec66103dbfa38513f0a5c0abc53e8b759,DELETE,regular-file,rtsgame/js/core/resourceManager.js,11514,
6399308714a289771e27ba17497c26d321687480,DELETE,regular-file,rtsgame/js/core/resources/index.js,56,
2357eea2f0ce590b47e9f4be1950afa549b2ab24,DELETE,regular-file,rtsgame/js/core/resources/resourceManager.js,3824,
bf5efa03a9c67b39ad831cbf735f356dbec5ab48,DELETE,regular-file,rtsgame/js/core/simulation.js,25793,
b30ef1ae64965e9cc035c08d0e87d15853ecf1db,DELETE,regular-file,rtsgame/js/core/simulationManager.js,4367,
97dfc6ada61af8e7062491fead38fdf96ab42081,DELETE,regular-file,rtsgame/js/core/stateManager.js,3559,
cea29ea6e1aa2bf58216a26a55264c093d3d84fb,DELETE,regular-file,rtsgame/js/core/systems/breachUISystem.js,9637,
7fe6830a013b907f9862bea9056d6a93491bcd7a,DELETE,regular-file,rtsgame/js/core/systems/breachVisualizationSystem.js,7840,
29dd63b90b2bd040a2cbb3fd7369b3c3ae0d3fa1,DELETE,regular-file,rtsgame/js/core/systems/combatSystem.js,4336,
10702fd3f5ff674092202dd89fad2959db039315,DELETE,regular-file,rtsgame/js/core/systems/commandAndControlSystem.js,118395,
b8dc8e0312e5dd3255372e346273ee7b17b37df9,DELETE,regular-file,rtsgame/js/core/systems/computroniumSystem.js,7449,
611af0ce41cf9c606f747328ddfb6f38c0235d3f,DELETE,regular-file,rtsgame/js/core/systems/index.js,610,
7707d31a10bee3e03f4a8a83021e8c4c298cd596,DELETE,regular-file,rtsgame/js/core/systems/movementSystem.js,3518,
7ee6320ec87e8951990ad211b9c106c2f995246c,DELETE,regular-file,rtsgame/js/core/systems/proofOfWorkSystem.js,17329,
c3d67afd6716cc5292ee0d4b344bbb674359ecdc,DELETE,regular-file,rtsgame/js/core/systems/resourceSystem.js,5642,
ebdee46a8edb13f5591b7edd0792d5e8e23549b0,DELETE,regular-file,rtsgame/js/core/systems/shieldSystem.js,5010,
e6e52e1ff7f62c42dccd221f25eef7839b7d634d,DELETE,regular-file,rtsgame/js/core/systems/weaponSystem.js,6051,
62eeca5a7788bfa0a158260955ccfec54c9973c1,DELETE,regular-file,rtsgame/js/core/terrain.js,13278,
c22c89d3a0f2d0dff3a9a6142966d2a3ed97d1ba,DELETE,regular-file,rtsgame/js/core/terrainManager.js,10955,
1cdfc30ce16652302d323b771b944f58dc30726b,DELETE,regular-file,rtsgame/js/core/trikeshedEntityManager.js,12251,
069abfb6a39bca350f6ca4da8067840dcf6b44ec,DELETE,regular-file,rtsgame/js/core/unit.energy.test.js,21858,
a2a6d07c1e54e855ef0d346d36498c4922322356,DELETE,regular-file,rtsgame/js/core/unit.js,51650,
fde3a9109c58e0804af803efcca7733ba00e3491,DELETE,regular-file,rtsgame/js/core/unit.test.js,27158,
7fb05403cbd9f3d5e49e1d0112bf41960be05c91,DELETE,regular-file,rtsgame/js/core/unitProgression.js,9992,
021ae2d305b88637d01dd1be0e9acbc0b5c3933e,DELETE,regular-file,rtsgame/js/demos/headless-node.js,13227,
83872775b25365527bb24888273dc56d47fcefd9,DELETE,regular-file,rtsgame/js/demos/headless.js,11223,
ada0c1caf1c7d2e5cc44a685e5b3106b52976f20,DELETE,regular-file,rtsgame/js/demos/replay-demo.js,14420,
6e55b26c5d1817804528dfc926a74b4375eeae48,DELETE,regular-file,rtsgame/js/demos/replay-headless.js,5238,
adc2dbef417b2d513d356f4e8f2219058f9cc9a4,DELETE,regular-file,rtsgame/js/demos/run-10-second-match.js,2630,
2be1696a95373bb4214366ece581d5fa6d967f1e,DELETE,regular-file,rtsgame/js/demos/simple-10-second-match.js,5117,
ef45e4131615e882d19211841feed6e59f3068d0,DELETE,regular-file,rtsgame/js/input/inputHandler.js,20873,
eb82017977698b2261cd36937656c672c5a9c9ee,DELETE,regular-file,rtsgame/js/input/inputManager.js,6250,
c70d0e8d580ef228d65f9399a595dc65a96517d3,DELETE,regular-file,rtsgame/js/input/supcomCamera.js,16198,
6baa94d7d8e43fdbb61dcea6358b39d61a78d994,DELETE,regular-file,rtsgame/js/lib/spacegraph/spacegraph.js,80127,
ccf46899f8a040caa146e9623c560c45f15e846b,DELETE,regular-file,rtsgame/js/main.js,25821,
9036c411e3760e8f8dcaf336f86d767c74fe290b,DELETE,regular-file,rtsgame/js/pathfinding/astar.js,6080,
6d2556243c7c31957308dfc5f46e61add7240247,DELETE,regular-file,rtsgame/js/rendering/renderer.js,11221,
66eaf2d1bc1174818ddcc29cace49f71d40b2663,DELETE,regular-file,rtsgame/js/rendering/threeRenderer.js,38676,
49f5a8cc48a5a3664333c36525052f23543cfa2f,DELETE,regular-file,rtsgame/js/rendering/ui.js,14356,
ad90755911f250a5aa490981750566d9b162b6c4,DELETE,regular-file,rtsgame/js/rendering/webglRenderer.js,47066,
fc9477371fa70fbf0cf93b7d26e3b5bee1b6d462,DELETE,regular-file,rtsgame/js/rendering/webgl_2d_renderer.js,6052,
e825cd403c1a257fc73a54ad804e55108db22b6e,DELETE,regular-file,rtsgame/js/rendering/webgl_simulation.js,5792,
fcaae926dc310fac5e1836a3ba5ab83bbe0530b4,DELETE,regular-file,rtsgame/js/server.js,668,
4c78667cbefcbe1e0bf87854f61eb74cb915d006,DELETE,regular-file,rtsgame/js/terrain-generators/index.js,156,
df9b630e1fca8e3919a4072f9a025c7363c3ae5c,DELETE,regular-file,rtsgame/js/terrain-generators/islandGenerator.js,4558,
6fb7ef1504a2831413574d9d3337023b036836f4,DELETE,regular-file,rtsgame/js/terrain-generators/perlinNoiseGenerator.js,10077,
4eee3f6827c8b746bc670cd124c4c839b29c7692,DELETE,regular-file,rtsgame/js/tests/cache-stratified-test.js,8823,
02eea4296dc8d4c4b45505a7f60fae4ea4a5e8ce,DELETE,regular-file,rtsgame/js/tests/quick-test.js,8875,
1bc65edced9a1a90eb5e30959d8c07aa406c66aa,DELETE,regular-file,rtsgame/js/tests/scenario-tester.js,15895,
8d0921f8da99a8d40e7fa6cd6e3d3625342c161b,DELETE,regular-file,rtsgame/js/tests/test-enhanced-headless.js,24016,
d50136b7e72a2448f1aba7d6abe6d5354ee67125,DELETE,regular-file,rtsgame/js/tools/bake-off.js,7573,
1df4b44bf5029a76bb9a5e407b2217b9d137debe,DELETE,regular-file,rtsgame/js/tools/battle-simulator.js,21360,
7166eaf11c047713fc915a76f3bd73b1a5fcea45,DELETE,regular-file,rtsgame/js/tools/build-closure.js,4396,
d5fbee3ecd94dc951ef32a7f360096cda92cbe99,DELETE,regular-file,rtsgame/js/tools/build-webpack.js,2179,
71a9ded611e21458adaad826c4d90c403f737e47,DELETE,regular-file,rtsgame/js/ui/borderLayout.js,20238,
aa085e4acac8a68283a41221ad0847949884e67e,DELETE,regular-file,rtsgame/js/ui/commandStatusRenderer.js,14989,
8496959806e9c394f95a47526fde2e435656fa3a,DELETE,regular-file,rtsgame/js/ui/minimap_canvas2d.js,4644,
cc59214fd6dd9aba58fcb24568bf35d22baca8c4,DELETE,regular-file,rtsgame/js/ui/modernUIManager.js,13755,
759ea03927a2fa4e671c735c0b3dd12280c67d43,DELETE,regular-file,rtsgame/js/ui/selectionManager.js,1599,
ca5e2b7c586140b6dd2fc3008ed79b18258366a7,DELETE,regular-file,rtsgame/js/ui/talentRenderers.js,17475,
3ce8fa61c15fbe3a7de59193dbb4f233d8c82aa0,DELETE,regular-file,rtsgame/js/ui/uiManager.js,1694,
eae2dd02fb2f2505d00fb2e46a1a5d92801cb740,DELETE,regular-file,rtsgame/js/utils/modelLoader.js,2523,
108e290c15fc1047f79d97dc1bef4239094865c9,DELETE,regular-file,rtsgame/scripts/convert-models.js,5787,
f01af774c9a5b952bd80d04bb82fa43517f8c966,DELETE,regular-file,rtsgame/scripts/preprocess-models.js,1878,
6e8013e3a33b53cdd0f886ecbf68865fb3dfdf6f,DELETE,regular-file,rtsgame_history/stage1_js/js/ai/battleJournal.js,5333,
2a5858b47c436fa6846a86025bc75ba803cd2ef6,DELETE,regular-file,rtsgame_history/stage1_js/js/ai/commandHierarchy.js,39920,
f0f605e40e841c9200e568638c9e9ecc1807227a,DELETE,regular-file,rtsgame_history/stage1_js/js/ai/commandHierarchy.test.js,19819,
739771c15bd314681852de4226159ff0d8148eb1,DELETE,regular-file,rtsgame_history/stage1_js/js/ai/strategicAI.js,31065,
b39c1d9d71a1050d2ce2baa507c4118728edfe7f,DELETE,regular-file,rtsgame_history/stage1_js/js/ai/strategicAI.test.js,13253,
4e5688f8dc54ba136044d9a2293c49f8673b7f8a,DELETE,regular-file,rtsgame_history/stage1_js/js/app.js,19672,
a262d020ad15a45441dfa7a4671f766e20892ffb,DELETE,regular-file,rtsgame_history/stage1_js/js/config/buildingTypes.js,4525,
b68f051a9b1af79a00600e17e0ff99257bce4301,DELETE,regular-file,rtsgame_history/stage1_js/js/config/gameConstants.js,3567,
6740f28c61f5cdbbe3432f264aea0296f7ef894d,DELETE,regular-file,rtsgame_history/stage1_js/js/config/modelDefaults.js,4999,
b5eb4ac2383e1a46b4ac10a7bfce35e62f893720,DELETE,regular-file,rtsgame_history/stage1_js/js/config/simulationConfig.js,2055,
d1cb8a4b66218f478f3fea141f8c9ccaac3dfad1,DELETE,regular-file,rtsgame_history/stage1_js/js/config/terrainProperties.js,2905,
354900e21da321d1084d8a1fa5aa07bca6b833cb,DELETE,regular-file,rtsgame_history/stage1_js/js/config/unitTypes.js,8630,
ea34654b174a52504053ba69123d33b2c9f444f5,DELETE,regular-file,rtsgame_history/stage1_js/js/core/autonomousBehavior.js,12457,
f7f7bd8c3e0b57eef69a472bf4ec46c7253d15bf,DELETE,regular-file,rtsgame_history/stage1_js/js/core/battleLogger.js,1360,
7d80ac344f253f0dbe0fae1406e87ad823a4fe6f,DELETE,regular-file,rtsgame_history/stage1_js/js/core/battleReplay.js,16185,
6abd4b96d3b2584e7ae624d29e2d28ef17278118,DELETE,regular-file,rtsgame_history/stage1_js/js/core/building.js,9243,
874da30d68b50bb2383c61be35b2e3cdc48a6ca4,DELETE,regular-file,rtsgame_history/stage1_js/js/core/building.test.js,12897,
44204e3a66b2b3fe5433c6b83860eb414cffaabf,DELETE,regular-file,rtsgame_history/stage1_js/js/core/command/authoritySystem.js,4532,
58cd4b2978099e0a9c912856cb1ad33f85308f71,DELETE,regular-file,rtsgame_history/stage1_js/js/core/command/commandHierarchy.js,5408,
7f87fa82196df6af0cb52e6220092f528b3ecd3c,DELETE,regular-file,rtsgame_history/stage1_js/js/core/command/index.js,142,
413148a584657a7124981a520c113fd054da59c8,DELETE,regular-file,rtsgame_history/stage1_js/js/core/commands.js,4659,
8f9d0f870b72d624fedc48a12c3845e3c5e70ef8,DELETE,regular-file,rtsgame_history/stage1_js/js/core/components/commandComponent.js,3794,
48f3d11e73478bbbac3b58070f4c2d72e4f3dcc8,DELETE,regular-file,rtsgame_history/stage1_js/js/core/components/computroniumComponent.js,2702,
b6b5574c12ccaed01240e371ddb167b14ee80000,DELETE,regular-file,rtsgame_history/stage1_js/js/core/components/healthComponent.js,1730,
7fc1375e7bb1b6103415e3a2bcb4612118e4d796,DELETE,regular-file,rtsgame_history/stage1_js/js/core/components/identifierComponent.js,520,
b60e8fb0818628500fb0d2c6b7593bf4b541bad6,DELETE,regular-file,rtsgame_history/stage1_js/js/core/components/index.js,451,
0b95c48b202a416ba18079e97964217ca10ec097,DELETE,regular-file,rtsgame_history/stage1_js/js/core/components/positionComponent.js,1019,
af8fed73cb44b8d2b25e0d42136daee4f215ab47,DELETE,regular-file,rtsgame_history/stage1_js/js/core/components/resourceComponent.js,3007,
0519ecba6ea913e21689ec692e81e9e4973fbf73,DELETE,regular-file,rtsgame_history/stage1_js/js/core/components/shieldComponent.js,1,
842f1ff6cae0060641602b003a3ee7e44411b454,DELETE,regular-file,rtsgame_history/stage1_js/js/core/components/weaponComponent.js,3885,
e955144ea25e0ea77bad3ca838e53c3c34e60b3a,DELETE,regular-file,rtsgame_history/stage1_js/js/core/computroniumManager.js,14191,
d713a758e3522e3782ea7fc394cc4707815f4e9c,DELETE,regular-file,rtsgame_history/stage1_js/js/core/deterministicRNG.js,9446,
8f409c1674196e017525284a45fc3d15ba41df7f,DELETE,regular-file,rtsgame_history/stage1_js/js/core/enhancedCommandHierarchy.js,90814,
c9822fd349ee61c3c85617a2850f4ba53c0f0f31,DELETE,regular-file,rtsgame_history/stage1_js/js/core/entities/caption.js,1305,
698dd3e93111a172708a7cfb066b44575e3800b7,DELETE,regular-file,rtsgame_history/stage1_js/js/core/entities/effect.js,5648,
f92df11db04a12cae475beeb1ee068d1c9f7508b,DELETE,regular-file,rtsgame_history/stage1_js/js/core/entities/index.js,173,
ddcf0191a7dee3c1380650a98f3309509108e025,DELETE,regular-file,rtsgame_history/stage1_js/js/core/entities/projectile.js,4012,
9b6dc7c317dffbfc60d684314b5d92374e2d1199,DELETE,regular-file,rtsgame_history/stage1_js/js/core/entityFactory.js,8419,
1fa9871a3fb41b45cd658c236af85cc1378c0287,DELETE,regular-file,rtsgame_history/stage1_js/js/core/game.js,28164,
46e4de5106635a4f504a96e2c589d6720619e6a3,DELETE,regular-file,rtsgame_history/stage1_js/js/core/gameContextManager.js,4768,
53800c19a690671566a2943bc57883710450c490,DELETE,regular-file,rtsgame_history/stage1_js/js/core/gameEngine.js,10221,
1eed45b98c10c7c590269b0a7e7fd2da7b03475e,DELETE,regular-file,rtsgame_history/stage1_js/js/core/gameInitializer.js,2603,
b409b970cc12ccf50d16c6ef80ea52c4f14c1d3d,DELETE,regular-file,rtsgame_history/stage1_js/js/core/gameState.js,3911,
ffe4c7647227c9a9b659d3e97a0d7f02c223457b,DELETE,regular-file,rtsgame_history/stage1_js/js/core/main_simulation.js,27666,
4ed959ed0f67c79f3f149f24c633e778379ea94e,DELETE,regular-file,rtsgame_history/stage1_js/js/core/optimization/index.js,145,
f83214bcb79811df72143d23f9dfd556e020c2b8,DELETE,regular-file,rtsgame_history/stage1_js/js/core/optimization/performanceMonitor.js,1717,
0975e23d38ebcbfe1950f98c706fbe23fd3e4d33,DELETE,regular-file,rtsgame_history/stage1_js/js/core/optimization/spatialIndex.js,5062,
3294f8ec0d7e40059ae71ef477a7eb59ba74e0c4,DELETE,regular-file,rtsgame_history/stage1_js/js/core/progression/index.js,94,
5210e3924fa55b6b6011a089f469d2383d0d154d,DELETE,regular-file,rtsgame_history/stage1_js/js/core/progression/progressionManager.js,3891,
b8dd0ec836eed79acd6ee05640d15f2a826063b9,DELETE,regular-file,rtsgame_history/stage1_js/js/core/recordingUtils.js,3683,
b3c1f8e471ff0011e0e255054fe373b08d5eb4b2,DELETE,regular-file,rtsgame_history/stage1_js/js/core/rendering/batchProcessor.js,5315,
c3e398bd78aa59e3407b48accf85375289f6a84a,DELETE,regular-file,rtsgame_history/stage1_js/js/core/rendering/camera.js,2058,
5a039ce24f757b9a330a613465a9f966d90cd100,DELETE,regular-file,rtsgame_history/stage1_js/js/core/rendering/index.js,230,
baa93c65f9f39b7d6acb4cc4d0d6e8f7c7148776,DELETE,regular-file,rtsgame_history/stage1_js/js/core/rendering/modelManager.js,4901,
57a717c8feb948d257781b9ecadd919aa29971c9,DELETE,regular-file,rtsgame_history/stage1_js/js/core/rendering/renderer.js,6789,
06a66c2c335ca611b99cbfc5a1917dd16cfd2e3a,DELETE,regular-file,rtsgame_history/stage1_js/js/core/replay/battleJournal.js,29030,
8d5edcd2f069c1d03516420f8b22746f909272af,DELETE,regular-file,rtsgame_history/stage1_js/js/core/replay/index.js,181,
ee60a5c32d1ea06e9cfad3a9b63f740cde4f14af,DELETE,regular-file,rtsgame_history/stage1_js/js/core/replay/replayManager.js,2600,
697a107bcb1c6293cd3a1ffb94afb206262b7900,DELETE,regular-file,rtsgame_history/stage1_js/js/core/replay/replayPlayer.js,3161,
9a50f91ec66103dbfa38513f0a5c0abc53e8b759,DELETE,regular-file,rtsgame_history/stage1_js/js/core/resourceManager.js,11514,
6399308714a289771e27ba17497c26d321687480,DELETE,regular-file,rtsgame_history/stage1_js/js/core/resources/index.js,56,
2357eea2f0ce590b47e9f4be1950afa549b2ab24,DELETE,regular-file,rtsgame_history/stage1_js/js/core/resources/resourceManager.js,3824,
2f60f1884d203e04d31f915aa45f87effb3d665d,DELETE,regular-file,rtsgame_history/stage1_js/js/core/simulation.js,27993,
b30ef1ae64965e9cc035c08d0e87d15853ecf1db,DELETE,regular-file,rtsgame_history/stage1_js/js/core/simulationManager.js,4367,
97dfc6ada61af8e7062491fead38fdf96ab42081,DELETE,regular-file,rtsgame_history/stage1_js/js/core/stateManager.js,3559,
cea29ea6e1aa2bf58216a26a55264c093d3d84fb,DELETE,regular-file,rtsgame_history/stage1_js/js/core/systems/breachUISystem.js,9637,
7fe6830a013b907f9862bea9056d6a93491bcd7a,DELETE,regular-file,rtsgame_history/stage1_js/js/core/systems/breachVisualizationSystem.js,7840,
29dd63b90b2bd040a2cbb3fd7369b3c3ae0d3fa1,DELETE,regular-file,rtsgame_history/stage1_js/js/core/systems/combatSystem.js,4336,
10702fd3f5ff674092202dd89fad2959db039315,DELETE,regular-file,rtsgame_history/stage1_js/js/core/systems/commandAndControlSystem.js,118395,
b8dc8e0312e5dd3255372e346273ee7b17b37df9,DELETE,regular-file,rtsgame_history/stage1_js/js/core/systems/computroniumSystem.js,7449,
611af0ce41cf9c606f747328ddfb6f38c0235d3f,DELETE,regular-file,rtsgame_history/stage1_js/js/core/systems/index.js,610,
7707d31a10bee3e03f4a8a83021e8c4c298cd596,DELETE,regular-file,rtsgame_history/stage1_js/js/core/systems/movementSystem.js,3518,
7ee6320ec87e8951990ad211b9c106c2f995246c,DELETE,regular-file,rtsgame_history/stage1_js/js/core/systems/proofOfWorkSystem.js,17329,
c3d67afd6716cc5292ee0d4b344bbb674359ecdc,DELETE,regular-file,rtsgame_history/stage1_js/js/core/systems/resourceSystem.js,5642,
ebdee46a8edb13f5591b7edd0792d5e8e23549b0,DELETE,regular-file,rtsgame_history/stage1_js/js/core/systems/shieldSystem.js,5010,
e6e52e1ff7f62c42dccd221f25eef7839b7d634d,DELETE,regular-file,rtsgame_history/stage1_js/js/core/systems/weaponSystem.js,6051,
62eeca5a7788bfa0a158260955ccfec54c9973c1,DELETE,regular-file,rtsgame_history/stage1_js/js/core/terrain.js,13278,
c22c89d3a0f2d0dff3a9a6142966d2a3ed97d1ba,DELETE,regular-file,rtsgame_history/stage1_js/js/core/terrainManager.js,10955,
1cdfc30ce16652302d323b771b944f58dc30726b,DELETE,regular-file,rtsgame_history/stage1_js/js/core/trikeshedEntityManager.js,12251,
069abfb6a39bca350f6ca4da8067840dcf6b44ec,DELETE,regular-file,rtsgame_history/stage1_js/js/core/unit.energy.test.js,21858,
a2a6d07c1e54e855ef0d346d36498c4922322356,DELETE,regular-file,rtsgame_history/stage1_js/js/core/unit.js,51650,
fde3a9109c58e0804af803efcca7733ba00e3491,DELETE,regular-file,rtsgame_history/stage1_js/js/core/unit.test.js,27158,
7fb05403cbd9f3d5e49e1d0112bf41960be05c91,DELETE,regular-file,rtsgame_history/stage1_js/js/core/unitProgression.js,9992,
021ae2d305b88637d01dd1be0e9acbc0b5c3933e,DELETE,regular-file,rtsgame_history/stage1_js/js/demos/headless-node.js,13227,
83872775b25365527bb24888273dc56d47fcefd9,DELETE,regular-file,rtsgame_history/stage1_js/js/demos/headless.js,11223,
ada0c1caf1c7d2e5cc44a685e5b3106b52976f20,DELETE,regular-file,rtsgame_history/stage1_js/js/demos/replay-demo.js,14420,
6e55b26c5d1817804528dfc926a74b4375eeae48,DELETE,regular-file,rtsgame_history/stage1_js/js/demos/replay-headless.js,5238,
adc2dbef417b2d513d356f4e8f2219058f9cc9a4,DELETE,regular-file,rtsgame_history/stage1_js/js/demos/run-10-second-match.js,2630,
2be1696a95373bb4214366ece581d5fa6d967f1e,DELETE,regular-file,rtsgame_history/stage1_js/js/demos/simple-10-second-match.js,5117,
ef45e4131615e882d19211841feed6e59f3068d0,DELETE,regular-file,rtsgame_history/stage1_js/js/input/inputHandler.js,20873,
eb82017977698b2261cd36937656c672c5a9c9ee,DELETE,regular-file,rtsgame_history/stage1_js/js/input/inputManager.js,6250,
c70d0e8d580ef228d65f9399a595dc65a96517d3,DELETE,regular-file,rtsgame_history/stage1_js/js/input/supcomCamera.js,16198,
6baa94d7d8e43fdbb61dcea6358b39d61a78d994,DELETE,regular-file,rtsgame_history/stage1_js/js/lib/spacegraph/spacegraph.js,80127,
ccf46899f8a040caa146e9623c560c45f15e846b,DELETE,regular-file,rtsgame_history/stage1_js/js/main.js,25821,
9036c411e3760e8f8dcaf336f86d767c74fe290b,DELETE,regular-file,rtsgame_history/stage1_js/js/pathfinding/astar.js,6080,
6d2556243c7c31957308dfc5f46e61add7240247,DELETE,regular-file,rtsgame_history/stage1_js/js/rendering/renderer.js,11221,
66eaf2d1bc1174818ddcc29cace49f71d40b2663,DELETE,regular-file,rtsgame_history/stage1_js/js/rendering/threeRenderer.js,38676,
49f5a8cc48a5a3664333c36525052f23543cfa2f,DELETE,regular-file,rtsgame_history/stage1_js/js/rendering/ui.js,14356,
ad90755911f250a5aa490981750566d9b162b6c4,DELETE,regular-file,rtsgame_history/stage1_js/js/rendering/webglRenderer.js,47066,
fc9477371fa70fbf0cf93b7d26e3b5bee1b6d462,DELETE,regular-file,rtsgame_history/stage1_js/js/rendering/webgl_2d_renderer.js,6052,
e825cd403c1a257fc73a54ad804e55108db22b6e,DELETE,regular-file,rtsgame_history/stage1_js/js/rendering/webgl_simulation.js,5792,
fcaae926dc310fac5e1836a3ba5ab83bbe0530b4,DELETE,regular-file,rtsgame_history/stage1_js/js/server.js,668,
4c78667cbefcbe1e0bf87854f61eb74cb915d006,DELETE,regular-file,rtsgame_history/stage1_js/js/terrain-generators/index.js,156,
df9b630e1fca8e3919a4072f9a025c7363c3ae5c,DELETE,regular-file,rtsgame_history/stage1_js/js/terrain-generators/islandGenerator.js,4558,
6fb7ef1504a2831413574d9d3337023b036836f4,DELETE,regular-file,rtsgame_history/stage1_js/js/terrain-generators/perlinNoiseGenerator.js,10077,
4eee3f6827c8b746bc670cd124c4c839b29c7692,DELETE,regular-file,rtsgame_history/stage1_js/js/tests/cache-stratified-test.js,8823,
02eea4296dc8d4c4b45505a7f60fae4ea4a5e8ce,DELETE,regular-file,rtsgame_history/stage1_js/js/tests/quick-test.js,8875,
1bc65edced9a1a90eb5e30959d8c07aa406c66aa,DELETE,regular-file,rtsgame_history/stage1_js/js/tests/scenario-tester.js,15895,
8d0921f8da99a8d40e7fa6cd6e3d3625342c161b,DELETE,regular-file,rtsgame_history/stage1_js/js/tests/test-enhanced-headless.js,24016,
d50136b7e72a2448f1aba7d6abe6d5354ee67125,DELETE,regular-file,rtsgame_history/stage1_js/js/tools/bake-off.js,7573,
1df4b44bf5029a76bb9a5e407b2217b9d137debe,DELETE,regular-file,rtsgame_history/stage1_js/js/tools/battle-simulator.js,21360,
7166eaf11c047713fc915a76f3bd73b1a5fcea45,DELETE,regular-file,rtsgame_history/stage1_js/js/tools/build-closure.js,4396,
d5fbee3ecd94dc951ef32a7f360096cda92cbe99,DELETE,regular-file,rtsgame_history/stage1_js/js/tools/build-webpack.js,2179,
71a9ded611e21458adaad826c4d90c403f737e47,DELETE,regular-file,rtsgame_history/stage1_js/js/ui/borderLayout.js,20238,
aa085e4acac8a68283a41221ad0847949884e67e,DELETE,regular-file,rtsgame_history/stage1_js/js/ui/commandStatusRenderer.js,14989,
8496959806e9c394f95a47526fde2e435656fa3a,DELETE,regular-file,rtsgame_history/stage1_js/js/ui/minimap_canvas2d.js,4644,
cc59214fd6dd9aba58fcb24568bf35d22baca8c4,DELETE,regular-file,rtsgame_history/stage1_js/js/ui/modernUIManager.js,13755,
759ea03927a2fa4e671c735c0b3dd12280c67d43,DELETE,regular-file,rtsgame_history/stage1_js/js/ui/selectionManager.js,1599,
ca5e2b7c586140b6dd2fc3008ed79b18258366a7,DELETE,regular-file,rtsgame_history/stage1_js/js/ui/talentRenderers.js,17475,
3ce8fa61c15fbe3a7de59193dbb4f233d8c82aa0,DELETE,regular-file,rtsgame_history/stage1_js/js/ui/uiManager.js,1694,
eae2dd02fb2f2505d00fb2e46a1a5d92801cb740,DELETE,regular-file,rtsgame_history/stage1_js/js/utils/modelLoader.js,2523,
108e290c15fc1047f79d97dc1bef4239094865c9,DELETE,regular-file,rtsgame_history/stage1_js/scripts/convert-models.js,5787,
f01af774c9a5b952bd80d04bb82fa43517f8c966,DELETE,regular-file,rtsgame_history/stage1_js/scripts/preprocess-models.js,1878,
6e8013e3a33b53cdd0f886ecbf68865fb3dfdf6f,DELETE,regular-file,rtsgame_history/stage2_ts/js/ai/battleJournal.js,5333,
2a5858b47c436fa6846a86025bc75ba803cd2ef6,DELETE,regular-file,rtsgame_history/stage2_ts/js/ai/commandHierarchy.js,39920,
f0f605e40e841c9200e568638c9e9ecc1807227a,DELETE,regular-file,rtsgame_history/stage2_ts/js/ai/commandHierarchy.test.js,19819,
739771c15bd314681852de4226159ff0d8148eb1,DELETE,regular-file,rtsgame_history/stage2_ts/js/ai/strategicAI.js,31065,
b39c1d9d71a1050d2ce2baa507c4118728edfe7f,DELETE,regular-file,rtsgame_history/stage2_ts/js/ai/strategicAI.test.js,13253,
8da877193a789b6dfa06aa39b0abf1758f894f2a,DELETE,regular-file,rtsgame_history/stage2_ts/js/app.js,18484,
a262d020ad15a45441dfa7a4671f766e20892ffb,DELETE,regular-file,rtsgame_history/stage2_ts/js/config/buildingTypes.js,4525,
b68f051a9b1af79a00600e17e0ff99257bce4301,DELETE,regular-file,rtsgame_history/stage2_ts/js/config/gameConstants.js,3567,
6740f28c61f5cdbbe3432f264aea0296f7ef894d,DELETE,regular-file,rtsgame_history/stage2_ts/js/config/modelDefaults.js,4999,
b5eb4ac2383e1a46b4ac10a7bfce35e62f893720,DELETE,regular-file,rtsgame_history/stage2_ts/js/config/simulationConfig.js,2055,
d1cb8a4b66218f478f3fea141f8c9ccaac3dfad1,DELETE,regular-file,rtsgame_history/stage2_ts/js/config/terrainProperties.js,2905,
354900e21da321d1084d8a1fa5aa07bca6b833cb,DELETE,regular-file,rtsgame_history/stage2_ts/js/config/unitTypes.js,8630,
ea34654b174a52504053ba69123d33b2c9f444f5,DELETE,regular-file,rtsgame_history/stage2_ts/js/core/autonomousBehavior.js,12457,
f7f7bd8c3e0b57eef69a472bf4ec46c7253d15bf,DELETE,regular-file,rtsgame_history/stage2_ts/js/core/battleLogger.js,1360,
7d80ac344f253f0dbe0fae1406e87ad823a4fe6f,DELETE,regular-file,rtsgame_history/stage2_ts/js/core/battleReplay.js,16185,
6abd4b96d3b2584e7ae624d29e2d28ef17278118,DELETE,regular-file,rtsgame_history/stage2_ts/js/core/building.js,9243,
874da30d68b50bb2383c61be35b2e3cdc48a6ca4,DELETE,regular-file,rtsgame_history/stage2_ts/js/core/building.test.js,12897,
44204e3a66b2b3fe5433c6b83860eb414cffaabf,DELETE,regular-file,rtsgame_history/stage2_ts/js/core/command/authoritySystem.js,4532,
58cd4b2978099e0a9c912856cb1ad33f85308f71,DELETE,regular-file,rtsgame_history/stage2_ts/js/core/command/commandHierarchy.js,5408,
7f87fa82196df6af0cb52e6220092f528b3ecd3c,DELETE,regular-file,rtsgame_history/stage2_ts/js/core/command/index.js,142,
413148a584657a7124981a520c113fd054da59c8,DELETE,regular-file,rtsgame_history/stage2_ts/js/core/commands.js,4659,
8f9d0f870b72d624fedc48a12c3845e3c5e70ef8,DELETE,regular-file,rtsgame_history/stage2_ts/js/core/components/commandComponent.js,3794,
48f3d11e73478bbbac3b58070f4c2d72e4f3dcc8,DELETE,regular-file,rtsgame_history/stage2_ts/js/core/components/computroniumComponent.js,2702,
b6b5574c12ccaed01240e371ddb167b14ee80000,DELETE,regular-file,rtsgame_history/stage2_ts/js/core/components/healthComponent.js,1730,
7fc1375e7bb1b6103415e3a2bcb4612118e4d796,DELETE,regular-file,rtsgame_history/stage2_ts/js/core/components/identifierComponent.js,520,
b60e8fb0818628500fb0d2c6b7593bf4b541bad6,DELETE,regular-file,rtsgame_history/stage2_ts/js/core/components/index.js,451,
0b95c48b202a416ba18079e97964217ca10ec097,DELETE,regular-file,rtsgame_history/stage2_ts/js/core/components/positionComponent.js,1019,
af8fed73cb44b8d2b25e0d42136daee4f215ab47,DELETE,regular-file,rtsgame_history/stage2_ts/js/core/components/resourceComponent.js,3007,
0519ecba6ea913e21689ec692e81e9e4973fbf73,DELETE,regular-file,rtsgame_history/stage2_ts/js/core/components/shieldComponent.js,1,
842f1ff6cae0060641602b003a3ee7e44411b454,DELETE,regular-file,rtsgame_history/stage2_ts/js/core/components/weaponComponent.js,3885,
e955144ea25e0ea77bad3ca838e53c3c34e60b3a,DELETE,regular-file,rtsgame_history/stage2_ts/js/core/computroniumManager.js,14191,
d713a758e3522e3782ea7fc394cc4707815f4e9c,DELETE,regular-file,rtsgame_history/stage2_ts/js/core/deterministicRNG.js,9446,
8f409c1674196e017525284a45fc3d15ba41df7f,DELETE,regular-file,rtsgame_history/stage2_ts/js/core/enhancedCommandHierarchy.js,90814,
c9822fd349ee61c3c85617a2850f4ba53c0f0f31,DELETE,regular-file,rtsgame_history/stage2_ts/js/core/entities/caption.js,1305,
698dd3e93111a172708a7cfb066b44575e3800b7,DELETE,regular-file,rtsgame_history/stage2_ts/js/core/entities/effect.js,5648,
f92df11db04a12cae475beeb1ee068d1c9f7508b,DELETE,regular-file,rtsgame_history/stage2_ts/js/core/entities/index.js,173,
ddcf0191a7dee3c1380650a98f3309509108e025,DELETE,regular-file,rtsgame_history/stage2_ts/js/core/entities/projectile.js,4012,
3b595420ac51b437664e9edc516e7f63740633a5,DELETE,regular-file,rtsgame_history/stage2_ts/js/core/entityFactory.js,3378,
1fa9871a3fb41b45cd658c236af85cc1378c0287,DELETE,regular-file,rtsgame_history/stage2_ts/js/core/game.js,28164,
46e4de5106635a4f504a96e2c589d6720619e6a3,DELETE,regular-file,rtsgame_history/stage2_ts/js/core/gameContextManager.js,4768,
53800c19a690671566a2943bc57883710450c490,DELETE,regular-file,rtsgame_history/stage2_ts/js/core/gameEngine.js,10221,
1eed45b98c10c7c590269b0a7e7fd2da7b03475e,DELETE,regular-file,rtsgame_history/stage2_ts/js/core/gameInitializer.js,2603,
60cfe1fb241cf5d5d2e33ba72cf0f48619f039db,DELETE,regular-file,rtsgame_history/stage2_ts/js/core/gameState.js,2468,
ffe4c7647227c9a9b659d3e97a0d7f02c223457b,DELETE,regular-file,rtsgame_history/stage2_ts/js/core/main_simulation.js,27666,
4ed959ed0f67c79f3f149f24c633e778379ea94e,DELETE,regular-file,rtsgame_history/stage2_ts/js/core/optimization/index.js,145,
f83214bcb79811df72143d23f9dfd556e020c2b8,DELETE,regular-file,rtsgame_history/stage2_ts/js/core/optimization/performanceMonitor.js,1717,
0975e23d38ebcbfe1950f98c706fbe23fd3e4d33,DELETE,regular-file,rtsgame_history/stage2_ts/js/core/optimization/spatialIndex.js,5062,
3294f8ec0d7e40059ae71ef477a7eb59ba74e0c4,DELETE,regular-file,rtsgame_history/stage2_ts/js/core/progression/index.js,94,
5210e3924fa55b6b6011a089f469d2383d0d154d,DELETE,regular-file,rtsgame_history/stage2_ts/js/core/progression/progressionManager.js,3891,
b8dd0ec836eed79acd6ee05640d15f2a826063b9,DELETE,regular-file,rtsgame_history/stage2_ts/js/core/recordingUtils.js,3683,
b3c1f8e471ff0011e0e255054fe373b08d5eb4b2,DELETE,regular-file,rtsgame_history/stage2_ts/js/core/rendering/batchProcessor.js,5315,
c3e398bd78aa59e3407b48accf85375289f6a84a,DELETE,regular-file,rtsgame_history/stage2_ts/js/core/rendering/camera.js,2058,
5a039ce24f757b9a330a613465a9f966d90cd100,DELETE,regular-file,rtsgame_history/stage2_ts/js/core/rendering/index.js,230,
baa93c65f9f39b7d6acb4cc4d0d6e8f7c7148776,DELETE,regular-file,rtsgame_history/stage2_ts/js/core/rendering/modelManager.js,4901,
57a717c8feb948d257781b9ecadd919aa29971c9,DELETE,regular-file,rtsgame_history/stage2_ts/js/core/rendering/renderer.js,6789,
06a66c2c335ca611b99cbfc5a1917dd16cfd2e3a,DELETE,regular-file,rtsgame_history/stage2_ts/js/core/replay/battleJournal.js,29030,
8d5edcd2f069c1d03516420f8b22746f909272af,DELETE,regular-file,rtsgame_history/stage2_ts/js/core/replay/index.js,181,
ee60a5c32d1ea06e9cfad3a9b63f740cde4f14af,DELETE,regular-file,rtsgame_history/stage2_ts/js/core/replay/replayManager.js,2600,
697a107bcb1c6293cd3a1ffb94afb206262b7900,DELETE,regular-file,rtsgame_history/stage2_ts/js/core/replay/replayPlayer.js,3161,
9a50f91ec66103dbfa38513f0a5c0abc53e8b759,DELETE,regular-file,rtsgame_history/stage2_ts/js/core/resourceManager.js,11514,
6399308714a289771e27ba17497c26d321687480,DELETE,regular-file,rtsgame_history/stage2_ts/js/core/resources/index.js,56,
2357eea2f0ce590b47e9f4be1950afa549b2ab24,DELETE,regular-file,rtsgame_history/stage2_ts/js/core/resources/resourceManager.js,3824,
bf5efa03a9c67b39ad831cbf735f356dbec5ab48,DELETE,regular-file,rtsgame_history/stage2_ts/js/core/simulation.js,25793,
b30ef1ae64965e9cc035c08d0e87d15853ecf1db,DELETE,regular-file,rtsgame_history/stage2_ts/js/core/simulationManager.js,4367,
97dfc6ada61af8e7062491fead38fdf96ab42081,DELETE,regular-file,rtsgame_history/stage2_ts/js/core/stateManager.js,3559,
cea29ea6e1aa2bf58216a26a55264c093d3d84fb,DELETE,regular-file,rtsgame_history/stage2_ts/js/core/systems/breachUISystem.js,9637,
7fe6830a013b907f9862bea9056d6a93491bcd7a,DELETE,regular-file,rtsgame_history/stage2_ts/js/core/systems/breachVisualizationSystem.js,7840,
29dd63b90b2bd040a2cbb3fd7369b3c3ae0d3fa1,DELETE,regular-file,rtsgame_history/stage2_ts/js/core/systems/combatSystem.js,4336,
10702fd3f5ff674092202dd89fad2959db039315,DELETE,regular-file,rtsgame_history/stage2_ts/js/core/systems/commandAndControlSystem.js,118395,
b8dc8e0312e5dd3255372e346273ee7b17b37df9,DELETE,regular-file,rtsgame_history/stage2_ts/js/core/systems/computroniumSystem.js,7449,
611af0ce41cf9c606f747328ddfb6f38c0235d3f,DELETE,regular-file,rtsgame_history/stage2_ts/js/core/systems/index.js,610,
7707d31a10bee3e03f4a8a83021e8c4c298cd596,DELETE,regular-file,rtsgame_history/stage2_ts/js/core/systems/movementSystem.js,3518,
7ee6320ec87e8951990ad211b9c106c2f995246c,DELETE,regular-file,rtsgame_history/stage2_ts/js/core/systems/proofOfWorkSystem.js,17329,
c3d67afd6716cc5292ee0d4b344bbb674359ecdc,DELETE,regular-file,rtsgame_history/stage2_ts/js/core/systems/resourceSystem.js,5642,
ebdee46a8edb13f5591b7edd0792d5e8e23549b0,DELETE,regular-file,rtsgame_history/stage2_ts/js/core/systems/shieldSystem.js,5010,
e6e52e1ff7f62c42dccd221f25eef7839b7d634d,DELETE,regular-file,rtsgame_history/stage2_ts/js/core/systems/weaponSystem.js,6051,
62eeca5a7788bfa0a158260955ccfec54c9973c1,DELETE,regular-file,rtsgame_history/stage2_ts/js/core/terrain.js,13278,
c22c89d3a0f2d0dff3a9a6142966d2a3ed97d1ba,DELETE,regular-file,rtsgame_history/stage2_ts/js/core/terrainManager.js,10955,
1cdfc30ce16652302d323b771b944f58dc30726b,DELETE,regular-file,rtsgame_history/stage2_ts/js/core/trikeshedEntityManager.js,12251,
069abfb6a39bca350f6ca4da8067840dcf6b44ec,DELETE,regular-file,rtsgame_history/stage2_ts/js/core/unit.energy.test.js,21858,
a2a6d07c1e54e855ef0d346d36498c4922322356,DELETE,regular-file,rtsgame_history/stage2_ts/js/core/unit.js,51650,
fde3a9109c58e0804af803efcca7733ba00e3491,DELETE,regular-file,rtsgame_history/stage2_ts/js/core/unit.test.js,27158,
7fb05403cbd9f3d5e49e1d0112bf41960be05c91,DELETE,regular-file,rtsgame_history/stage2_ts/js/core/unitProgression.js,9992,
021ae2d305b88637d01dd1be0e9acbc0b5c3933e,DELETE,regular-file,rtsgame_history/stage2_ts/js/demos/headless-node.js,13227,
83872775b25365527bb24888273dc56d47fcefd9,DELETE,regular-file,rtsgame_history/stage2_ts/js/demos/headless.js,11223,
ada0c1caf1c7d2e5cc44a685e5b3106b52976f20,DELETE,regular-file,rtsgame_history/stage2_ts/js/demos/replay-demo.js,14420,
6e55b26c5d1817804528dfc926a74b4375eeae48,DELETE,regular-file,rtsgame_history/stage2_ts/js/demos/replay-headless.js,5238,
adc2dbef417b2d513d356f4e8f2219058f9cc9a4,DELETE,regular-file,rtsgame_history/stage2_ts/js/demos/run-10-second-match.js,2630,
2be1696a95373bb4214366ece581d5fa6d967f1e,DELETE,regular-file,rtsgame_history/stage2_ts/js/demos/simple-10-second-match.js,5117,
ef45e4131615e882d19211841feed6e59f3068d0,DELETE,regular-file,rtsgame_history/stage2_ts/js/input/inputHandler.js,20873,
eb82017977698b2261cd36937656c672c5a9c9ee,DELETE,regular-file,rtsgame_history/stage2_ts/js/input/inputManager.js,6250,
c70d0e8d580ef228d65f9399a595dc65a96517d3,DELETE,regular-file,rtsgame_history/stage2_ts/js/input/supcomCamera.js,16198,
6baa94d7d8e43fdbb61dcea6358b39d61a78d994,DELETE,regular-file,rtsgame_history/stage2_ts/js/lib/spacegraph/spacegraph.js,80127,
ccf46899f8a040caa146e9623c560c45f15e846b,DELETE,regular-file,rtsgame_history/stage2_ts/js/main.js,25821,
9036c411e3760e8f8dcaf336f86d767c74fe290b,DELETE,regular-file,rtsgame_history/stage2_ts/js/pathfinding/astar.js,6080,
6d2556243c7c31957308dfc5f46e61add7240247,DELETE,regular-file,rtsgame_history/stage2_ts/js/rendering/renderer.js,11221,
66eaf2d1bc1174818ddcc29cace49f71d40b2663,DELETE,regular-file,rtsgame_history/stage2_ts/js/rendering/threeRenderer.js,38676,
49f5a8cc48a5a3664333c36525052f23543cfa2f,DELETE,regular-file,rtsgame_history/stage2_ts/js/rendering/ui.js,14356,
ad90755911f250a5aa490981750566d9b162b6c4,DELETE,regular-file,rtsgame_history/stage2_ts/js/rendering/webglRenderer.js,47066,
fc9477371fa70fbf0cf93b7d26e3b5bee1b6d462,DELETE,regular-file,rtsgame_history/stage2_ts/js/rendering/webgl_2d_renderer.js,6052,
e825cd403c1a257fc73a54ad804e55108db22b6e,DELETE,regular-file,rtsgame_history/stage2_ts/js/rendering/webgl_simulation.js,5792,
fcaae926dc310fac5e1836a3ba5ab83bbe0530b4,DELETE,regular-file,rtsgame_history/stage2_ts/js/server.js,668,
4c78667cbefcbe1e0bf87854f61eb74cb915d006,DELETE,regular-file,rtsgame_history/stage2_ts/js/terrain-generators/index.js,156,
df9b630e1fca8e3919a4072f9a025c7363c3ae5c,DELETE,regular-file,rtsgame_history/stage2_ts/js/terrain-generators/islandGenerator.js,4558,
6fb7ef1504a2831413574d9d3337023b036836f4,DELETE,regular-file,rtsgame_history/stage2_ts/js/terrain-generators/perlinNoiseGenerator.js,10077,
4eee3f6827c8b746bc670cd124c4c839b29c7692,DELETE,regular-file,rtsgame_history/stage2_ts/js/tests/cache-stratified-test.js,8823,
02eea4296dc8d4c4b45505a7f60fae4ea4a5e8ce,DELETE,regular-file,rtsgame_history/stage2_ts/js/tests/quick-test.js,8875,
1bc65edced9a1a90eb5e30959d8c07aa406c66aa,DELETE,regular-file,rtsgame_history/stage2_ts/js/tests/scenario-tester.js,15895,
8d0921f8da99a8d40e7fa6cd6e3d3625342c161b,DELETE,regular-file,rtsgame_history/stage2_ts/js/tests/test-enhanced-headless.js,24016,
d50136b7e72a2448f1aba7d6abe6d5354ee67125,DELETE,regular-file,rtsgame_history/stage2_ts/js/tools/bake-off.js,7573,
1df4b44bf5029a76bb9a5e407b2217b9d137debe,DELETE,regular-file,rtsgame_history/stage2_ts/js/tools/battle-simulator.js,21360,
7166eaf11c047713fc915a76f3bd73b1a5fcea45,DELETE,regular-file,rtsgame_history/stage2_ts/js/tools/build-closure.js,4396,
d5fbee3ecd94dc951ef32a7f360096cda92cbe99,DELETE,regular-file,rtsgame_history/stage2_ts/js/tools/build-webpack.js,2179,
71a9ded611e21458adaad826c4d90c403f737e47,DELETE,regular-file,rtsgame_history/stage2_ts/js/ui/borderLayout.js,20238,
aa085e4acac8a68283a41221ad0847949884e67e,DELETE,regular-file,rtsgame_history/stage2_ts/js/ui/commandStatusRenderer.js,14989,
8496959806e9c394f95a47526fde2e435656fa3a,DELETE,regular-file,rtsgame_history/stage2_ts/js/ui/minimap_canvas2d.js,4644,
cc59214fd6dd9aba58fcb24568bf35d22baca8c4,DELETE,regular-file,rtsgame_history/stage2_ts/js/ui/modernUIManager.js,13755,
759ea03927a2fa4e671c735c0b3dd12280c67d43,DELETE,regular-file,rtsgame_history/stage2_ts/js/ui/selectionManager.js,1599,
ca5e2b7c586140b6dd2fc3008ed79b18258366a7,DELETE,regular-file,rtsgame_history/stage2_ts/js/ui/talentRenderers.js,17475,
3ce8fa61c15fbe3a7de59193dbb4f233d8c82aa0,DELETE,regular-file,rtsgame_history/stage2_ts/js/ui/uiManager.js,1694,
eae2dd02fb2f2505d00fb2e46a1a5d92801cb740,DELETE,regular-file,rtsgame_history/stage2_ts/js/utils/modelLoader.js,2523,
108e290c15fc1047f79d97dc1bef4239094865c9,DELETE,regular-file,rtsgame_history/stage2_ts/scripts/convert-models.js,5787,
f01af774c9a5b952bd80d04bb82fa43517f8c966,DELETE,regular-file,rtsgame_history/stage2_ts/scripts/preprocess-models.js,1878,
6e8013e3a33b53cdd0f886ecbf68865fb3dfdf6f,DELETE,regular-file,rtsgame_history/stage3_kmp/js/ai/battleJournal.js,5333,
2a5858b47c436fa6846a86025bc75ba803cd2ef6,DELETE,regular-file,rtsgame_history/stage3_kmp/js/ai/commandHierarchy.js,39920,
f0f605e40e841c9200e568638c9e9ecc1807227a,DELETE,regular-file,rtsgame_history/stage3_kmp/js/ai/commandHierarchy.test.js,19819,
739771c15bd314681852de4226159ff0d8148eb1,DELETE,regular-file,rtsgame_history/stage3_kmp/js/ai/strategicAI.js,31065,
b39c1d9d71a1050d2ce2baa507c4118728edfe7f,DELETE,regular-file,rtsgame_history/stage3_kmp/js/ai/strategicAI.test.js,13253,
8da877193a789b6dfa06aa39b0abf1758f894f2a,DELETE,regular-file,rtsgame_history/stage3_kmp/js/app.js,18484,
a262d020ad15a45441dfa7a4671f766e20892ffb,DELETE,regular-file,rtsgame_history/stage3_kmp/js/config/buildingTypes.js,4525,
b68f051a9b1af79a00600e17e0ff99257bce4301,DELETE,regular-file,rtsgame_history/stage3_kmp/js/config/gameConstants.js,3567,
6740f28c61f5cdbbe3432f264aea0296f7ef894d,DELETE,regular-file,rtsgame_history/stage3_kmp/js/config/modelDefaults.js,4999,
b5eb4ac2383e1a46b4ac10a7bfce35e62f893720,DELETE,regular-file,rtsgame_history/stage3_kmp/js/config/simulationConfig.js,2055,
d1cb8a4b66218f478f3fea141f8c9ccaac3dfad1,DELETE,regular-file,rtsgame_history/stage3_kmp/js/config/terrainProperties.js,2905,
354900e21da321d1084d8a1fa5aa07bca6b833cb,DELETE,regular-file,rtsgame_history/stage3_kmp/js/config/unitTypes.js,8630,
ea34654b174a52504053ba69123d33b2c9f444f5,DELETE,regular-file,rtsgame_history/stage3_kmp/js/core/autonomousBehavior.js,12457,
f7f7bd8c3e0b57eef69a472bf4ec46c7253d15bf,DELETE,regular-file,rtsgame_history/stage3_kmp/js/core/battleLogger.js,1360,
7d80ac344f253f0dbe0fae1406e87ad823a4fe6f,DELETE,regular-file,rtsgame_history/stage3_kmp/js/core/battleReplay.js,16185,
6abd4b96d3b2584e7ae624d29e2d28ef17278118,DELETE,regular-file,rtsgame_history/stage3_kmp/js/core/building.js,9243,
874da30d68b50bb2383c61be35b2e3cdc48a6ca4,DELETE,regular-file,rtsgame_history/stage3_kmp/js/core/building.test.js,12897,
44204e3a66b2b3fe5433c6b83860eb414cffaabf,DELETE,regular-file,rtsgame_history/stage3_kmp/js/core/command/authoritySystem.js,4532,
58cd4b2978099e0a9c912856cb1ad33f85308f71,DELETE,regular-file,rtsgame_history/stage3_kmp/js/core/command/commandHierarchy.js,5408,
7f87fa82196df6af0cb52e6220092f528b3ecd3c,DELETE,regular-file,rtsgame_history/stage3_kmp/js/core/command/index.js,142,
413148a584657a7124981a520c113fd054da59c8,DELETE,regular-file,rtsgame_history/stage3_kmp/js/core/commands.js,4659,
8f9d0f870b72d624fedc48a12c3845e3c5e70ef8,DELETE,regular-file,rtsgame_history/stage3_kmp/js/core/components/commandComponent.js,3794,
48f3d11e73478bbbac3b58070f4c2d72e4f3dcc8,DELETE,regular-file,rtsgame_history/stage3_kmp/js/core/components/computroniumComponent.js,2702,
b6b5574c12ccaed01240e371ddb167b14ee80000,DELETE,regular-file,rtsgame_history/stage3_kmp/js/core/components/healthComponent.js,1730,
7fc1375e7bb1b6103415e3a2bcb4612118e4d796,DELETE,regular-file,rtsgame_history/stage3_kmp/js/core/components/identifierComponent.js,520,
b60e8fb0818628500fb0d2c6b7593bf4b541bad6,DELETE,regular-file,rtsgame_history/stage3_kmp/js/core/components/index.js,451,
0b95c48b202a416ba18079e97964217ca10ec097,DELETE,regular-file,rtsgame_history/stage3_kmp/js/core/components/positionComponent.js,1019,
af8fed73cb44b8d2b25e0d42136daee4f215ab47,DELETE,regular-file,rtsgame_history/stage3_kmp/js/core/components/resourceComponent.js,3007,
0519ecba6ea913e21689ec692e81e9e4973fbf73,DELETE,regular-file,rtsgame_history/stage3_kmp/js/core/components/shieldComponent.js,1,
842f1ff6cae0060641602b003a3ee7e44411b454,DELETE,regular-file,rtsgame_history/stage3_kmp/js/core/components/weaponComponent.js,3885,
e955144ea25e0ea77bad3ca838e53c3c34e60b3a,DELETE,regular-file,rtsgame_history/stage3_kmp/js/core/computroniumManager.js,14191,
d713a758e3522e3782ea7fc394cc4707815f4e9c,DELETE,regular-file,rtsgame_history/stage3_kmp/js/core/deterministicRNG.js,9446,
8f409c1674196e017525284a45fc3d15ba41df7f,DELETE,regular-file,rtsgame_history/stage3_kmp/js/core/enhancedCommandHierarchy.js,90814,
c9822fd349ee61c3c85617a2850f4ba53c0f0f31,DELETE,regular-file,rtsgame_history/stage3_kmp/js/core/entities/caption.js,1305,
698dd3e93111a172708a7cfb066b44575e3800b7,DELETE,regular-file,rtsgame_history/stage3_kmp/js/core/entities/effect.js,5648,
f92df11db04a12cae475beeb1ee068d1c9f7508b,DELETE,regular-file,rtsgame_history/stage3_kmp/js/core/entities/index.js,173,
ddcf0191a7dee3c1380650a98f3309509108e025,DELETE,regular-file,rtsgame_history/stage3_kmp/js/core/entities/projectile.js,4012,
3b595420ac51b437664e9edc516e7f63740633a5,DELETE,regular-file,rtsgame_history/stage3_kmp/js/core/entityFactory.js,3378,
1fa9871a3fb41b45cd658c236af85cc1378c0287,DELETE,regular-file,rtsgame_history/stage3_kmp/js/core/game.js,28164,
46e4de5106635a4f504a96e2c589d6720619e6a3,DELETE,regular-file,rtsgame_history/stage3_kmp/js/core/gameContextManager.js,4768,
53800c19a690671566a2943bc57883710450c490,DELETE,regular-file,rtsgame_history/stage3_kmp/js/core/gameEngine.js,10221,
1eed45b98c10c7c590269b0a7e7fd2da7b03475e,DELETE,regular-file,rtsgame_history/stage3_kmp/js/core/gameInitializer.js,2603,
60cfe1fb241cf5d5d2e33ba72cf0f48619f039db,DELETE,regular-file,rtsgame_history/stage3_kmp/js/core/gameState.js,2468,
ffe4c7647227c9a9b659d3e97a0d7f02c223457b,DELETE,regular-file,rtsgame_history/stage3_kmp/js/core/main_simulation.js,27666,
4ed959ed0f67c79f3f149f24c633e778379ea94e,DELETE,regular-file,rtsgame_history/stage3_kmp/js/core/optimization/index.js,145,
f83214bcb79811df72143d23f9dfd556e020c2b8,DELETE,regular-file,rtsgame_history/stage3_kmp/js/core/optimization/performanceMonitor.js,1717,
0975e23d38ebcbfe1950f98c706fbe23fd3e4d33,DELETE,regular-file,rtsgame_history/stage3_kmp/js/core/optimization/spatialIndex.js,5062,
3294f8ec0d7e40059ae71ef477a7eb59ba74e0c4,DELETE,regular-file,rtsgame_history/stage3_kmp/js/core/progression/index.js,94,
5210e3924fa55b6b6011a089f469d2383d0d154d,DELETE,regular-file,rtsgame_history/stage3_kmp/js/core/progression/progressionManager.js,3891,
b8dd0ec836eed79acd6ee05640d15f2a826063b9,DELETE,regular-file,rtsgame_history/stage3_kmp/js/core/recordingUtils.js,3683,
b3c1f8e471ff0011e0e255054fe373b08d5eb4b2,DELETE,regular-file,rtsgame_history/stage3_kmp/js/core/rendering/batchProcessor.js,5315,
c3e398bd78aa59e3407b48accf85375289f6a84a,DELETE,regular-file,rtsgame_history/stage3_kmp/js/core/rendering/camera.js,2058,
5a039ce24f757b9a330a613465a9f966d90cd100,DELETE,regular-file,rtsgame_history/stage3_kmp/js/core/rendering/index.js,230,
baa93c65f9f39b7d6acb4cc4d0d6e8f7c7148776,DELETE,regular-file,rtsgame_history/stage3_kmp/js/core/rendering/modelManager.js,4901,
57a717c8feb948d257781b9ecadd919aa29971c9,DELETE,regular-file,rtsgame_history/stage3_kmp/js/core/rendering/renderer.js,6789,
06a66c2c335ca611b99cbfc5a1917dd16cfd2e3a,DELETE,regular-file,rtsgame_history/stage3_kmp/js/core/replay/battleJournal.js,29030,
8d5edcd2f069c1d03516420f8b22746f909272af,DELETE,regular-file,rtsgame_history/stage3_kmp/js/core/replay/index.js,181,
ee60a5c32d1ea06e9cfad3a9b63f740cde4f14af,DELETE,regular-file,rtsgame_history/stage3_kmp/js/core/replay/replayManager.js,2600,
697a107bcb1c6293cd3a1ffb94afb206262b7900,DELETE,regular-file,rtsgame_history/stage3_kmp/js/core/replay/replayPlayer.js,3161,
9a50f91ec66103dbfa38513f0a5c0abc53e8b759,DELETE,regular-file,rtsgame_history/stage3_kmp/js/core/resourceManager.js,11514,
6399308714a289771e27ba17497c26d321687480,DELETE,regular-file,rtsgame_history/stage3_kmp/js/core/resources/index.js,56,
2357eea2f0ce590b47e9f4be1950afa549b2ab24,DELETE,regular-file,rtsgame_history/stage3_kmp/js/core/resources/resourceManager.js,3824,
bf5efa03a9c67b39ad831cbf735f356dbec5ab48,DELETE,regular-file,rtsgame_history/stage3_kmp/js/core/simulation.js,25793,
b30ef1ae64965e9cc035c08d0e87d15853ecf1db,DELETE,regular-file,rtsgame_history/stage3_kmp/js/core/simulationManager.js,4367,
97dfc6ada61af8e7062491fead38fdf96ab42081,DELETE,regular-file,rtsgame_history/stage3_kmp/js/core/stateManager.js,3559,
cea29ea6e1aa2bf58216a26a55264c093d3d84fb,DELETE,regular-file,rtsgame_history/stage3_kmp/js/core/systems/breachUISystem.js,9637,
7fe6830a013b907f9862bea9056d6a93491bcd7a,DELETE,regular-file,rtsgame_history/stage3_kmp/js/core/systems/breachVisualizationSystem.js,7840,
29dd63b90b2bd040a2cbb3fd7369b3c3ae0d3fa1,DELETE,regular-file,rtsgame_history/stage3_kmp/js/core/systems/combatSystem.js,4336,
10702fd3f5ff674092202dd89fad2959db039315,DELETE,regular-file,rtsgame_history/stage3_kmp/js/core/systems/commandAndControlSystem.js,118395,
b8dc8e0312e5dd3255372e346273ee7b17b37df9,DELETE,regular-file,rtsgame_history/stage3_kmp/js/core/systems/computroniumSystem.js,7449,
611af0ce41cf9c606f747328ddfb6f38c0235d3f,DELETE,regular-file,rtsgame_history/stage3_kmp/js/core/systems/index.js,610,
7707d31a10bee3e03f4a8a83021e8c4c298cd596,DELETE,regular-file,rtsgame_history/stage3_kmp/js/core/systems/movementSystem.js,3518,
7ee6320ec87e8951990ad211b9c106c2f995246c,DELETE,regular-file,rtsgame_history/stage3_kmp/js/core/systems/proofOfWorkSystem.js,17329,
c3d67afd6716cc5292ee0d4b344bbb674359ecdc,DELETE,regular-file,rtsgame_history/stage3_kmp/js/core/systems/resourceSystem.js,5642,
ebdee46a8edb13f5591b7edd0792d5e8e23549b0,DELETE,regular-file,rtsgame_history/stage3_kmp/js/core/systems/shieldSystem.js,5010,
e6e52e1ff7f62c42dccd221f25eef7839b7d634d,DELETE,regular-file,rtsgame_history/stage3_kmp/js/core/systems/weaponSystem.js,6051,
62eeca5a7788bfa0a158260955ccfec54c9973c1,DELETE,regular-file,rtsgame_history/stage3_kmp/js/core/terrain.js,13278,
c22c89d3a0f2d0dff3a9a6142966d2a3ed97d1ba,DELETE,regular-file,rtsgame_history/stage3_kmp/js/core/terrainManager.js,10955,
1cdfc30ce16652302d323b771b944f58dc30726b,DELETE,regular-file,rtsgame_history/stage3_kmp/js/core/trikeshedEntityManager.js,12251,
069abfb6a39bca350f6ca4da8067840dcf6b44ec,DELETE,regular-file,rtsgame_history/stage3_kmp/js/core/unit.energy.test.js,21858,
a2a6d07c1e54e855ef0d346d36498c4922322356,DELETE,regular-file,rtsgame_history/stage3_kmp/js/core/unit.js,51650,
fde3a9109c58e0804af803efcca7733ba00e3491,DELETE,regular-file,rtsgame_history/stage3_kmp/js/core/unit.test.js,27158,
7fb05403cbd9f3d5e49e1d0112bf41960be05c91,DELETE,regular-file,rtsgame_history/stage3_kmp/js/core/unitProgression.js,9992,
021ae2d305b88637d01dd1be0e9acbc0b5c3933e,DELETE,regular-file,rtsgame_history/stage3_kmp/js/demos/headless-node.js,13227,
83872775b25365527bb24888273dc56d47fcefd9,DELETE,regular-file,rtsgame_history/stage3_kmp/js/demos/headless.js,11223,
ada0c1caf1c7d2e5cc44a685e5b3106b52976f20,DELETE,regular-file,rtsgame_history/stage3_kmp/js/demos/replay-demo.js,14420,
6e55b26c5d1817804528dfc926a74b4375eeae48,DELETE,regular-file,rtsgame_history/stage3_kmp/js/demos/replay-headless.js,5238,
adc2dbef417b2d513d356f4e8f2219058f9cc9a4,DELETE,regular-file,rtsgame_history/stage3_kmp/js/demos/run-10-second-match.js,2630,
2be1696a95373bb4214366ece581d5fa6d967f1e,DELETE,regular-file,rtsgame_history/stage3_kmp/js/demos/simple-10-second-match.js,5117,
ef45e4131615e882d19211841feed6e59f3068d0,DELETE,regular-file,rtsgame_history/stage3_kmp/js/input/inputHandler.js,20873,
eb82017977698b2261cd36937656c672c5a9c9ee,DELETE,regular-file,rtsgame_history/stage3_kmp/js/input/inputManager.js,6250,
c70d0e8d580ef228d65f9399a595dc65a96517d3,DELETE,regular-file,rtsgame_history/stage3_kmp/js/input/supcomCamera.js,16198,
6baa94d7d8e43fdbb61dcea6358b39d61a78d994,DELETE,regular-file,rtsgame_history/stage3_kmp/js/lib/spacegraph/spacegraph.js,80127,
ccf46899f8a040caa146e9623c560c45f15e846b,DELETE,regular-file,rtsgame_history/stage3_kmp/js/main.js,25821,
9036c411e3760e8f8dcaf336f86d767c74fe290b,DELETE,regular-file,rtsgame_history/stage3_kmp/js/pathfinding/astar.js,6080,
6d2556243c7c31957308dfc5f46e61add7240247,DELETE,regular-file,rtsgame_history/stage3_kmp/js/rendering/renderer.js,11221,
66eaf2d1bc1174818ddcc29cace49f71d40b2663,DELETE,regular-file,rtsgame_history/stage3_kmp/js/rendering/threeRenderer.js,38676,
49f5a8cc48a5a3664333c36525052f23543cfa2f,DELETE,regular-file,rtsgame_history/stage3_kmp/js/rendering/ui.js,14356,
ad90755911f250a5aa490981750566d9b162b6c4,DELETE,regular-file,rtsgame_history/stage3_kmp/js/rendering/webglRenderer.js,47066,
fc9477371fa70fbf0cf93b7d26e3b5bee1b6d462,DELETE,regular-file,rtsgame_history/stage3_kmp/js/rendering/webgl_2d_renderer.js,6052,
e825cd403c1a257fc73a54ad804e55108db22b6e,DELETE,regular-file,rtsgame_history/stage3_kmp/js/rendering/webgl_simulation.js,5792,
fcaae926dc310fac5e1836a3ba5ab83bbe0530b4,DELETE,regular-file,rtsgame_history/stage3_kmp/js/server.js,668,
4c78667cbefcbe1e0bf87854f61eb74cb915d006,DELETE,regular-file,rtsgame_history/stage3_kmp/js/terrain-generators/index.js,156,
df9b630e1fca8e3919a4072f9a025c7363c3ae5c,DELETE,regular-file,rtsgame_history/stage3_kmp/js/terrain-generators/islandGenerator.js,4558,
6fb7ef1504a2831413574d9d3337023b036836f4,DELETE,regular-file,rtsgame_history/stage3_kmp/js/terrain-generators/perlinNoiseGenerator.js,10077,
4eee3f6827c8b746bc670cd124c4c839b29c7692,DELETE,regular-file,rtsgame_history/stage3_kmp/js/tests/cache-stratified-test.js,8823,
02eea4296dc8d4c4b45505a7f60fae4ea4a5e8ce,DELETE,regular-file,rtsgame_history/stage3_kmp/js/tests/quick-test.js,8875,
1bc65edced9a1a90eb5e30959d8c07aa406c66aa,DELETE,regular-file,rtsgame_history/stage3_kmp/js/tests/scenario-tester.js,15895,
8d0921f8da99a8d40e7fa6cd6e3d3625342c161b,DELETE,regular-file,rtsgame_history/stage3_kmp/js/tests/test-enhanced-headless.js,24016,
d50136b7e72a2448f1aba7d6abe6d5354ee67125,DELETE,regular-file,rtsgame_history/stage3_kmp/js/tools/bake-off.js,7573,
1df4b44bf5029a76bb9a5e407b2217b9d137debe,DELETE,regular-file,rtsgame_history/stage3_kmp/js/tools/battle-simulator.js,21360,
7166eaf11c047713fc915a76f3bd73b1a5fcea45,DELETE,regular-file,rtsgame_history/stage3_kmp/js/tools/build-closure.js,4396,
d5fbee3ecd94dc951ef32a7f360096cda92cbe99,DELETE,regular-file,rtsgame_history/stage3_kmp/js/tools/build-webpack.js,2179,
71a9ded611e21458adaad826c4d90c403f737e47,DELETE,regular-file,rtsgame_history/stage3_kmp/js/ui/borderLayout.js,20238,
aa085e4acac8a68283a41221ad0847949884e67e,DELETE,regular-file,rtsgame_history/stage3_kmp/js/ui/commandStatusRenderer.js,14989,
8496959806e9c394f95a47526fde2e435656fa3a,DELETE,regular-file,rtsgame_history/stage3_kmp/js/ui/minimap_canvas2d.js,4644,
cc59214fd6dd9aba58fcb24568bf35d22baca8c4,DELETE,regular-file,rtsgame_history/stage3_kmp/js/ui/modernUIManager.js,13755,
759ea03927a2fa4e671c735c0b3dd12280c67d43,DELETE,regular-file,rtsgame_history/stage3_kmp/js/ui/selectionManager.js,1599,
ca5e2b7c586140b6dd2fc3008ed79b18258366a7,DELETE,regular-file,rtsgame_history/stage3_kmp/js/ui/talentRenderers.js,17475,
3ce8fa61c15fbe3a7de59193dbb4f233d8c82aa0,DELETE,regular-file,rtsgame_history/stage3_kmp/js/ui/uiManager.js,1694,
eae2dd02fb2f2505d00fb2e46a1a5d92801cb740,DELETE,regular-file,rtsgame_history/stage3_kmp/js/utils/modelLoader.js,2523,
108e290c15fc1047f79d97dc1bef4239094865c9,DELETE,regular-file,rtsgame_history/stage3_kmp/scripts/convert-models.js,5787,
f01af774c9a5b952bd80d04bb82fa43517f8c966,DELETE,regular-file,rtsgame_history/stage3_kmp/scripts/preprocess-models.js,1878,
